<?xml version="1.0" encoding="utf-8"?>
<COLLADA xmlns:xsi="http://www.w3.org/2001/XMLSchema-instance" xmlns:xsd="http://www.w3.org/2001/XMLSchema" version="1.4.1" xmlns="http://www.collada.org/2005/11/COLLADASchema">
    <asset>
        <created>2022-05-16T21:15:49.4204849-07:00</created>
        <modified>2022-05-16T21:15:49.422796-07:00</modified>
        <unit name="Meter" />
        <contributor>
            <authoring_tool>IONET Exporter</authoring_tool>
        </contributor>
    </asset>
    <library_images>
        <image id="-image_12" name="">
            <init_from />
        </image>
    </library_images>
    <library_materials>
        <material id="shader_transition01" name="shader_transition01">
            <instance_effect url="#shader_transition01-effect" />
        </material>
    </library_materials>
    <library_effects>
        <effect id="shader_transition01-effect" name="shader_transition01">
            <profile_COMMON>
                <newparam sid="-image_12_surface">
                    <surface type="2D">
                        <init_from>-image_12</init_from>
                    </surface>
                </newparam>
                <newparam sid="-image_12_sampler">
                    <sampler2D>
                        <source>-image_12_surface</source>
                    </sampler2D>
                </newparam>
                <technique sid="standard">
                    <phong>
                        <emission>
                            <color sid="emission">0 0 0 1</color>
                        </emission>
                        <ambient>
                            <color sid="ambient">0.2 0.2 0.2 1</color>
                        </ambient>
                        <diffuse>
                            <color sid="diffuse">1 1 1 1</color>
                            <texture texture="-image_12_sampler" texcoord="CHANNEL0" />
                        </diffuse>
                        <specular>
                            <color sid="specular">0.2 0.2 0.2 1</color>
                        </specular>
                        <reflective>
                            <color sid="reflective">1 1 1 1</color>
                        </reflective>
                        <shininess>
                            <float sid="shininess">20</float>
                        </shininess>
                        <reflectivity>
                            <float sid="reflectivity">1</float>
                        </reflectivity>
                        <transparency>
                            <float sid="transparency">1</float>
                        </transparency>
                    </phong>
                </technique>
            </profile_COMMON>
        </effect>
    </library_effects>
    <library_geometries>
        <geometry id="main_ringShape-geometry" name="main_ringShape">
            <mesh>
                <source id="main_ringShape-geometry-POSITION">
                    <float_array id="main_ringShape-geometry-POSITION-array" count="10677">11.8056 -24.2152 36.0973 9.97671 -20.6916 36.7812 11.8056 -24.9094 39.6745 9.97671 -21.3858 40.3583 7.12821 -17.8953 37.3239 7.12821 -18.5895 40.901 3.53889 -16.0999 37.6724 3.53889 -16.7942 41.2495 -0.439897 -15.4813 37.7924 -0.439897 -16.1755 41.3695 -4.41869 -16.0999 37.6724 -4.41869 -16.7942 41.2495 -8.008 -17.8953 37.3239 -8.008 -18.5895 40.901 -10.8565 -20.6916 36.7812 -10.8565 -21.3859 40.3583 -12.6853 -24.2152 36.0973 -12.6853 -24.9094 39.6745 -13.3155 -28.1211 35.3393 -13.3155 -28.8153 38.9164 -13.3155 -28.1211 35.3393 -12.6853 -32.027 34.5812 -13.3155 -28.8153 38.9164 -12.6853 -32.7212 38.1583 -10.8565 -35.5505 33.8974 -10.8565 -36.2448 37.4745 -8.008 -38.3469 33.3547 -8.008 -39.0411 36.9318 -4.41868 -40.1422 33.0062 -4.41868 -40.8365 36.5833 -0.439897 -40.7608 32.8862 -0.439897 -41.4551 36.4633 3.53889 -40.1422 33.0062 3.53889 -40.8365 36.5833 7.1282 -38.3469 33.3547 7.1282 -39.0411 36.9318 9.9767 -35.5505 33.8974 9.9767 -36.2448 37.4745 11.8055 -32.027 34.5812 11.8055 -32.7212 38.1583 12.4357 -28.1211 35.3393 12.4357 -28.8153 38.9164 12.4357 -28.1211 35.3393 12.4357 -28.8153 38.9164 -13.3155 -28.8153 38.9164 -12.6853 -32.7212 38.1583 12.4357 -28.8153 38.9164 11.8055 -32.7212 38.1583 -12.6853 -24.9094 39.6745 11.8056 -24.9094 39.6745 -10.8565 -21.3859 40.3583 9.97671 -21.3858 40.3583 -8.008 -18.5895 40.901 7.12821 -18.5895 40.901 -4.41869 -16.7942 41.2495 3.53889 -16.7942 41.2495 -0.439897 -16.1755 41.3695 9.9767 -36.2448 37.4745 -10.8565 -36.2448 37.4745 7.1282 -39.0411 36.9318 -8.008 -39.0411 36.9318 3.53889 -40.8365 36.5833 -4.41868 -40.8365 36.5833 -0.439897 -41.4551 36.4633 24.7868 -1.52953 -18.0087 24.7868 0.513008 -18.0087 29.9686 -1.52953 -6.37003 29.9686 0.513008 -6.37003 20.5009 -1.52953 -22.7686 20.5009 0.513008 -22.7686 15.3191 -1.52953 -26.5334 15.3191 0.513008 -26.5334 9.46772 -1.52953 -29.1386 9.46772 0.513008 -29.1386 3.20256 -1.52953 -30.4703 3.20256 0.513008 -30.4703 -9.4677 0.513008 -29.1386 -3.20255 -1.52953 -30.4703 -15.3191 0.513008 -26.5334 -15.3191 -1.52953 -26.5334 -24.7868 -1.52953 -18.0087 -24.7868 0.513008 -18.0087 -27.9893 -1.52953 -12.4617 -27.9893 0.513008 -12.4617 -30.6381 -1.52953 0 -30.6381 0.513008 0 -27.9893 -1.52953 12.4617 -27.9893 0.513008 12.4617 -30.6381 -1.52953 0 -30.6381 0.513008 0 -24.7868 -1.52953 18.0086 -24.7868 0.513008 18.0086 -15.3191 -1.52953 26.5334 -20.5009 0.513008 22.7686 -15.3191 0.513008 26.5334 -3.20256 -1.52953 30.4703 -9.46771 0.513008 29.1386 3.20256 -1.52953 30.4703 3.20256 0.513008 30.4703 9.4677 -1.52953 29.1386 9.4677 0.513008 29.1386 20.5009 -1.52953 22.7686 20.5009 0.513008 22.7686 24.7868 -1.52953 18.0086 24.7868 0.513008 18.0086 27.9893 -1.52953 12.4616 27.9893 0.513008 12.4616 29.9686 -1.52953 -6.37003 29.9686 0.513008 -6.37003 -27.9893 0.513008 12.4617 -24.7868 0.513008 18.0086 -20.5009 0.513008 22.7686 -15.3191 0.513008 26.5334 -9.46771 0.513008 29.1386 3.20256 0.513008 30.4703 9.4677 0.513008 29.1386 20.5009 0.513008 22.7686 24.7868 0.513008 18.0086 27.9893 0.513008 12.4616 -31.9301 -0.0828105 20.791 -31.9301 -0.0828105 11.3756 -73.6676 -1.20515 20.791 -75.8803 -0.0828105 11.3756 -20.8737 -0.0828105 0 -20.8737 -0.0828105 20.791 -31.9301 -0.0828105 -11.3756 -75.8803 -0.0828105 -11.3756 -20.8737 -0.0828105 -11.3756 -31.9301 -0.0828105 -20.791 -73.1375 -0.767306 -20.791 -31.9301 -0.0828105 -11.3756 -75.8803 -0.0828105 -11.3756 -20.8737 -0.0828105 -20.791 -80.3233 -0.0828105 -8.81452 -80.3233 -0.0828105 8.81452 -73.1375 -0.767306 -20.791 -74.8742 -0.0828105 -20.791 -75.8803 -0.0828105 -11.3756 -73.6676 -1.20515 20.791 -75.8803 -0.0828105 11.3756 -74.8742 -0.0828105 20.791 75.8803 -0.0828597 11.3756 31.9301 -0.082831 11.3756 73.6676 -1.2052 20.791 31.9301 -0.082831 20.791 20.8737 -0.0828234 0 20.8737 -0.0828234 20.791 75.8803 -0.0828597 -11.3756 31.9301 -0.082831 -11.3756 20.8737 -0.0828234 -11.3756 31.9301 -0.082831 -20.791 31.9301 -0.082831 -11.3756 73.1375 -0.767354 -20.791 75.8803 -0.0828597 -11.3756 20.8737 -0.0828234 -20.791 80.3233 -0.0828635 8.81452 80.3233 -0.0828635 -8.81452 74.8742 -0.0828597 -20.791 73.1375 -0.767354 -20.791 75.8803 -0.0828597 -11.3756 75.8803 -0.0828597 11.3756 73.6676 -1.2052 20.791 74.8742 -0.0828597 20.791 -73.1375 -0.767306 -20.791 -73.5092 -0.335496 -18.0549 -74.8742 -0.0828105 -20.791 -27.1067 -0.335496 -16.2841 -27.1067 -0.335496 -19.8257 -23.7384 -0.335496 -17.3785 24.7109 -0.335496 -20.2437 24.7868 -1.52953 -18.0087 23.4243 -0.335496 -19.8257 23.4243 -0.335496 -19.8257 24.7868 -1.52953 -18.0087 24.7109 -0.335496 -15.8661 26.7926 -0.335496 -17.3785 26.7926 -0.335496 -17.3785 73.1375 -0.767354 -20.791 73.6566 0.335496 -20.2437 74.8742 -0.0828597 -20.791 74.8742 -0.0828597 -20.791 73.6566 -0.335496 -18.0549 73.1375 -0.767354 -20.791 -24.7868 0.513008 -18.0087 -74.314 0.702347 -17.3162 -75.28 -0.335496 -16.7683 -24.7868 0.513008 -18.0087 -73.5092 -0.335496 -18.0549 -74.314 0.702347 -17.3162 -75.28 -0.335496 -16.7683 9.4677 -1.52953 29.1386 12.0575 -0.453653 37.1093 13.7063 -0.453653 26.9002 22.9873 -0.903469 19.633 20.5009 -1.52953 22.7686 31.8353 -1.37979 27.1899 26.3449 -1.37979 35.7601 33.8262 -1.37979 24.5761 35.7755 -0.9035 21.7289 24.7868 -1.52953 18.0086 26.9001 -0.613869 13.7063 -22.9873 -0.204826 19.633 -31.8353 -0.0218905 27.1899 -20.5009 0.513008 22.7686 -21.8478 -0.0216422 35.6518 22.9873 -0.903469 19.633 31.8353 -1.37979 27.1899 24.7868 -1.52953 18.0086 33.8262 -1.37979 24.5761 -35.6968 -0.0218905 21.875 -31.8353 -0.0218905 27.1899 -3.20256 -1.52953 30.4703 -3.39794 -0.518486 38.7422 9.36433 -0.453653 37.9321 12.0575 -0.453653 37.1093 24.6798 -0.903469 35.081 11.1426 -0.903475 43.5933 9.36433 -0.453653 37.9321 7.30072 -0.453653 29.3366 9.36433 -0.453653 37.9321 -3.39794 -0.518486 38.7422 -21.8478 -0.0216422 35.6518 -9.86157 -1.10975 40.5425 -23.2906 -1.10975 38.4629 18.6072 -0.903469 39.8636 -21.8478 -0.0216422 35.6518 -11.5686 -0.518486 27.9292 13.7063 -0.453653 26.9002 24.6798 -0.903469 35.081 -3.67098 -1.10975 41.535 3.20256 -1.52953 30.4703 9.36433 -0.453653 37.9321 -73.6676 -1.20515 20.791 -73.1375 -0.673314 28.4265 -31.9301 -0.673314 28.4265 31.9301 -0.673335 28.4265 73.1375 -0.673361 28.4265 31.9301 -0.082831 20.791 73.6676 -1.2052 20.791 38.6975 3.57807 -58.1345 38.9539 2.16792 -52.4183 39.4851 -0.982259 -57.6695 33.7165 -0.700788 -52.4183 29.458 1.18252 -57.6695 29.7429 -0.506919 -57.6695 39.4851 -0.982259 -57.6695 34.4488 11.0025 -57.6695 34.4488 11.0025 -52.4183 38.6975 3.57807 -58.1345 27.0419 5.9205 -57.6695 26.4617 17.4481 -57.6695 26.4617 17.4481 -52.4183 34.4488 11.0025 -57.6695 22.7585 9.37723 -57.6695 14.9183 20.3622 -52.5661 26.4617 17.4481 -52.4183 23.3112 18.8012 -57.6695 17.5414 10.7992 -57.6695 17.3432 16.6613 -55.26 14.9183 20.3622 -52.5661 19.4162 11.5894 -55.0777 15.5332 10.9129 -52.3651 15.5332 10.9129 -52.3651 17.3432 16.6613 -55.26 17.3432 16.6613 -55.26 22.7585 9.37723 -52.0914 25.7822 7.25999 -52.0914 29.458 1.18252 -52.0914 29.7429 -0.506916 -52.0914 22.7585 9.37723 -52.0914 22.7585 9.37723 -57.6695 25.7822 7.25999 -52.0914 27.0419 5.9205 -57.6695 25.7822 7.25999 -52.0914 29.458 1.18252 -52.0914 29.7429 -0.506916 -52.0914 -11.1881 29.7351 -91.0388 -6.1 28.5455 -86.064 -8.32852 26.0112 -90.1123 -8.32852 26.0112 -90.1123 -9.0821 27.383 -95.0897 -11.1881 29.7351 -91.0388 -10.4948 27.9559 -95.0897 -5.85149 32.6454 -95.0897 -8.63462 32.8079 -93.5868 -11.1881 29.7351 -91.0388 -14.4598 28.2961 -95.0893 -10.1217 14.3335 -95.0877 -6.37469 25.2715 -95.0897 -9.0821 27.383 -95.0897 -10.4948 27.9559 -95.0897 -6.37469 25.2715 -95.0897 -5.14465 23.907 -95.0897 -8.32164 22.8168 -93.7457 -5.14465 23.907 -95.0897 -3.14051 21.5635 -90.1123 -4.53808 34.2339 -86.5605 -26.272 17.6006 -95.0846 -23.3211 22.3181 -95.0639 -11.8035 11.8536 -95.087 -0.984698 21.5145 -94.4339 -10.5575 30.615 -85.5436 -5.4407 24.7301 -87.5124 -6.1 28.5455 -86.064 -33.6663 8.04727 -95.0817 -14.7996 5.91687 -95.0852 -11.2982 12.7954 -86.4214 -18.6437 25.4855 -85.0295 -19.3092 16.1007 -84.8362 -37.2422 -2.56186 -95.0807 -16.9288 -0.756999 -95.0833 -18.6006 -0.286129 -86.0581 -14.082 6.93853 -86.4195 -6.25103 18.9959 -86.4229 -10.1217 14.3335 -95.0877 -6.25103 18.9959 -86.4229 -11.2982 12.7954 -86.4214 -10.1217 14.3335 -95.0877 -11.8035 11.8536 -95.087 -11.2982 12.7954 -86.4214 -14.082 6.93853 -86.4195 -16.2349 0.102009 -86.4173 -27.1516 18.0671 -85.0275 -23.3211 22.3181 -95.0639 -8.32164 22.8168 -93.7457 -3.14051 21.5635 -90.1123 -14.4598 28.2961 -95.0893 -18.6437 25.4855 -85.0295 -10.5575 30.615 -85.5436 -18.6437 25.4855 -85.0295 -4.53808 34.2339 -86.5605 -26.272 17.6006 -95.0846 -33.6663 8.04727 -95.0817 -25.4534 17.3498 -85.3237 -36.1443 -2.37746 -85.3196 -37.2422 -2.56186 -95.0807 -31.8653 8.19137 -85.3215 -28.536 -1.81994 -85.3207 -15.3144 14.156 -87.8894 -12.3836 16.2918 -87.8707 -15.0231 14.4449 -83.7768 -12.6431 16.6419 -83.7768 -26.5608 23.6809 -82.9204 -26.8657 23.3879 -88.7086 -20.929 28.8798 -89.1894 -20.929 28.8798 -82.9204 -20.929 28.8798 -89.1894 -26.5608 23.6809 -82.9204 -26.8657 23.3879 -88.7086 -12.3836 16.2918 -87.8707 -15.3144 14.156 -87.8894 -21.4962 4.51868 -84.0603 -21.4962 4.51868 -88.0496 -20.0082 6.28612 -84.315 -20.177 6.09088 -88.0496 -21.4962 4.51868 -84.0603 -36.1795 14.9115 -83.6379 -36.074 14.8338 -88.6016 -32.8669 18.656 -88.6016 -36.074 14.8338 -88.6016 -36.1795 14.9115 -83.6379 -32.8669 18.656 -83.5083 -23.456 1.16496 -83.5002 -23.6102 0.879079 -88.2935 -22.1672 3.39736 -83.5002 -21.4962 4.51868 -88.0496 -39.6723 8.41482 -83.5002 -39.8285 8.12982 -88.2767 -21.4962 4.51868 -88.0496 -36.074 14.8338 -88.6016 -36.1795 14.9115 -83.6379 -36.1795 14.9115 -83.6379 -36.074 14.8338 -88.6016 -39.6723 8.41482 -83.5002 -39.8285 8.12982 -88.2767 -21.4962 4.51868 -88.0496 -23.6102 0.879079 -88.2935 -36.1795 14.9115 -83.6379 -46.0006 0.676458 -100.833 -46.7155 -0.541028 -100.962 -49.6623 0.676458 -98.8988 -46.382 -0.541028 -93.3144 -49.6623 0.676458 -98.8988 -49.7917 -0.541028 -98.184 -46.3757 4.40065 -92.9872 -42.4147 4.40065 -95.1325 -42.5936 -0.541028 -95.967 -50.1019 4.62375 -98.3057 -50.1019 4.62375 -98.3057 -46.0116 4.62375 -101.17 -42.4147 4.40065 -95.1325 -42.5936 -0.541028 -95.967 -61.0515 1.56729 -102.029 -59.2129 12.623 -103.316 -52.5017 1.56729 -107.117 -53.4164 12.3938 -107.162 -64.5113 1.56729 -98.708 -61.2476 9.91505 -95.4444 -64.5113 16.6537 -98.708 -60.5269 1.56729 -94.7237 -58.1626 13.7897 -100.631 -58.1626 13.7897 -100.631 -50.3681 13.5701 -101.895 -53.9565 12.6044 -100.222 -50.6743 1.56729 -101.281 -53.9565 1.56729 -100.222 -56.0709 10.9873 -97.2505 -50.6743 1.56729 -101.281 -50.3681 13.5701 -101.895 -76.6806 1.735 -87.3342 -80.8265 8.3858 -82.3932 -77.1281 10.9124 -87.1513 -80.8265 1.735 -82.3932 -73.1424 9.32632 -82.7847 -72.3641 1.735 -83.7122 -80.8265 1.735 -82.3932 -76.1059 1.735 -79.2529 -80.8265 8.3858 -82.3932 -76.9919 10.4563 -79.1756 -73.1424 9.32632 -82.7847 -72.3641 1.735 -83.7122 -77.1281 10.9124 -87.1513 -64.5113 16.6537 -98.708 63.9674 -0.18855 -53.6811 59.4894 0.72597 -52.5636 63.9689 -2.17427 -53.6756 60.278 -2.17427 -63.6133 61.7003 0.72597 -59.4602 62.3216 -2.17427 -59.8232 60.6024 5.36056 -64.1601 56.9575 2.41694 -62.0218 63.9689 -2.17427 -53.6756 62.3186 2.41694 -57.1527 63.9674 -0.18855 -53.6811 52.0148 2.41694 -56.8664 52.0174 2.41694 -60.6981 54.4833 -2.17427 -62.0606 52.6331 0.72597 -54.559 52.9413 -0.18855 -50.7267 57.3708 4.19681 -51.2942 62.3186 2.41694 -57.1527 60.0847 5.36056 -51.5615 52.9428 -2.17427 -50.7212 64.5232 5.36056 -53.3643 52.6184 5.36056 -50.1745 50.616 5.36056 -61.4842 64.5232 5.36056 -53.3643 51.1703 -2.17427 -61.1729 52.0148 2.41694 -56.8664 50.616 5.36056 -61.4842 51.1703 -2.17427 -61.1729 40.7635 3.57807 -60.8352 37.6707 3.57807 -62.1437 38.6975 3.57807 -58.1345 39.4851 -0.982259 -57.6695 40.4984 -1.37435 -61.0591 38.5322 -1.37435 -58.5724 38.2791 1.41092 -59.241 34.8681 0.165994 -60.8316 32.4368 1.41092 -62.4473 31.7625 -1.37435 -62.2105 34.862 -1.37435 -68.8574 35.114 1.41092 -68.1887 42.0005 -1.37435 -66.0101 42.0005 -1.37435 -66.0101 37.3095 0.165994 -66.0672 41.3256 1.41092 -65.7742 40.4984 -1.37435 -61.0591 42.0005 -1.37435 -66.0101 41.3256 1.41092 -65.7742 32.4368 1.41092 -62.4473 33.404 0.165994 -64.5215 31.7625 -1.37435 -62.2105 39.9328 3.57807 -67.3351 41.6975 3.17266 -62.8458 32.5437 3.17266 -64.6704 32.4368 1.41092 -62.4473 31.7642 2.72129 -62.2143 35.5436 3.57807 -69.3818 31.7642 2.72129 -62.2143 32.4368 1.41092 -62.4473 34.3084 3.57807 -60.1812 38.2791 1.41092 -59.241 41.6975 3.17266 -62.8458 34.8681 0.165994 -60.8316 35.5302 3.57807 -63.1419 35.5302 3.57807 -63.1419 39.9328 3.57807 -67.3351 37.6707 3.57807 -62.1437 41.6975 3.17266 -62.8458 40.7635 3.57807 -60.8352 41.6975 3.17266 -62.8458 38.2496 1.41273 -60.8335 38.2791 1.41092 -59.241 40.4984 -1.37435 -61.0591 36.9316 0.165993 -61.4491 34.8681 0.165994 -60.8316 38.2791 1.41092 -59.241 38.2496 1.41273 -60.8335 38.2791 1.41092 -59.241 34.8681 0.165994 -60.8316 38.7968 0.165994 -62.0068 38.2496 1.41273 -60.8335 38.2496 1.41273 -60.8335 41.6975 3.17266 -62.8458 38.2791 1.41092 -59.241 34.7016 0.165994 -63.9164 33.404 0.165994 -64.5215 32.4368 1.41092 -62.4473 34.8681 0.165994 -60.8316 34.8681 0.165994 -60.8316 32.4368 1.41092 -62.4473 33.404 0.165994 -64.5215 38.9579 21.4939 -60.6037 33.9766 36.4614 -61.0168 34.3084 3.57807 -60.1812 34.3187 19.1636 -64.1545 34.6536 16.3433 -67.9171 34.6536 3.66892 -67.9171 36.2932 36.4614 -67.7737 34.6536 36.4614 -67.9171 36.6345 36.4614 -62.2938 40.0525 27.3181 -62.0015 37.6707 3.57807 -62.1437 35.5302 3.57807 -63.1419 35.9671 18.5356 -64.8835 36.6345 36.4614 -62.2938 34.6536 24.9881 -67.9171 41.8505 20.8621 -61.8976 40.0525 27.3181 -62.0015 41.7142 18.6918 -60.3399 41.7142 28.2583 -60.3399 41.8505 20.8621 -61.8976 41.6975 3.17266 -62.8458 33.9766 36.4614 -61.0168 34.6536 36.4614 -67.9171 40.7635 3.57807 -60.8352 41.6975 3.17266 -62.8458 34.3084 3.57807 -60.1812 42.1463 -1.40203 -52.8363 56.6312 -1.13204 -69.2597 33.7165 -0.700788 -52.4183 37.3095 0.165994 -66.0672 49.7445 -4.47498 -77.692 49.8548 -0.641217 -77.609 56.6312 -1.13204 -69.2597 37.2291 -4.674 -65.5189 37.3095 0.165994 -66.0672 31.1336 -0.186964 -59.4162 31.0029 -4.95865 -59.4794 31.7465 -4.86621 -53.6407 31.895 0.291463 -53.6097 35.5493 -0.941622 -50.8172 43.2238 -5.0385 -54.4178 35.4096 -5.00356 -50.8462 45.7558 -4.24525 -43.8992 49.6354 -3.89326 -44.41 49.9928 -1.94057 -44.1224 49.9928 -1.94057 -44.1224 56.4701 -1.94076 -43.0312 66.622 -1.94127 -49.4323 62.3216 -2.17427 -59.8232 56.6312 -1.13204 -69.2597 66.6219 -5.75331 -49.4323 62.4804 -5.75342 -59.5763 62.3216 -2.17427 -59.8232 57.2227 -4.95905 -69.1012 56.4528 -5.7528 -42.9718 56.4701 -1.94076 -43.0312 49.9928 -1.94057 -44.1224 66.622 -1.94127 -49.4323 66.6219 -5.75331 -49.4323 68.3158 -1.44856 -44.8516 67.5932 -3.45389 -45.6445 66.622 -1.94127 -49.4323 55.0415 0.977538 -38.3383 58.3637 0.397617 -43.4639 56.4701 -1.94076 -43.0312 68.3158 -1.44856 -44.8516 60.7575 -0.517274 -37.2931 59.2073 -2.06382 -37.3359 62.404 -1.37135 -34.1852 63.5892 -3.5296 -32.2992 70.0593 -3.73307 -39.3494 60.7575 -0.517274 -37.2931 61.7321 -3.52372 -33.0441 59.2073 -2.06382 -37.3359 60.0871 -3.5235 -36.171 60.7575 -0.517274 -37.2931 68.3158 -1.44856 -44.8516 61.2209 -2.75778 -39.3574 67.5932 -3.45389 -45.6445 70.0593 -3.73307 -39.3494 70.3113 -2.69202 -40.3747 71.2409 -3.16482 -34.7711 64.9462 -0.460934 -29.6596 63.3191 0.151397 -32.5831 63.247 -2.09946 -31.7612 72.521 -0.646193 -28.321 71.9144 0.659459 -29.0587 68.0397 -1.26168 -29.2764 72.1257 -4.00597 -34.1732 67.5386 -2.96121 -49.0873 67.5932 -3.45389 -45.6445 67.8642 -5.11389 -44.6525 55.413 -2.9124 -41.3147 56.2804 -5.07065 -38.9919 53.7252 -2.90949 -44.5438 54.1652 -5.06477 -40.5544 53.7252 -2.90949 -44.5438 67.5386 -2.96121 -49.0873 55.6414 -5.07471 -45.9363 66.6219 -5.75331 -49.4323 57.2369 -5.75346 -67.843 50.4249 -10.7667 39.6235 50.4249 -10.7667 25.0969 50.367 -5.63648 39.6653 50.367 -5.63648 25.0237 50.4249 -10.7667 25.0969 47.5407 -10.782 21.346 47.6224 -5.63648 21.2001 47.5512 -10.7667 43.5509 50.4249 -10.7667 39.6235 31.6724 -11.2787 19.636 24.9153 -10.782 21.346 24.8336 -5.63648 21.2001 22.031 -10.782 25.287 22.0889 -5.63648 25.0237 22.0889 -5.63648 39.6653 22.031 -10.7667 39.6235 22.031 -10.7667 39.6235 24.9153 -10.7667 43.4967 22.0889 -5.63648 39.6653 31.4448 -11.2883 45.0378 31.498 -6.13587 45.1373 47.6224 -5.63648 43.4889 36.228 -6.2658 19.5537 22.031 -10.782 25.287 24.9153 -10.782 21.346 47.5407 -10.782 21.346 50.4249 -10.7667 39.6235 31.4448 -11.2883 45.0378 47.5512 -10.7667 43.5509 31.498 -6.13587 45.1373 47.6224 -5.63648 43.4889 36.228 -6.347 21.5959 50.367 -5.63648 39.6653 36.228 -6.347 21.5959 47.6224 -5.63648 21.2001 26.8343 -5.73617 22.9498 24.3813 -5.73633 26.326 36.228 -6.347 21.5959 36.228 -6.347 21.5959 32.3237 -6.22871 21.5959 26.8343 -5.73617 22.9498 24.8336 -5.63648 21.2001 22.0889 -5.63648 25.0237 36.228 -6.2658 19.5537 24.8336 -5.63648 21.2001 32.3237 -6.22871 21.5959 24.8336 -5.63648 21.2001 26.9001 -0.613869 13.7063 35.7755 -0.9035 21.7289 27.9893 -1.52953 12.4616 39.765 -0.903469 12.9204 10.98 -4.71061 43.559 24.7857 -4.36369 35.3311 35.6968 -4.71061 21.875 39.765 -4.71061 12.9204 39.765 -0.903469 12.9204 22.1137 -4.55586 30.3961 31.8353 -5.18692 27.1899 26.5374 -5.18692 35.9706 22.1137 -4.55586 30.3961 24.7857 -4.36369 35.3311 9.22711 -4.67556 37.8579 10.98 -4.71061 43.559 9.22711 -4.67556 37.8579 -23.2906 -4.91689 38.4629 -22.5191 -4.71115 35.7496 -10.6817 -4.91689 42.4787 -21.8478 -0.0216422 35.6518 -23.2906 -1.10975 38.4629 -10.6817 -4.91689 42.4787 -23.2906 -4.91689 38.4629 31.8353 -1.37979 27.1899 26.3449 -1.37979 35.7601 31.8353 -5.18692 27.1899 26.5374 -5.18692 35.9706 33.8262 -5.18692 24.5761 36.228 -6.347 21.5959 -20.8737 -0.0828105 -20.791 -21.3481 -1.23771 -21.3481 -25.0348 -0.899025 -24.615 -19.6469 -0.899025 -19.227 9.22711 -4.67556 37.8579 10.9466 -4.47239 33.5592 22.1137 -4.55586 30.3961 -8.29695 -4.62988 33.9103 -19.2662 -4.2733 31.4827 24.6798 -0.903469 35.081 -3.17688 -4.91479 38.9673 -3.17688 -4.91479 38.9673 2.72375 -5.35365 34.2263 -2.78621 -4.7115 34.321 24.6798 -0.903469 35.081 24.7857 -4.36369 35.3311 22.1137 -4.55586 30.3961 -31.8353 -4.18682 27.1899 -32.9384 -4.41148 25.3144 -35.6968 -0.0218905 21.875 -27.1899 -4.18681 31.8353 -39.4879 -0.85193 13.5895 -39.5173 -4.70115 12.8402 -25.0196 -4.32128 29.313 -25.0196 -4.32128 29.313 -27.1899 -4.18681 31.8353 -26.9002 -0.718403 13.7063 -39.4879 -0.85193 13.5895 -59.1975 -6.26382 -74.7481 -48.7281 -6.89513 -84.7882 -59.1975 -8.99185 -74.7481 -48.7281 -8.99185 -84.7882 -69.3228 -5.67079 -64.8642 -69.3228 -8.99186 -64.8642 -77.3744 -8.9917 -55.4369 -77.3744 -5.67079 -55.4369 -76.4017 -8.99185 -57.7852 -76.4017 -5.67079 -57.7852 35.0273 -6.68507 -94.9819 35.0273 -2.10846 -94.9819 45.7465 -6.68507 -90.7693 45.7465 -2.10846 -90.7693 14.3285 -6.68507 -99.3209 14.3285 -2.10846 -99.3209 3.55252 -2.10846 -100.125 6.109 -1.2797 -62.5159 9.17331 -1.41535 -53.3845 6.109 -1.2797 -79.9722 -10.6656 -1.80431 -59.6175 -2.40062 -1.80431 -61.3338 -14.7232 -1.80431 -75.5114 -5.19161 -1.80431 -77.7998 29.7429 -0.506919 -57.6695 29.884 -2.01953 -56.808 36.8907 -1.2797 -52.5143 22.4592 -2.01953 -59.8835 23.5396 -1.2797 -60.4126 2.26653 -1.18555 -110.263 -11.1952 -1.18555 -110.079 -27.632 -1.18555 -108.03 -46.4981 -6.29577 -109.643 2.26653 -6.68507 -110.263 -15.4682 -7.21949 -76.5548 -57.6618 -1.18555 -96.5433 -55.8854 -1.41159 -68.9666 -34.9333 -1.2797 -66.6368 -50.4863 -1.41159 -66.2156 -11.6168 -6.29577 -116.469 1.73118 -6.29577 -116.728 2.26653 -1.18555 -110.263 -29.3379 -6.29577 -114.173 -75.7343 -6.29577 -90.0915 -62.1273 -6.29577 -101.689 -11.6168 1.75196 -116.469 1.20264 1.75196 -116.673 -29.3379 1.75196 -114.173 -46.4981 1.75196 -109.643 -61.0515 1.56729 -102.029 -75.7343 1.75196 -90.0915 -84.4958 1.75196 -80.3234 -84.8506 -1.11697 -79.9278 -86.9242 -1.11697 -77.6301 -81.6549 -1.18555 -72.9722 -79.501 -1.18555 -75.455 -81.6549 -6.68507 -72.9722 -86.9242 -6.29577 -77.6301 -81.6549 -6.68507 -72.9722 -86.9242 -6.29577 -77.6301 27.6862 -6.68507 -76.5548 35.0461 -6.68507 -73.394 55.6144 -6.68507 -83.7318 55.6144 -2.10846 -83.7318 41.3557 -2.10846 -69.3911 12.6451 -6.68507 -79.4501 3.54206 -6.68507 -100.208 6.109 -6.68507 -79.9722 3.54206 -6.68507 -100.208 3.55252 -2.10846 -100.125 6.109 -6.68507 -79.9722 6.109 -1.2797 -79.9722 23.5396 -1.2797 -60.4126 27.6862 -1.2797 -76.5548 22.4592 -2.01953 -59.8835 -25.5911 -1.2797 -72.3618 -17.1777 -1.64962 -57.3128 -23.7795 -1.2797 -71.7602 47.1513 -1.2797 -66.6368 37.8091 -1.2797 -72.3618 29.7429 -0.506919 -57.6695 37.8091 -1.2797 -72.3618 -27.4452 -1.2797 -50.1167 -24.6727 -2.01953 -52.5143 -28.3674 -1.2797 -51.2633 1.64968 1.86104 -110.769 -27.8078 1.86103 -108.569 -42.974 -1.18555 -103.922 -43.3247 1.62632 -104.346 -58.0867 1.62639 -96.9204 -84.8506 -1.11697 -79.9278 -79.548 1.86104 -76.2516 -27.8078 1.86103 -108.569 -29.3379 1.75196 -114.173 -46.4981 1.75196 -109.643 -58.0867 1.62639 -96.9204 -79.548 1.86104 -76.2516 -24.6727 -2.01953 -52.5143 -36.4998 -1.2797 -62.4566 -24.4235 -0.543241 -52.7534 -25.5911 -1.2797 -72.3618 -17.8771 -0.543241 -57.0601 -17.1777 -1.64962 -57.3128 -17.8771 -0.543241 -57.0601 -17.1777 -1.64962 -57.3128 -10.6656 -1.80431 -59.6175 -23.7795 -1.2797 -71.7602 -14.7232 -1.80431 -75.5114 -43.1034 -1.2797 -56.8166 -28.536 -1.81994 -85.3207 -34.9333 -1.2797 -66.6368 -24.4235 -0.543241 -52.7534 -75.0736 -8.99185 -59.9525 -75.0736 -5.67079 -59.9525 -77.9676 -5.6708 -52.9653 -77.3744 -5.67079 -55.4369 -77.3744 -8.9917 -55.4369 -75.0736 -8.99185 -59.9525 -75.0736 -5.67079 -59.9525 -73.4228 -8.99185 -61.8853 -73.4228 -5.67079 -61.8853 -69.3228 -8.99186 -64.8642 -69.3228 -5.67079 -64.8642 -78.1672 -5.67079 -50.4313 -77.6889 -8.99185 -53.2129 -75.0727 -5.67105 -40.9101 -76.4017 -5.67079 -43.0774 -76.4017 -8.99228 -43.0774 -77.9677 -8.99219 -47.8972 -77.9678 -5.67079 -47.8973 -78.1672 -8.992 -50.4313 -78.1672 -5.67079 -50.4313 -77.3744 -8.99263 -45.4257 -77.3744 -5.67079 -45.4257 -77.3744 -8.99263 -45.4257 -77.3744 -5.67079 -45.4257 -75.0727 -5.67105 -40.9101 -75.0736 -8.99185 -40.9101 -73.4228 -8.99185 -38.9773 -69.3223 -5.67048 -35.9991 -73.4228 -5.67079 -38.9773 -71.49 -8.99185 -37.3265 55.6144 -6.68507 -83.7318 55.6144 -2.10846 -83.7318 41.0868 -6.68507 -69.28 -73.2544 -1.41159 -66.2156 -79.501 -6.68507 -75.455 -79.501 -6.68507 -75.455 -59.1975 -6.26382 -74.7481 -48.7281 -6.89513 -84.7882 -37.857 -8.99185 -70.4839 -25.5911 -7.21949 -72.3618 3.54206 -6.68507 -100.208 6.109 -1.2797 -79.9722 -43.1034 -1.2797 -56.8166 -43.4506 -1.41159 -44.5618 -45.7936 -5.29063 -55.7705 -45.7936 -5.29063 -45.3231 -51.9344 -5.29063 -64.2225 -50.4863 -1.41159 -66.2156 -45.7936 -5.29063 -55.7705 -43.1034 -1.2797 -56.8166 -56.6467 -5.29063 -66.6236 -55.8854 -1.41159 -68.9666 -77.5392 -1.41159 -61.9309 -73.2544 -1.41159 -66.2156 -75.0736 -5.67079 -59.9525 -69.3228 -5.67079 -64.8642 -77.3744 -5.67079 -55.4369 -80.2902 -1.41159 -56.5318 -78.1672 -5.67079 -50.4313 -81.2381 -1.41159 -50.5468 -77.3744 -5.67079 -45.4257 -80.2902 -1.41159 -44.5618 -78.1672 -5.67079 -50.4313 -81.2381 -1.41159 -50.5468 -75.0727 -5.67105 -40.9101 -77.5392 -1.41159 -39.1627 -69.3223 -5.67048 -35.9991 -73.2544 -1.41159 -34.878 -67.094 -5.29063 -34.47 -67.8553 -1.41159 -32.127 -56.6467 -5.29063 -34.47 -55.8854 -1.41159 -32.127 -48.1946 -5.29063 -40.6108 -46.2016 -1.41159 -39.1627 -44.9993 0.0392834 -56.0285 -44.9993 0.0392834 -45.0651 -44.9993 0.0392834 -56.0285 -51.4435 0.039283 -64.8981 -61.8704 0.0392834 -68.2861 -67.3521 0.0392834 -67.4178 -76.2217 0.039283 -60.9737 -78.7414 0.0392825 -56.0285 -79.6096 0.0392843 -50.5468 -79.6096 0.0392843 -50.5468 -78.7414 0.039283 -45.0651 -76.2217 0.0392834 -40.1199 -72.2972 0.0392836 -36.1954 -61.8704 0.0392834 -32.8075 -56.3886 0.0392834 -33.6758 -51.4435 0.0392834 -36.1954 -44.9993 0.0392834 -56.0285 -61.8704 -0.759864 -50.5468 -44.9993 0.0392834 -45.0651 -44.9993 0.0392834 -56.0285 -51.4435 0.039283 -64.8981 -61.8704 -0.759864 -50.5468 -61.8704 0.0392834 -68.2861 -67.3521 0.0392834 -67.4178 -76.2217 0.039283 -60.9737 -78.7414 0.0392825 -56.0285 -79.6096 0.0392843 -50.5468 -79.6096 0.0392843 -50.5468 -78.7414 0.039283 -45.0651 -76.2217 0.0392834 -40.1199 -72.2972 0.0392836 -36.1954 -61.8704 0.0392834 -32.8075 -51.4435 0.0392834 -36.1954 -71.49 -8.99185 -37.3265 -75.0736 -8.99185 -40.9101 -66.982 -8.96996 -34.8149 -71.49 -8.99185 -37.3265 -56.7588 -8.96996 -34.8149 -48.488 -8.96996 -40.8239 -46.1385 -8.96996 -45.4352 -46.1384 -8.96996 -55.6584 -52.1475 -8.96996 -63.9292 -46.1384 -8.96996 -55.6584 -61.8704 -8.96996 -67.0883 -75.0736 -8.99185 -59.9525 -69.3228 -8.99186 -64.8642 -77.3744 -8.9917 -55.4369 -75.0736 -8.99185 -59.9525 -78.1672 -8.992 -50.4313 -77.3744 -8.9917 -55.4369 -77.3744 -8.99263 -45.4257 -78.1672 -8.992 -50.4313 -75.0736 -8.99185 -40.9101 -77.3744 -8.99263 -45.4257 37.1931 -6.46818 -69.9048 46.7481 -4.12309 -77.692 43.9211 -10.0325 -63.6757 35.7735 -13.5637 -64.7664 27.5014 -14.6164 -70.3042 30.1063 -6.81989 -74.4733 9.00701 -17.3569 -80.112 52.9783 -4.84264 -70.588 42.9529 -18.1381 -62.0343 31.7495 -15.0543 -60.3226 26.3113 -18.2088 -67.6365 21.0254 -5.60273 -81.4848 9.42841 -14.4219 -81.8291 10.4237 -6.76497 -86.6318 17.2837 -18.0651 -71.4898 67.0492 -4.84092 -24.6191 67.5834 -10.4548 -24.4894 69.1858 -9.27226 -33.3291 -0.178003 -7.92721 -81.4863 48.7383 -14.1025 -64.4943 47.2793 -24.051 -60.6844 71.0447 -4.89338 -19.6951 71.2896 -10.5546 -19.6404 67.5834 -10.4548 -24.4894 70.3113 -2.69202 -40.3747 68.9457 -3.80707 -33.5729 70.3113 -2.69202 -40.3747 69.1858 -9.27226 -33.3291 67.8642 -5.11389 -44.6525 -67.094 -5.29063 -34.47 -73.7913 -12.2304 -40.6095 -68.1794 -10.7495 -36.447 -5.98745 -7.33274 23.3393 -5.18626 -13.3608 17.9365 6.18176 -7.3277 23.1159 57.2369 -5.75346 -67.843 54.8468 -13.6289 -61.8175 42.2382 -22.9277 -61.8283 32.554 -19.1098 -61.9857 26.6131 -21.5743 -66.7493 -0.116089 -17.7584 -81.0125 -0.138317 -12.1632 -81.2617 17.4498 -21.2586 -69.5499 69.8141 -10.9601 2.73913 71.4592 -11.7533 -1.50292 73.1743 -9.01308 -0.930922 71.4592 -11.7533 -1.50292 71.2896 -10.5546 -19.6404 73.1011 -8.43031 -13.6447 65.5307 -12.8788 -23.5389 65.3269 -8.95391 -41.2426 64.205 -9.46995 -53.2638 -8.43372 -16.1305 -82.2127 -10.6136 -6.72231 -86.8001 -33.3331 -7.30974 -76.779 -18.7042 -15.0832 -84.36 -61.1538 -13.2721 -32.6963 -66.0563 -5.23259 -30.9 55.1496 -20.2027 -59.3562 34.5931 -8.93167 19.3043 20.7392 -12.3404 15.4905 32.7359 -9.93963 14.9995 70.2352 -12.4094 -14.0711 65.5307 -12.8788 -23.5389 67.5526 -14.294 -32.7873 67.5526 -14.294 -32.7873 63.7457 -15.6113 -41.0113 62.0526 -17.0047 -53.457 66.6219 -5.75331 -49.4323 -31.879 -15.4234 -63.724 -70.7231 -15.3128 -45.9528 -18.2504 -6.1438 24.6836 -11.604 -10.1256 23.2966 -66.0563 -5.23259 -30.9 -62.6881 -12.0172 -23.7311 -65.001 -6.02804 -20.6049 38.3063 -27.7311 -58.9853 32.5661 -25.9797 -58.6202 24.913 -24.317 -63.8557 -15.4758 -21.6907 -68.9672 7.60893 -25.0907 -70.6837 68.0332 -12.6635 -2.29288 70.2352 -12.4094 -14.0711 71.2896 -10.5546 -19.6404 66.9749 -16.0877 -23.6255 70.2352 -12.4094 -14.0711 70.6898 -15.9089 -14.3317 66.9749 -16.0877 -23.6255 -49.9604 -10.7892 -75.6949 -69.0326 -13.2594 -61.6936 -69.5538 -15.9577 -51.4405 -65.7497 -16.7626 -36.7943 -65.001 -6.02804 -20.6049 -62.6881 -12.0172 -23.7311 -68.3416 -12.0978 -15.8947 -66.0563 -5.23259 -30.9 -61.1538 -13.2721 -32.6963 -62.6881 -12.0172 -23.7311 40.7244 -27.061 -54.4224 51.8293 -23.4725 -58.3067 0.196144 -21.0567 -75.6567 48.5132 -13.0014 19.8938 51.4587 -7.28784 25.1757 34.0837 -12.1768 14.6593 64.5326 -11.1571 13.6893 63.1345 -7.76325 25.0323 56.0069 -7.63387 26.0552 66.5292 -16.1644 -2.69494 70.6898 -15.9089 -14.3317 61.287 -23.3058 -33.418 57.5803 -23.1803 -40.5139 -44.7037 -13.5914 -63.7503 -47.6409 -13.2978 -70.4244 -70.7231 -15.3128 -45.9528 -69.5538 -15.9577 -51.4405 -64.4795 -15.6358 -49.8275 -70.7231 -15.3128 -45.9528 -5.12864 -16.2331 18.3706 3.77976 -15.0476 17.5053 -54.2581 -13.879 -32.275 -49.6062 -10.2812 -29.2636 46.8441 -26.4978 -53.8306 21.9066 -32.3609 -53.7398 22.3796 -25.6443 -59.9909 35.6578 -35.7037 -54.9087 25.6644 -36.048 -54.891 46.5939 -17.0204 12.024 52.5674 -14.1833 17.2533 66.0413 -16.2465 1.42637 69.8141 -10.9601 2.73913 -22.7699 -21.8219 -65.7509 -24.302 -16.5455 -71.3128 -35.847 -22.8692 -58.7681 -59.4146 -21.835 -38.8046 -60.1705 -19.1742 -34.5594 -48.518 -16.8292 -31.6919 -10.4122 -16.5033 19.8809 -49.6062 -10.2812 -29.2636 -49.8955 -13.6087 -24.1383 -24.3818 -5.54934 24.896 -21.1665 -13.46 20.3395 -36.3678 -5.86505 21.6855 -26.8851 -15.5745 19.1929 -31.2527 -5.70719 24.9352 -42.3608 -5.35292 20.0802 -48.3538 -7.92721 18.4749 -43.4043 -11.7237 16.0724 23.3674 -14.0927 10.0344 33.2614 -12.7169 9.82724 15.1098 -13.346 17.0785 3.58205 -18.5751 17.429 19.8194 -20.0059 9.2813 41.5113 -14.8137 7.34192 58.9853 -21.9184 -1.08118 67.2466 -21.5171 -15.2035 62.2632 -23.5943 -24.7629 56.4058 -24.1967 -32.9497 -53.951 -14.9902 -59.9162 -64.4795 -15.6358 -49.8275 -64.4795 -15.6358 -49.8275 -59.4146 -21.835 -38.8046 -70.7231 -15.3128 -45.9528 -52.4226 -22.8647 -39.2845 -20.6424 -16.6557 20.6238 -58.696 -13.4483 -9.88817 45.7149 -31.7564 -49.3423 37.8013 -41.0476 -47.6412 32.8654 -38.597 -50.9189 52.6311 -24.8116 -48.0655 48.4385 -29.3359 -44.0832 15.8843 -24 -55.0723 18.5732 -35.4159 -47.9244 25.6644 -36.048 -54.891 35.6578 -35.7037 -54.9087 18.5732 -35.4159 -47.9244 5.37626 -25.8111 -64.7025 -0.0601575 -23.7243 -67.1416 11.0835 -26.6755 -61.7303 15.8843 -24 -55.0723 11.0835 -26.6755 -61.7303 22.3796 -25.6443 -59.9909 26.2628 -19.2871 3.96279 54.4854 -19.2163 7.36002 53.2798 -24.1542 -21.914 56.4058 -24.1967 -32.9497 61.287 -23.3058 -33.418 67.2466 -21.5171 -15.2035 51.5147 -25.4127 -18.4863 62.2632 -23.5943 -24.7629 -40.1314 -28.2708 -49.5814 -39.9217 -17.0557 -60.03 -64.4795 -15.6358 -49.8275 -65.1435 -17.9281 -45.1639 -59.4146 -21.835 -38.8046 -25.9606 -20.1563 17.7894 -4.68643 -21.4099 18.5967 -44.887 -17.6395 -22.2354 -44.0968 -17.8472 -18.4511 -49.8955 -13.6087 -24.1383 -71.9591 -12.3274 -6.74111 -44.6601 -24.4237 -26.615 -55.6628 -12.0262 5.68811 -50.6099 -12.0435 3.65655 -60.7154 -12.0159 8.6403 -65.9969 -12.1657 4.31647 -68.3287 -12.3684 3.80462 -62.4523 -14.9359 1.4271 32.8654 -38.597 -50.9189 35.6578 -35.7037 -54.9087 40.7244 -27.061 -54.4224 17.8016 -38.2416 -39.8808 16.3478 -32.2225 -50.4499 -16.161 -24.5951 -59.2268 48.7086 -24.1231 -5.01952 49.3921 -28.4502 -32.5487 55.8257 -28.442 -39.0035 55.8257 -28.442 -39.0035 -44.0847 -25.6029 -50.5782 -55.439 -17.6798 -51.7352 -34.8705 -29.874 -54.1383 -45.9982 -24.689 -30.7818 -44.6601 -24.4237 -26.615 -42.1122 -24.847 -21.2666 -44.3684 -17.5245 -14.8507 -58.696 -13.4483 -9.88817 -70.9503 -12.3397 -1.14553 -71.9591 -12.3274 -6.74111 -44.9503 -12.2674 3.16846 -37.1332 -10.6089 9.84439 -37.1332 -10.6089 9.84439 -32.4151 -12.7989 11.9309 -32.6965 -12.8853 18.0635 43.371 -37.3729 -46.5037 19.8194 -20.0059 9.2813 22.3724 -19.1692 4.24555 26.2628 -19.2871 3.96279 40.7331 -20.5161 1.9937 42.2429 -22.1869 -0.534483 -37.6843 -33.3484 -46.9643 -30.0666 -30.4979 -54.8652 -65.1435 -17.9281 -45.1639 -52.4736 -23.4016 -44.9797 -59.4146 -21.835 -38.8046 -46.4426 -24.1934 -36.6831 -47.8332 -24.4925 -39.21 -42.1122 -24.847 -21.2666 -42.5141 -25.0251 -18.1091 -44.0968 -17.8472 -18.4511 -44.3684 -17.5245 -14.8507 -40.6 -22.3032 -6.96837 -47.8958 -17.0394 -7.64566 -32.4151 -12.7989 11.9309 -30.0695 -19.4616 14.7783 -26.8851 -15.5745 19.1929 -47.8958 -17.0394 -7.64566 -62.4523 -14.9359 1.4271 -68.3287 -12.3684 3.80462 13.6474 -32.398 -45.9729 -11.3647 -25.1731 -59.5315 34.8702 -18.1433 3.96146 14.7464 -35.3191 0.695893 18.7055 -34.9004 -4.18642 20.5915 -25.2247 6.86493 41.6592 -24.347 -11.2663 40.6984 -21.922 -8.81506 47.1566 -25.622 -22.4215 -45.9982 -24.689 -30.7818 -46.4426 -24.1934 -36.6831 -40.4343 -30.39 -31.5725 -30.6131 -21.29 8.08553 -42.5754 -16.3422 -4.71616 -33.3054 -14.6399 5.79586 42.4039 -40.6648 -37.5214 23.4412 -42.396 -43.9515 26.1989 -45.5905 -37.1989 8.9459 -27.8167 -50.6865 22.3724 -19.1692 4.24555 12.2085 -24.3302 13.7287 13.3205 -35.7587 -0.567607 51.5147 -25.4127 -18.4863 42.3891 -28.659 -22.4485 47.1566 -25.622 -22.4215 -44.3268 -27.7999 -42.6802 -25.7318 -46.9195 -41.0288 -52.6948 -21.2672 -46.5416 -52.4736 -23.4016 -44.9797 -39.5156 -31.7041 -37.0916 -40.4343 -30.39 -31.5725 -44.3268 -27.7999 -42.6802 -35.6959 -29.3906 -19.1957 -18.0945 -24.8147 11.1672 -31.11 -19.7185 9.25434 45.0899 -34.2441 -36.6798 37.3619 -46.0268 -41.722 33.5138 -44.6475 -47.3039 26.9093 -47.9399 -44.0468 48.4385 -29.3359 -44.0832 45.0899 -34.2441 -36.6798 43.371 -37.3729 -46.5037 17.8016 -38.2416 -39.8808 14.4673 -33.1534 -38.007 13.6474 -32.398 -45.9729 28.3809 -24.106 -3.55948 20.3227 -24.8491 -1.6637 20.5915 -25.2247 6.86493 18.7055 -34.9004 -4.18642 49.3921 -28.4502 -32.5487 45.0899 -34.2441 -36.6798 48.4385 -29.3359 -44.0832 -37.6843 -33.3484 -46.9643 -32.9397 -37.9838 -36.8206 -39.5156 -31.7041 -37.0916 -21.9553 -33.3673 -56.1476 -31.3155 -34.1786 -26.0402 -35.6959 -29.3906 -19.1957 -42.5141 -25.0251 -18.1091 -36.7053 -27.2134 -8.87021 -44.0968 -17.8472 -18.4511 41.0443 -34.5404 -26.5665 36.2116 -42.0506 -31.889 42.4039 -40.6648 -37.5214 33.4674 -47.3504 -37.92 37.3619 -46.0268 -41.722 10.3635 -30.4705 -38.4101 5.73077 -33.4781 -41.8075 23.4412 -42.396 -43.9515 26.9093 -47.9399 -44.0468 26.1989 -45.5905 -37.1989 3.80521 -29.1408 -48.2943 -0.0749712 -27.734 -49.7697 20.3227 -24.8491 -1.6637 21.7619 -31.0543 -8.39665 33.4042 -22.8854 -3.17308 33.4042 -22.8854 -3.17308 40.6984 -21.922 -8.81506 42.2429 -22.1869 -0.534483 42.3891 -28.659 -22.4485 45.0899 -34.2441 -36.6798 -25.7318 -46.9195 -41.0288 -26.276 -46.1219 -34.2449 -37.6843 -33.3484 -46.9643 -32.9397 -37.9838 -36.8206 -21.2527 -25.2934 2.71442 -15.652 -29.6884 -1.65227 -23.266 -36.5537 -20.452 -40.6 -22.3032 -6.96837 -37.8258 -21.3036 -0.270227 33.4674 -47.3504 -37.92 29.6697 -46.447 -37.19 18.7055 -34.9004 -4.18642 13.3353 -41.2604 -6.88954 3.60446 -37.4289 -1.70929 4.41102 -31.7211 0.0684838 2.75649 -29.172 5.58958 36.7479 -24.0345 -13.3085 37.2001 -30.7314 -22.9154 31.3279 -24.386 -13.094 36.7479 -24.0345 -13.3085 41.6592 -24.347 -11.2663 -11.8905 -33.891 -50.4606 -24.7998 -46.5696 -42.3377 -6.79265 -29.6898 -48.6299 -25.5743 -37.514 -25.6738 -33.5552 -18.3966 5.22982 -32.2978 -29.6713 -15.4018 30.2328 -36.505 -26.8503 29.6697 -46.447 -37.19 33.5138 -44.6475 -47.3039 13.531 -25.7886 -47.3563 14.4673 -33.1534 -38.007 12.4104 -33.4601 -33.7688 10.3635 -30.4705 -38.4101 5.81683 -33.3637 -38.0805 5.73077 -33.4781 -41.8075 -2.70367 -36.8514 -40.9583 30.239 -25.9346 -8.13055 13.3353 -41.2604 -6.88954 21.7619 -31.0543 -8.39665 18.7055 -34.9004 -4.18642 3.44454 -38.5474 0.150497 1.76229 -32.0073 5.13102 7.95041 -36.4791 0.554524 -23.6657 -53.0105 -36.599 -22.8719 -45.8756 -28.9854 -19.593 -25.6845 -2.39818 -21.2527 -25.2934 2.71442 -24.848 -24.3778 1.63603 -30.6131 -21.29 8.08553 -33.5552 -18.3966 5.22982 -24.848 -24.3778 1.63603 -32.566 -25.2033 -4.17627 21.7189 -32.6374 -28.386 5.81683 -33.3637 -38.0805 11.4291 -50.2918 -9.25643 31.8367 -23.722 -15.3507 35.8021 -29.5645 -18.9624 31.8367 -23.722 -15.3507 -17.8303 -53.1889 -39.5011 -19.593 -25.6845 -2.39818 -24.848 -24.3778 1.63603 -21.5528 -29.7957 -3.85144 -15.652 -29.6884 -1.65227 -1.55806 -40.567 -1.10838 3.43233 -45.839 -1.75716 -4.08138 -31.3529 5.68879 30.5875 -30.4209 -23.5239 2.78752 -31.8389 -42.5124 23.875 -38.0218 -29.363 23.875 -38.0218 -29.363 -5.50741 -32.8213 -42.2474 21.1559 -36.4696 -23.8237 -15.7991 -53.2967 -34.7285 -15.8859 -40.0644 -27.2713 -23.6657 -53.0105 -36.599 -15.7991 -53.2967 -34.7285 -7.95005 -45.7137 -5.86601 -24.4417 -31.7821 -11.7653 11.2616 -38.4704 -33.0088 14.8026 -49.9764 -15.5594 14.3624 -47.5788 -27.5977 21.1559 -36.4696 -23.8237 28.7911 -29.3209 -17.2236 31.3279 -24.386 -13.094 -10.8401 -41.3717 -39.1818 -19.3066 -45.3637 -44.7183 -14.6903 -46.3234 -31.4304 -14.3857 -47.0165 -10.7967 -18.8697 -40.8925 -20.324 -14.3857 -47.0165 -10.7967 -23.266 -36.5537 -20.452 3.64192 -52.8769 -4.85856 -14.5029 -42.2224 -7.80833 -32.2978 -29.6713 -15.4018 -27.1198 -30.0586 -16.877 -24.4417 -31.7821 -11.7653 30.5875 -30.4209 -23.5239 21.7189 -32.6374 -28.386 2.8823 -42.1483 -31.9537 -10.5674 -38.6177 -36.1728 2.78752 -31.8389 -42.5124 -3.28742 -47.4433 -32.5181 2.12409 -62.7285 -11.7614 8.08673 -57.4758 -10.8168 -10.8401 -41.3717 -39.1818 11.8058 -40.2929 -29.0929 6.3605 -59.695 -15.1881 14.8026 -49.9764 -15.5594 -5.50741 -32.8213 -42.2474 -10.5674 -38.6177 -36.1728 -8.54216 -42.149 -31.1264 -15.8859 -40.0644 -27.2713 -15.8859 -40.0644 -27.2713 -10.5222 -57.2285 -13.8633 -18.8697 -40.8925 -20.324 -8.36132 -53.1704 -6.2114 9.32896 -50.3869 -31.2254 1.97896 -54.0286 -32.7924 -4.22049 -54.1906 -31.9178 10.1289 -56.7192 -19.1014 10.1289 -56.7192 -19.1014 -14.0869 -46.464 -26.9289 -11.4023 -52.5656 -9.56792 -18.8697 -40.8925 -20.324 -10.5222 -57.2285 -13.8633 -9.37724 -59.1564 -21.479 -7.89491 -59.8164 -26.0361 5.68373 -59.5973 -26.261 -14.0869 -46.464 -26.9289 -9.37724 -59.1564 -21.479 -15.8859 -40.0644 -27.2713 -4.98113 -57.4296 -8.92674 -1.04816 -59.995 -27.311 -6.16906 -65.1084 -22.395 -1.04312 -65.6751 -26.1991 -1.04503 -71.1806 -16.6943 1.7928 -75.6887 -18.0444 5.73181 -64.3178 -22.3513 -6.16906 -65.1084 -22.395 -2.13888 -71.8276 -18.6317 1.7928 -75.6887 -18.0444 -2.13888 -71.8276 -18.6317 5.73181 -64.3178 -22.3513 6.05159 -22.7976 10.3467 -4.26633 -22.7806 12.2157 -10.3151 -24.6863 9.80384 -78.1672 -8.992 -50.4313 40.2459 -25.1208 -51.4063 42.859 -25.1136 -52.7377 44.6129 -25.1208 -37.9659 47.5095 -25.1136 -38.4248 36.5425 -25.1208 -57.4497 38.9151 -25.1136 -59.1735 26.5497 -25.1208 -67.4425 28.2735 -25.1136 -69.8151 20.5063 -25.1208 -71.1458 21.8377 -25.1136 -73.7589 0 -25.1136 -79.0017 7.066 -25.1208 -75.5129 -7.52476 -25.1136 -78.4095 -7.06598 -25.1208 -75.5129 -20.5063 -25.1208 -71.1458 -21.8377 -25.1136 -73.759 -26.5497 -25.1208 -67.4425 -28.2735 -25.1136 -69.8151 -42.9753 -24.9928 -52.797 -36.5425 -25.1208 -57.4497 -42.9583 -25.1208 -44.8579 -47.8332 -24.4925 -39.21 -48.1017 -25.1136 -30.9 -47.8332 -24.4925 -39.21 -45.9982 -24.689 -30.7818 -42.9583 -25.1208 -44.8579 -42.9752 -24.9928 -9.0029 -42.5141 -25.0251 -18.1091 -45.9982 -24.689 -30.7818 44.6129 -25.1208 -23.834 47.1566 -25.622 -22.4215 42.9583 -25.1208 -16.942 43.2314 -25.1549 -8.90459 45.8791 -7.30974 -64.233 52.7995 -7.01214 -57.8027 56.0115 -7.30974 -39.7713 58.5287 -7.01214 -40.17 40.0998 -7.30974 -70.9998 41.9019 -7.01214 -72.8019 26.9027 -7.01214 -83.6994 33.3331 -7.30974 -76.779 8.87136 -7.30974 -86.9114 18.3118 -7.01214 -87.258 0 -7.30974 -87.6096 0 -7.01214 -90.1582 -18.3118 -7.01214 -87.258 -8.87133 -7.30974 -86.9114 -26.9027 -7.01214 -83.6994 -25.7456 -7.30974 -81.4286 -33.3331 -7.30974 -76.779 -34.8311 -7.01214 -78.8408 -40.0998 -7.30974 -70.9998 -41.9019 -7.01214 -72.8019 -45.8791 -7.30974 -64.2331 -47.941 -7.01214 -65.7311 -56.0114 -7.30974 -39.7713 -56.358 -7.01214 -49.2118 -56.7096 -7.30974 -30.9 -59.2583 -7.01214 -30.9 -56.0114 -7.30974 -22.0287 -58.5287 -7.01214 -21.63 -56.7096 -7.30974 -30.9 -59.2583 -7.01214 -30.9 -45.53 -7.25 1.95536 -52.7995 -7.01214 -3.99729 -56.0114 -7.30974 -22.0287 -58.5287 -7.01214 -21.63 40.0998 -7.30974 9.19978 45.3851 -7.25006 2.18812 52.7995 -7.01214 -3.99728 58.5287 -7.01214 -21.63 56.0114 -7.30974 -22.0287 56.7096 -7.30974 -30.9 59.2583 -7.01214 -30.9 56.0114 -7.30974 -22.0287 58.5287 -7.01214 -21.63 56.7096 -7.30974 -30.9 59.2583 -7.01214 -30.9 -65.2431 -4.38134 -20.5665 -65.001 -6.02804 -20.6049 -62.8233 -4.38134 -10.4875 -29.9889 -4.38134 27.9566 -20.4125 -5.59124 31.9233 -19.2662 -4.2733 31.4827 -10.3335 -4.38134 34.3431 0 -4.38134 35.1563 10.3335 -5.59124 34.3431 10.9466 -4.47239 33.5592 20.4125 -4.38134 31.9233 43.9211 -10.0325 -63.6757 38.5309 -9.46161 -69.4309 33.1744 -9.46161 -74.0056 6.81839 -9.50533 -84.3937 0 -9.50533 -84.9305 -6.81836 -9.50533 -84.3937 -33.109 -9.41507 -74.2477 -37.857 -8.99185 -70.4839 -43.3477 -9.41507 -64.009 -53.6756 -9.45335 -37.9611 -54.2313 -9.45335 -30.9 -54.2313 -9.45335 -30.9 -53.6756 -9.45335 -23.8389 53.7579 -9.42982 -23.729 54.3222 -9.42982 -30.9 54.3222 -9.42982 -30.9 53.7579 -9.42982 -38.0709 46.6938 -22.3972 -54.6917 42.2382 -22.9277 -61.8283 30.8033 -22.3972 -73.2971 23.7917 -22.3972 -77.5938 26.4071 -25.1136 -84.5528 0 -25.1136 -90.6935 19.8393 -22.2043 -91.9589 0 -22.2043 -95.1011 -10.0433 -22.2043 -94.3106 -9.35375 -25.1136 -89.9573 -26.407 -25.1136 -84.5528 -28.408 -22.2043 -88.4799 -23.7917 -22.3972 -77.5938 -30.8033 -22.3972 -73.2971 -42.3971 -22.3972 -61.7033 56.7791 -22.6298 -2.85758 58.3033 -22.3008 -30.8999 49.8408 -22.3972 -14.7057 51.7604 -22.3972 -22.7019 51.7605 -22.3972 -39.098 57.5803 -23.1803 -40.5139 53.2834 -25.7127 -39.3392 53.2834 -25.7127 -22.4607 57.5803 -23.1803 -40.5139 49.8408 -22.3972 -47.0942 56.9488 -22.2155 -59.0404 53.6528 -26.3119 -57.307 53.2834 -25.7127 -39.3392 42.859 -25.1136 -52.7377 47.5095 -25.1136 -38.4248 56.9488 -22.2155 -59.0404 53.6528 -26.3119 -57.307 26.4071 -25.1136 -84.5528 28.4081 -22.2043 -88.4799 23.7917 -22.3972 -77.5938 28.4081 -22.2043 -88.4799 19.8393 -22.2043 -91.9589 8.19806 -22.3972 -82.6605 0 -22.2043 -95.1011 -8.19804 -22.3972 -82.6605 -10.0433 -22.2043 -94.3106 -16.1942 -22.3972 -80.7407 -28.408 -22.2043 -88.4799 -26.407 -25.1136 -84.5528 -21.8377 -25.1136 -73.759 -46.209 -22.4244 -54.4447 -57.2646 -22.2138 -58.5452 -52.4226 -22.8647 -39.2845 -62.9805 -22.7352 -40.8751 -63.7655 -22.7352 -30.9 -52.4226 -22.8647 -39.2845 -51.7605 -22.3972 -22.7019 -57.2646 -22.2138 -3.25479 -49.8408 -22.3972 -14.7057 46.9811 -6.27817 -36.7287 44.9987 -6.27818 -45.5214 56.0115 -7.30974 -39.7713 45.513 -8.78487 -36.4961 46.9811 -6.27817 -36.7287 40.1226 -22.9083 -43.9371 41.9172 -22.9082 -35.9266 51.7605 -22.3972 -39.098 45.8791 -7.30974 -64.233 42.1575 -6.27819 -52.3808 46.6938 -22.3972 -54.6917 37.5892 -22.9083 -50.0531 37.3419 -6.27819 -59.9999 33.194 -22.9083 -56.9863 41.6628 -19.9169 -63.026 33.9363 -20.8172 -57.5256 42.2382 -22.9277 -61.8283 33.194 -22.9083 -56.9863 29.0995 -6.2782 -68.2423 21.4803 -6.27819 -73.0579 33.3331 -7.30974 -76.779 28.2258 -8.78487 -67.0397 29.0995 -6.2782 -68.2423 19.1526 -22.9083 -68.4896 26.0858 -22.9083 -64.0944 30.8033 -22.3972 -73.2971 8.87136 -7.30974 -86.9114 14.621 -6.27818 -75.8991 28.4081 -22.2043 -88.4799 13.0366 -22.9083 -71.023 23.7917 -22.3972 -77.5938 5.82828 -6.27819 -77.8815 5.02621 -22.9083 -72.8176 13.0366 -22.9083 -71.023 6.54748 -19.8579 -82.6834 5.16976 -20.8172 -73.7239 -5.82825 -6.27819 -77.8815 -14.621 -6.27817 -75.8991 -8.87133 -7.30974 -86.9114 -5.59572 -8.78487 -76.4133 -6.81836 -9.50533 -84.3937 -13.0366 -22.9082 -71.023 -5.0262 -22.9083 -72.8176 -25.7456 -7.30974 -81.4286 -21.4803 -6.27817 -73.058 -23.7917 -22.3972 -77.5938 -19.1526 -22.9083 -68.4896 -29.0995 -6.27819 -68.2423 -33.3331 -7.30974 -76.779 -26.0858 -22.9083 -64.0944 -32.0282 -19.9798 -72.7601 -26.6252 -20.8172 -64.8368 -26.0858 -22.9083 -64.0944 -37.3418 -6.27819 -60 -42.1575 -6.27819 -52.3808 -45.8791 -7.30974 -64.2331 -36.1393 -8.78487 -59.1263 -43.3477 -9.41507 -64.009 -56.0114 -7.30974 -39.7713 -45.7936 -5.29063 -45.3231 -45.7936 -5.29063 -45.3231 -46.9811 -6.2782 -36.7287 -41.9171 -22.9083 -35.9267 -40.1226 -22.9083 -43.9371 -51.9043 -19.9281 -37.6805 -42.8234 -20.8172 -36.0702 -52.4226 -22.8647 -39.2845 -41.9171 -22.9083 -35.9267 -46.9811 -6.2782 -25.0722 -44.9987 -6.27819 -16.2795 -56.0114 -7.30974 -22.0287 -45.5129 -8.78487 -25.3048 -46.9811 -6.2782 -25.0722 -53.6756 -9.45335 -23.8389 -40.1226 -22.9083 -17.8639 -41.9171 -22.9083 -25.8743 -45.53 -7.25 1.95536 -42.1575 -6.27819 -9.42018 -33.4548 -7.30983 14.8741 -21.4803 -6.27818 11.257 -8.96714 -7.24682 24.4957 -14.621 -6.27818 14.0982 8.70801 -7.30983 25.1235 14.621 -6.27818 14.0982 33.0716 -7.24604 14.4518 21.4803 -6.27818 11.257 42.1575 -6.27819 -9.42016 44.9987 -6.2782 -16.2795 45.3851 -7.25006 2.18812 56.0114 -7.30974 -22.0287 44.9987 -6.2782 -16.2795 46.9811 -6.2782 -25.0722 56.0114 -7.30974 -22.0287 41.9171 -22.9083 -25.8743 40.1225 -22.9083 -17.8638 51.959 -19.9599 -24.0139 42.8234 -20.8172 -25.7307 51.7604 -22.3972 -22.7019 41.9171 -22.9083 -25.8743 56.867 -26.3119 -49.3772 59.0573 -26.3119 -40.2537 59.0573 -26.3119 -40.2537 59.0573 -26.3119 -21.5462 53.8036 -26.3118 -4.86464 48.443 -25.7128 -7.23423 46.3765 -27.304 -23.6472 42.1962 -26.9404 -9.33084 41.6628 -19.9169 -63.026 32.126 -19.9169 -72.5627 6.54748 -19.8579 -82.6834 -6.54745 -19.8579 -82.6834 -41.8601 -19.9798 -62.9282 -51.9043 -19.9281 -24.1194 -51.9043 -19.9281 -24.1194 51.959 -19.9599 -37.786 44.347 -20.1042 -35.1908 46.2261 -9.36627 -35.4884 43.9211 -10.0325 -63.6757 36.1393 -8.78487 -59.1262 36.1423 -9.39947 -60.6887 28.6931 -20.0594 -65.5354 29.7882 -9.39947 -67.0427 6.81839 -9.50533 -84.3937 5.59574 -8.78487 -76.4134 4.36245 -9.44515 -77.3389 -6.54745 -19.8579 -82.6834 -4.07944 -19.9976 -75.5521 -4.36243 -9.44515 -77.3389 -28.2257 -8.78487 -67.0397 -29.5693 -9.35085 -67.0206 -41.8601 -19.9798 -62.9282 -34.5661 -20.1251 -59.3408 -36.1201 -9.35085 -60.4699 -45.5129 -8.78487 -36.4962 -46.2922 -9.39084 -35.4182 -44.4418 -20.071 -26.6758 -46.2922 -9.39084 -26.3827 45.5128 -8.78487 -25.3047 46.226 -9.36627 -26.3125 34.635 -20.0594 -59.5935 4.07945 -19.9976 -75.5521 -28.4403 -20.1251 -65.4666 -44.4418 -20.071 -35.1251 44.3469 -20.1042 -26.6101 42.8235 -20.8172 -36.0702 26.6252 -20.8172 -64.8368 -5.16973 -20.8172 -73.7239 -33.9363 -20.8172 -57.5257 -42.8234 -20.8172 -25.7308 -29.0995 -6.27819 -68.2423 46.9811 -6.2782 -25.0722 8.19806 -22.3972 -82.6605 -8.19804 -22.3972 -82.6605 -52.4226 -22.8647 -39.2845 -51.7605 -22.3972 -22.7019 51.959 -19.9599 -37.786 51.7605 -22.3972 -39.098 51.7605 -22.3972 -39.098 41.9172 -22.9082 -35.9266 26.0858 -22.9083 -64.0944 -42.3971 -22.3972 -61.7033 -33.1939 -22.9083 -56.9864 -51.7605 -22.3972 -22.7019 -41.9171 -22.9083 -25.8743 -68.9657 -1.2797 -19.9769 -69.8253 -1.2797 -30.9 -65.2431 -4.38134 -20.5665 -66.0563 -5.23259 -30.9 -69.8253 -1.2797 -30.9 -68.9657 -1.2797 -41.8231 -66.0563 -5.23259 -30.9 -65.2431 -6.02804 -41.2335 -58.6382 -6.02804 -1.02232 -58.8567 -4.38134 -0.911037 -46.5356 -6.02804 15.6356 -46.7089 -4.38134 15.8089 -38.6829 -6.02804 22.3424 0 -6.02804 34.9112 29.8777 -6.02804 27.7382 29.9889 -4.38134 27.9566 38.6829 -6.02804 22.3424 38.8269 -4.38134 22.5407 58.6381 -6.02804 -1.02232 58.8566 -4.38134 -0.911036 -23.6735 -22.8856 15.2486 -19.1527 -22.9083 6.68873 -26.1535 -22.6461 2.38657 -26.0752 -22.7505 21.2553 -13.0366 -22.9083 9.22209 -23.6735 -22.8856 15.2486 -19.1527 -22.9083 6.68873 19.1526 -22.9083 6.68876 13.0366 -22.9083 9.22209 23.5553 -22.8834 15.324 8.2793 -22.3887 21.3735 25.8688 -22.9083 2.43106 -26.0752 -22.7505 21.2553 -19.6771 -22.7793 26.1818 -8.66171 -22.3972 20.7492 -9.96018 -22.7794 28.5146 0 -22.3008 27.4034 0 -22.7794 29.2985 19.6771 -22.7793 26.1818 27.4751 -22.2185 22.6474 53.8036 -26.3118 -4.86464 59.0573 -26.3119 -21.5462 60.6442 -22.7352 -11.1937 63.7655 -22.7352 -30.8999 59.0573 -26.3119 -40.2537 63.7655 -22.7352 -30.8999 62.9805 -22.7352 -40.8751 60.6442 -22.7351 -50.6063 56.867 -26.3119 -49.3772 51.7481 -27.8614 -22.7964 46.9624 -27.8619 -7.75589 -37.5892 -22.9083 -11.7478 -40.1226 -22.9083 -17.8639 -46.2536 -22.8527 -7.32977 -49.8408 -22.3972 -14.7057 -33.1939 -22.9083 -4.81461 -46.2536 -22.8527 -7.32977 37.5892 -22.9083 -11.7478 33.1939 -22.9083 -4.81463 42.2429 -22.1869 -0.534483 49.8408 -22.3972 -14.7057 40.1225 -22.9083 -17.8638 46.2536 -22.8527 -7.32976 58.3033 -22.3008 -30.8999 62.9805 -22.7352 -40.8751 60.6442 -22.7351 -50.6063 42.1962 -26.9404 -9.33084 46.9624 -27.8619 -7.75589 43.2314 -25.1549 -8.90459 48.443 -25.7128 -7.23423 51.7481 -27.8614 -22.7964 53.2834 -25.7127 -22.4607 -63.7655 -22.7352 -30.9 -60.6442 -22.7351 -11.1937 -57.2646 -22.2138 -3.25479 0 -25.7127 24.8498 9.26423 -25.7127 24.1206 -26.1798 -25.4923 18.7074 -9.26425 -25.7127 24.1206 -8.47362 -25.7127 22.6003 -23.4322 -26.5803 16.2827 -18.0945 -24.8147 11.1672 23.5188 -26.587 16.3181 8.33066 -26.5867 21.1837 7.06598 -25.1208 13.7129 23.5188 -26.587 16.3181 27.4751 -22.2185 22.6474 21.9001 -25.1299 12.1062 -52.1385 -27.8785 -39.1578 -48.6168 -25.7418 -54.8895 -41.8668 -27.2802 -52.1036 -47.1297 -27.5087 -30.9 -52.7885 -27.8785 -30.9 -46.5495 -27.5087 -38.2727 -52.1385 -27.8785 -39.1578 -42.0387 -27.5089 -9.62382 -47.0519 -28.0656 -7.50153 -47.1297 -27.5087 -30.9 -52.7885 -27.8785 -30.9 -47.8332 -24.4925 -39.21 -41.8668 -27.2802 -52.1036 -48.1017 -25.1136 -30.9 -48.1017 -25.1136 -30.9 -53.5664 -26.0967 -57.2824 -58.8919 -26.2947 -40.2275 -57.2646 -22.2138 -58.5452 -62.9805 -22.7352 -40.8751 -58.8919 -26.2947 -40.2275 -58.8919 -26.2947 -21.5724 -53.8294 -26.1667 -4.61292 -8.18349 -8.73079 24.6428 -5.44245 -8.8576 14.7371 -6.50597 -9.70062 18.4547 -5.56594 -9.731 21.5473 5.3634 -9.73097 21.9097 -8.18349 -8.73079 24.6428 5.3634 -9.73097 21.9097 6.66051 -9.70062 18.4547 5.6099 -8.63165 14.7022 -5.69967 -19.6125 20.1573 -6.49513 -19.6903 16.814 -5.15945 -20.967 11.858 -8.11916 -20.8224 21.2893 8.2793 -22.3887 21.3735 5.4741 -19.6095 20.5441 8.2793 -22.3887 21.3735 5.07556 -20.7543 12.0734 6.64943 -19.6903 16.814 30.414 -23.0096 10.9614 37.0564 -22.3972 6.15644 31.832 -19.9438 10.2214 37.5412 -20.515 6.64135 26.5849 -20.9735 2.98038 25.8688 -22.9083 2.43106 42.6105 -20.8168 0.71788 42.2429 -22.1869 -0.534483 42.6105 -20.8168 0.71788 34.0002 -20.7481 -4.0851 33.0716 -7.24604 14.4518 32.8621 -9.70219 11.5135 38.4425 -9.66236 7.54258 29.0994 -6.27818 6.44139 28.395 -8.85048 5.23971 42.6151 -9.68783 2.63862 36.2007 -8.65688 -2.6301 37.3418 -6.27818 -1.80099 42.6151 -9.68783 2.63862 -40.4899 -19.5271 1.35803 -41.6451 -22.439 -0.482201 -37.0564 -22.3972 6.1564 -31.2309 -22.3806 11.1415 -31.11 -19.7185 9.25434 -29.6189 -19.6609 4.02389 -40.4899 -19.5271 1.35803 -34.8147 -19.8941 -1.51453 -42.0021 -9.55466 2.19208 -36.1468 -8.85823 -2.45684 -36.1457 -9.7714 -0.394249 -33.7606 -9.5586 11.2583 -30.2876 -9.47909 5.3108 -28.2807 -8.62731 5.31439 -38.3263 -9.53693 7.42636 29.7809 -9.6323 5.1627 36.1463 -9.29934 -1.34743 28.6633 -20.0767 3.72056 40.7331 -20.5161 1.9937 34.6739 -19.966 -2.1288 40.7331 -20.5161 1.9937 -26.5497 -25.1208 5.6425 -21.7589 -25.1136 11.7894 -36.5425 -25.1208 -4.35032 20.6999 -25.1208 9.22721 36.5425 -25.1208 -4.35031 21.9001 -25.1299 12.1062 -28.8743 -6.27818 6.58373 -37.2526 -6.46416 -1.8658 -40.2453 -7.28571 9.34529 -42.0021 -9.55466 2.19208 -33.4548 -7.30983 14.8741 -28.8743 -6.27818 6.58373 -8.96714 -7.24682 24.4957 0 -7.28443 26.0264 6.10197 -6.27819 16.0189 -5.81007 -6.47406 15.9659 8.70801 -7.30983 25.1235 -5.04504 -22.6338 11.1356 -8.66171 -22.3972 20.7492 -8.66171 -22.3972 20.7492 5.04501 -22.6338 11.1356 5.07556 -20.7543 12.0734 -53.8294 -26.1667 -4.61292 -58.8919 -26.2947 -21.5724 -48.3243 -25.9965 -7.02151 -54.2077 -25.7394 -30.9 -54.2077 -25.7394 -30.9 -53.5402 -25.7394 -39.3799 -48.6168 -25.7418 -54.8895 -53.5664 -26.0967 -57.2824 -53.5402 -25.7394 -39.3799 -52.7885 -27.8785 -30.9 -47.0519 -28.0656 -7.50153 -48.3243 -25.9965 -7.02151 -5.56594 -9.731 21.5473 -5.69967 -19.6125 20.1573 6.64943 -19.6903 16.814 5.4741 -19.6095 20.5441 8.33066 -26.5867 21.1837 -46.209 -22.4244 -54.4447 29.0994 -6.27818 6.44139 -57.2646 -22.2138 -3.25479 -9.5258 -6.02918 29.2435 -27.6449 -6.02918 23.3563 -43.058 -6.02918 12.158 -54.2563 -6.02918 -3.25504 -60.1435 -6.02918 -21.3742 -60.1435 -6.02918 -21.3742 -65.001 -6.02804 -20.6049 -60.8932 -6.02918 -30.9 -66.0563 -5.23259 -30.9 54.2562 -6.02918 -3.25504 36.228 -6.2658 19.5537 29.8777 -6.02804 27.7382 36.228 -6.2658 19.5537 26.8343 -5.73617 22.9498 18.817 -6.02918 27.0129 0 -6.02918 29.9932 -18.2504 -6.1438 24.6836 -60.8932 -6.02918 -30.9 -60.8932 -6.02918 -30.9 -60.1435 -6.02918 -40.4258 -54.2562 -6.02918 -58.5449 -43.058 -6.02918 -73.958 -35.7921 -6.02918 -80.1636 -27.6449 -6.02918 -85.1562 -9.52578 -6.02918 -91.0435 0 -6.02918 -91.7932 9.52581 -6.02918 -91.0435 27.645 -6.02918 -85.1562 43.058 -6.02918 -73.958 53.9607 -6.15857 -58.3943 59.816 -6.15857 -40.3739 60.5615 -6.15857 -30.9 60.5615 -6.15857 -30.9 60.1435 -6.02918 -21.3742 60.1435 -6.02918 -21.3742 26.9027 -7.01214 21.8995 26.8343 -5.73617 22.9498 18.3118 -7.01214 25.458 44.6129 -25.1208 -37.9659 35.9195 -20.3265 -36.589 40.2459 -25.1208 -51.4063 32.4035 -20.3265 -47.4104 36.5425 -25.1208 -57.4497 29.4217 -20.3265 -52.2762 26.5497 -25.1208 -67.4425 21.3762 -20.3265 -60.3217 20.5063 -25.1208 -71.1458 16.5104 -20.3265 -63.3035 7.066 -25.1208 -75.5129 5.6891 -20.3265 -66.8196 -7.06598 -25.1208 -75.5129 -5.68909 -20.3265 -66.8196 -20.5063 -25.1208 -71.1458 -16.5104 -20.3265 -63.3035 -26.5497 -25.1208 -67.4425 -21.3762 -20.3265 -60.3217 -36.5425 -25.1208 -57.4497 -29.4217 -20.3265 -52.2762 -40.2459 -25.1208 -51.4063 -32.4035 -20.3265 -47.4104 -35.9195 -20.3265 -36.589 -36.3673 -20.3265 -30.9 -36.3673 -20.3265 -30.9 -34.5873 -20.3265 -19.6619 -32.4035 -20.3265 -14.3896 -36.5425 -25.1208 -4.35032 -26.5497 -25.1208 5.6425 -16.5104 -20.3265 1.50351 -11.2381 -20.3265 3.68736 -5.6891 -20.3265 5.01955 0 -25.1208 14.269 0 -20.3265 5.46729 5.68909 -20.3265 5.01955 11.2381 -20.3265 3.68736 21.3762 -20.3265 -1.47823 29.4217 -20.3265 -9.52384 34.5873 -20.3265 -19.6619 36.3673 -20.3265 -30.9 36.3673 -20.3265 -30.9 -62.6666 -23.9523 9.80288 -37.9444 -23.9518 9.9674 -61.4503 -20.4791 9.78062 -36.9086 -20.9046 10.2742 -62.769 -23.9521 4.14684 -37.9444 -23.9518 9.9674 -62.769 -23.9521 4.14684 -37.2083 -20.7349 4.14684 -51.2929 -13.2456 8.73845 -53.326 -14.3744 2.97817 -52.4672 -14.9893 4.17308 -54.4072 -20.6307 5.85439 -52.4653 -18.6378 4.14684 -57.2955 -20.7343 4.14684 -49.1972 -14.2096 2.97817 -34.398 -13.113 2.95216 -34.398 -13.2456 8.73845 -71.9205 -13.113 2.95216 -37.2083 -20.7349 4.14684 -50.1203 -18.6378 4.14684 -48.3606 -20.6078 6.31769 -50.1183 -14.9893 4.17308 -52.4653 -18.6378 4.14684 -54.4072 -20.6307 5.85439 -48.3606 -20.6078 6.31769 -50.1183 -14.9893 4.17308 -48.3606 -20.6078 6.31769 -50.1203 -18.6378 4.14684 -50.1183 -14.9893 4.17308 -62.6666 -23.9523 9.80288 -71.9205 -13.2456 8.73845 -70.4481 -14.2297 3.75677 -68.9086 -15.421 4.95168 -68.4149 -14.1484 8.2989 -66.6398 -14.813 4.95168 -66.3192 -14.0649 3.75677 -61.1104 -20.7659 7.07465 -61.5086 -20.6343 4.14684 -62.7865 -20.3906 5.08825 -66.3192 -14.0649 3.75677 -65.9969 -12.1657 4.31647 -65.0644 -13.0554 7.89354 -63.7775 -22.5159 5.08825 -62.769 -23.9521 4.14684 -62.411 -23.6361 6.79687 -68.9086 -15.421 4.95168 -61.1104 -20.7659 7.07465 -61.1104 -20.7659 7.07465 -62.7865 -20.3906 5.08825 -66.6398 -14.813 4.95168 24.3842 -30.3142 -4.99457 24.9161 -39.7496 -4.76105 25.7094 -32.8948 -8.40524 25.7094 -37.2238 -8.40524 21.4483 -32.8948 -5.78125 20.8232 -40.3092 -5.85774 22.2952 -30.713 -5.55431 25.7094 -32.8948 -8.40524 25.7094 -37.2238 -8.40524 22.982 -30.5393 -9.77345 21.9695 -40.3092 -10.1358 37.1914 -26.8133 -5.32865 37.8921 -24.3817 -2.01255 21.4483 -32.8948 -5.78125 20.8232 -40.3092 -5.85774 32.1225 -25.6628 -2.92109 14.6617 -26.238 -7.59969 10.4288 -26.238 -9.37132 24.5476 -30.713 -9.35396 33.2233 -25.6628 -7.0293 37.1914 -26.8133 -5.32865 38.6742 -24.3817 -4.93133 10.4288 -26.238 -9.37132 15.7625 -26.238 -11.7079 36.3412 -24.1937 -1.79071 33.4042 -22.8854 -3.17308 24.9273 -52.2862 -5.48646 25.7094 -52.2862 -8.40524 34.5032 -24.238 -5.49172 38.6742 -24.3817 -4.93133 13.9403 -41.4901 -11.9637 12.9558 -41.4901 -8.28927 21.4483 -52.2862 -5.78125 23.8916 -56.6664 -6.73961 25.7094 -52.2862 -8.40524 21.9155 -52.2862 -9.4218 19.2178 -48.868 -10.1447 23.8916 -56.6664 -6.73961 22.9513 -56.6664 -8.16866 21.4483 -52.2862 -5.78125 18.4357 -48.868 -7.22587 22.9513 -56.6664 -8.16866 12.9558 -41.4901 -8.28927 11.4291 -50.2918 -9.25643 18.4357 -48.868 -7.22587 12.0123 -49.286 -12.4803 11.4291 -50.2918 -9.25643 8.10037 -50.7978 -9.45528 9.15243 -50.7978 -13.3816 24.3842 -30.3142 -4.99457 32.1225 -25.6628 -2.92109 24.5476 -30.713 -9.35396 22.982 -30.5393 -9.77345 33.4042 -22.8854 -3.17308 15.7625 -26.238 -11.7079 44.462 -44.5014 -10.558 46.9936 -44.5014 -10.558 43.8725 -39.3933 -11.1198 47.5831 -38.6323 -10.5354 43.8725 -39.3933 -11.1198 43.9462 -44.5014 -13.4373 43.8725 -38.6323 -13.9597 45.2515 -48.1711 -11.6679 47.5831 -38.6323 -10.5354 46.9936 -40.0662 -13.8486 46.9936 -44.5014 -13.8486 46.9936 -40.0662 -19.7783 44.462 -40.0662 -19.7783 46.9936 -40.0662 -13.8486 46.2041 -48.1711 -12.7387 43.9462 -44.5014 -13.4373 46.9936 -44.5014 -13.8486 46.2041 -48.1711 -12.7387 45.2515 -48.1711 -11.6679 46.9936 -40.0662 -19.7783 47.3213 -39.6216 -26.6643 44.462 -40.0662 -19.7783 44.1343 -39.6216 -26.6643 44.0251 -43.2544 -30.8464 47.4305 -43.2544 -30.8464 44.462 -22.7918 -10.558 46.9936 -22.7918 -10.558 43.8725 -38.6323 -13.9597 43.9462 -22.7918 -13.4373 47.5094 -22.7918 -13.4373 43.9462 -22.7918 -13.4373 40.0241 -1.29622 -20.6842 55.0692 -1.53448 -19.0693 73.4745 -2.06653 -19.0359 29.1303 -1.53448 -55.3288 35.5493 -0.941622 -50.8172 29.884 -2.01953 -56.808 40.4227 -1.53448 -56.1457 16.564 -2.04344 -60.9108 22.4592 -2.01953 -59.8835 -10.0739 -0.6064 -59.9527 -17.8771 -0.543241 -57.0601 -27.4452 -1.2797 -50.1167 41.3557 -2.10846 -69.3911 27.6862 -1.2797 -76.5548 16.564 -2.04344 -60.9108 27.6862 -1.2797 -76.5548 6.109 -1.2797 -79.9722 -19.0168 -1.05796 -14.6224 -17.4812 -1.23771 -17.4812 -24.7868 -1.52953 -18.0087 -15.8805 -1.05796 -21.9796 -44.5498 -1.53448 -25.9879 -30.6157 -1.41535 -35.3447 -12.2103 -1.29622 -42.9647 -5.11522 -1.0227 -54.3149 19.4374 -1.41535 -51.1834 27.3799 -1.47491 -51.9558 27.3799 -1.47491 -51.9558 35.5493 -0.941622 -50.8172 33.7211 -1.47491 -48.0717 47.2687 1.73797 -41.5935 67.5932 -3.45389 -45.6445 33.7211 -1.47491 -48.0717 40.4253 1.77554 -36.6608 24.7109 -0.335496 -20.2437 17.6821 -1.05796 -25.4369 20.5009 -1.52953 -22.7686 -57.7346 -1.53448 -34.5909 -69.599 -1.53448 -34.5909 -60.2398 -1.53448 -27.0391 -69.4112 -1.53448 -27.0391 6.109 -1.2797 -79.9722 -24.7868 -1.52953 -18.0087 -9.85923 -1.17709 -36.7827 -30.6157 -1.41535 -35.3447 -12.2103 -1.29622 -42.9647 -9.85923 -1.17709 -36.7827 -0.710732 -0.645241 -37.877 -0.77057 -0.626084 -46.0121 -0.710732 -0.645241 -37.877 11.7948 -0.429887 -37.604 9.17331 -1.41535 -53.3845 11.7948 -0.429887 -37.604 22.7519 0.961348 -32.5747 22.1284 1.66595 -41.8369 31.9301 -0.082831 -20.791 32.3982 -1.17709 -19.4603 40.0241 -1.29622 -20.6842 55.0692 -1.53448 -19.0693 24.7109 -0.335496 -20.2437 20.5009 -1.52953 -22.7686 23.4243 -0.335496 -19.8257 33.5819 2.35723 -31.7281 47.2687 1.73797 -41.5935 40.4253 1.77554 -36.6608 73.4745 -2.06653 -19.0359 -15.8805 -1.05796 -21.9796 -13.3147 -1.05796 -24.9652 -24.7868 -1.52953 -18.0087 -9.85923 -1.17709 -36.7827 -6.98133 -1.05796 -29.5667 -3.20255 -1.52953 -30.4703 -3.20255 -1.52953 -30.4703 0.464023 -1.05796 -30.6467 3.20256 -1.52953 -30.4703 7.8163 -1.05796 -29.8455 9.46772 -1.52953 -29.1386 12.0544 -1.05796 -28.5087 15.3191 -1.52953 -26.5334 -38.1666 -1.41535 -23.1465 -30.6157 -1.41535 -35.3447 -12.2103 -1.29622 -42.9647 -6.63668 -0.626084 -44.8777 -5.11522 -1.0227 -54.3149 -0.77057 -0.626084 -46.0121 17.0959 0.903816 -43.9931 22.1284 1.66595 -41.8369 25.6294 1.77554 -48.5828 25.6294 1.77554 -48.5828 -34.0634 -1.53448 -59.9066 -39.182 -1.53448 -55.4625 -31.8154 -1.53448 -56.6891 -43.4506 -1.41159 -44.5618 -56.3173 -1.53448 -26.7763 -43.4506 -1.41159 -44.5618 -52.3948 -1.53448 -26.5135 -39.182 -1.53448 -55.4625 -43.1034 -1.2797 -56.8166 -57.7346 -1.53448 -34.5909 -56.3173 -1.53448 -26.7763 -31.9301 -5.52359 20.791 -73.1375 -5.52359 20.791 -31.9301 -12.5439 20.791 -74.8742 -12.5439 20.791 -21.1665 -13.46 20.3395 -20.8737 -4.50308 20.791 -73.6676 -1.20515 20.791 -74.8742 -0.0828105 20.791 -74.8742 -4.50308 20.791 -31.9301 -5.52359 28.4265 -73.6676 -5.00814 28.076 -31.9301 -0.767306 -27.0584 -31.9301 -5.41163 -27.0584 -73.1375 -0.767306 -27.0584 -73.1375 -5.41163 -27.0584 -20.8737 -5.41163 -20.791 -31.9301 -5.41163 -20.791 -31.9301 -12.5439 -20.791 -73.1375 -12.5439 -20.791 -73.1375 -5.41163 -20.791 -20.8737 -12.5439 -20.791 -74.8742 -12.5439 -20.791 -31.9301 -12.5439 -11.3756 -20.8737 -12.5439 -11.3756 -32.4151 -12.7989 11.9309 -75.8803 -12.5439 11.3756 -20.8737 -12.5439 11.3756 -32.4151 -12.7989 11.9309 -75.8803 -12.5439 11.3756 -20.8737 -4.50308 -11.3756 -20.8737 -4.50308 11.3756 -20.8737 -12.5439 11.3756 -75.8803 -4.50308 -11.3756 -74.8742 -4.50308 -20.791 -75.8803 -4.50308 11.3756 -75.8803 -4.50308 11.3756 -75.8803 -0.0828105 -11.3756 -74.8742 -0.0828105 -20.791 -80.3233 -2.6421 8.81452 -80.3233 -0.0828105 8.81452 -80.3233 -2.6421 -8.81452 -80.3233 -0.0828105 -8.81452 -80.3233 -2.6421 8.81452 74.8742 -12.544 20.791 73.1375 -5.52364 20.791 31.9301 -12.5439 20.791 32.3237 -6.22871 21.5959 74.8742 -0.0828597 20.791 73.6676 -1.2052 20.791 74.8742 -4.50313 20.791 31.8353 -5.18692 27.1899 73.1375 -0.673361 28.4265 73.6676 -5.00819 28.076 20.8737 -4.50309 20.791 73.1375 -5.41168 -27.0584 31.9301 -5.41165 -27.0584 73.1375 -0.767354 -27.0584 31.9301 -0.767327 -27.0584 31.9301 -5.41165 -20.791 20.8737 -5.41165 -20.791 31.9301 -0.082831 -20.791 73.1375 -5.41168 -20.791 73.1375 -12.544 -20.791 31.9301 -12.5439 -20.791 20.8737 -12.5439 -20.791 75.8803 -12.544 -11.3756 31.9301 -12.5439 -11.3756 20.8737 -12.5439 -11.3756 75.8803 -12.544 11.3756 31.9301 -12.5439 0 31.9301 -12.5439 -11.3756 20.8737 -12.5439 0 20.8737 -12.5439 -11.3756 74.8742 -12.544 20.791 20.8737 -12.5439 20.791 20.8737 -4.50309 -11.3756 20.8737 -4.50309 0 74.8742 -12.544 -20.791 74.8742 -4.50313 -20.791 75.8803 -12.544 -11.3756 75.8803 -4.50313 -11.3756 75.8803 -4.50313 11.3756 75.8803 -12.544 11.3756 75.8803 -4.50313 11.3756 74.8742 -0.0828597 -20.791 75.8803 -0.0828597 -11.3756 80.3233 -0.0828635 -8.81452 80.3233 -0.0828635 8.81452 80.3233 -2.64215 -8.81452 80.3233 -2.64215 8.81452 80.3233 -2.64215 8.81452 31.9301 -0.082831 20.791 31.8353 -5.18692 27.1899 32.3237 -6.22871 21.5959 73.1375 -0.767354 -20.791 31.9301 -5.41165 -20.791 73.1375 -5.41168 -20.791 -3.27547 0.902093 -48.719 -1.35084 1.85594 -47.8259 4.24486 1.06718 -47.8346 -0.77057 -0.626084 -46.0121 2.36324 0.607885 -47.5103 -1.35084 1.85594 -47.8259 4.24486 1.06718 -47.8346 -3.8066 -2.98069 -50.9162 -4.52671 -0.890699 -51.6181 4.3214 0.72528 -50.5892 -3.27547 0.902093 -48.719 -2.19319 -0.577416 -47.2 -3.8066 -2.98069 -50.9162 -4.52671 -0.890699 -51.6181 -1.35084 1.85594 -47.8259 -7.05628 -1.44607 -48.3662 -2.48522 -0.939533 -45.2103 -6.73617 -0.671101 -46.4078 -5.77927 -2.4889 -46.3325 -5.14925 0.146342 -44.8065 -6.73617 -0.671101 -46.4078 -13.5531 -1.56021 -53.6926 -9.93817 0.0854849 -47.3027 -5.11522 -1.0227 -54.3149 -4.52671 -0.890699 -51.6181 -11.5875 -1.94599 -48.5268 -10.4469 -1.48176 -47.3236 -9.93817 0.0854849 -47.3027 -4.52671 -0.890699 -51.6181 -7.05628 -1.44607 -48.3662 -13.6518 -3.54001 -55.1175 -14.0747 -1.89332 -55.3173 -6.30671 -1.76388 -54.469 -11.5875 -1.94599 -48.5268 -12.2103 -1.29622 -42.9647 -9.78404 -2.56589 -47.8324 -9.93817 0.0854849 -47.3027 -9.93817 0.0854849 -47.3027 -12.2103 -1.29622 -42.9647 -8.17526 0.0150644 -42.5966 -12.0458 -0.264438 -41.898 -8.17526 0.0150644 -42.5966 -12.2103 -1.29622 -42.9647 -9.78404 -2.56589 -47.8324 20.5733 7.40198 -45.2701 14.899 6.59822 -48.4538 16.9044 5.08236 -45.5808 18.3822 5.80156 -47.1703 16.9044 5.08236 -45.5808 14.899 6.59822 -48.4538 23.4961 6.325 -46.8244 25.2207 7.71053 -45.8573 24.7512 6.57393 -47.2698 22.1666 6.38736 -45.8591 23.8878 7.56253 -45.2082 23.6927 3.14404 -45.286 28.7925 7.90491 -48.0407 27.0971 7.30238 -45.7936 28.3588 8.87645 -43.568 30.8853 9.51328 -45.4229 27.0971 7.30238 -45.7936 28.7925 7.90491 -48.0407 9.17001 5.13073 -43.4499 6.56325 4.86508 -41.0222 7.72764 3.07558 -38.5509 45.2301 6.43263 -42.4034 45.8071 2.28401 -44.5764 44.6357 4.28978 -46.3745 46.547 11.6738 -44.7785 49.6207 16.7417 -42.8409 45.8241 2.36734 -41.3991 47.2687 1.73797 -41.5935 45.2301 6.43263 -42.4034 47.2687 1.73797 -41.5935 47.5221 -0.930645 -45.5801 45.8071 2.28401 -44.5764 46.3881 -0.464954 -46.8136 47.5221 -0.930645 -45.5801 45.3213 -1.56382 -48.9337 42.032 5.94274 -39.0133 45.6952 -2.49907 -41.3554 46.1127 -0.317165 -43.9796 46.1127 -0.317165 -43.9796 47.5221 -0.930645 -45.5801 47.2687 1.73797 -41.5935 40.9221 -0.0327482 -51.1671 42.1439 3.39328 -50.5825 38.2287 3.67459 -51.4086 36.8907 -1.2797 -52.5143 42.4622 -1.12547 -49.943 48.7366 15.9826 -47.9086 51.0855 23.5093 -43.2143 43.469 13.1327 -49.493 44.7561 13.7107 -38.8276 42.6793 15.3982 -39.6444 37.9426 11.1823 -38.6788 35.1015 -0.330947 -52.5349 32.2854 7.44042 -51.297 37.5132 10.5995 -50.8214 38.3105 9.02878 -35.8926 42.0379 1.88919 -34.9039 32.3829 0.535205 -51.5793 33.4766 11.9762 -42.3424 41.5148 17.7653 -42.7836 46.9541 20.3741 -47.0441 29.458 1.18252 -52.0914 29.458 1.18252 -52.0914 26.3892 0.269104 -49.6084 38.2287 3.67459 -51.4086 25.6294 1.77554 -48.5828 29.7429 -0.506916 -52.0914 26.3892 0.269104 -49.6084 29.458 1.18252 -52.0914 39.5145 13.1045 -47.6524 41.5148 17.7653 -42.7836 35.7465 10.1881 -39.2426 37.1089 3.34757 -35.4523 40.8828 0.280049 -33.9994 33.4766 11.9762 -42.3424 28.7925 7.90491 -48.0407 28.3588 8.87645 -43.568 26.3892 0.269104 -49.6084 23.3615 0.673026 -47.0833 23.6927 3.14404 -45.286 32.2854 7.44042 -51.297 28.7925 7.90491 -48.0407 27.0971 7.30238 -45.7936 34.6447 -1.35308 -32.9465 35.3005 -1.42513 -31.1067 31.0643 4.97661 -37.1156 28.3588 8.87645 -43.568 23.6927 3.14404 -45.286 25.3889 6.36766 -45.63 25.2207 7.71053 -45.8573 29.0721 -0.488558 -32.2032 22.1284 1.66595 -41.8369 21.5904 2.31022 -39.1126 23.2854 4.80355 -41.7657 26.0033 3.89921 -38.5443 25.3889 6.36766 -45.63 23.2854 4.80355 -41.7657 27.0971 7.30238 -45.7936 28.4621 0.333761 -34.9448 21.5904 2.31022 -39.1126 23.3037 1.8807 -36.1325 19.6024 -1.64351 -41.6216 24.8207 0.44414 -37.0635 47.2687 1.73797 -41.5935 44.8786 0.656656 -42.4098 47.9534 1.3792 -42.9706 46.9816 -2.54206 -46.9077 45.3213 -1.56382 -48.9337 48.4166 4.55014 -42.8289 45.8241 2.36734 -41.3991 48.4166 4.55014 -42.8289 45.2301 6.43263 -42.4034 48.4166 4.55014 -42.8289 43.803 1.37963 -45.8978 44.8223 3.0268 -43.9793 42.4753 0.787321 -50.1185 45.2301 6.43263 -42.4034 44.4812 1.94095 -43.2884 45.8241 2.36734 -41.3991 44.8223 3.0268 -43.9793 44.4812 1.94095 -43.2884 45.2301 6.43263 -42.4034 43.803 1.37963 -45.8978 42.4753 0.787321 -50.1185 40.9814 -1.37206 -48.1775 46.547 11.6738 -44.7785 45.3292 12.9497 -46.0949 49.6207 16.7417 -42.8409 16.7529 2.33501 -40.1434 17.1117 1.06912 -37.9032 18.2654 1.68761 -39.6873 18.2654 1.68761 -39.6873 16.3932 0.772159 -39.9136 16.7529 2.33501 -40.1434 13.1457 4.47655 -38.5525 14.8438 -0.330605 -40.97 13.3473 0.277936 -40.7122 13.3473 0.277936 -40.7122 13.943 -1.17306 -38.2174 13.1457 4.47655 -38.5525 14.8438 -0.330605 -40.97 21.5904 2.31022 -39.1126 20.7876 0.0224378 -39.5668 19.6083 0.317305 -38.9679 25.3889 6.36766 -45.63 23.6927 3.14404 -45.286 25.5529 -1.14635 -45.1485 24.0051 -0.761452 -49.4244 25.7822 7.25999 -52.0914 29.8634 7.02857 -50.6448 23.4961 6.325 -46.8244 28.7925 7.90491 -48.0407 20.6224 0.0362614 -48.1262 22.6805 0.189113 -43.6925 24.7512 6.57393 -47.2698 23.6927 3.14404 -45.286 25.3889 6.36766 -45.63 28.7925 7.90491 -48.0407 23.4961 6.325 -46.8244 20.6224 0.0362614 -48.1262 50.6193 -1.20312 -40.5962 51.9607 -0.103722 -44.3155 47.9534 1.3792 -42.9706 47.9534 1.3792 -42.9706 51.9607 -0.103722 -44.3155 47.5221 -0.930645 -45.5801 47.9534 1.3792 -42.9706 47.7407 -0.437237 -40.9576 49.3489 0.180723 -40.9121 52.8209 -0.606713 -41.6288 45.8241 2.36734 -41.3991 46.2008 0.38656 -40.937 47.9534 1.3792 -42.9706 45.8071 2.28401 -44.5764 45.8241 2.36734 -41.3991 45.8071 2.28401 -44.5764 47.5221 -0.930645 -45.5801 46.1127 -0.317165 -43.9796 43.5272 -2.24194 -39.8053 46.1127 -0.317165 -43.9796 43.5272 -2.24194 -39.8053 45.8241 2.36734 -41.3991 44.6357 4.28978 -46.3745 49.2348 14.7207 -40.5024 47.9178 10.2569 -41.0798 45.2301 6.43263 -42.4034 45.8071 2.28401 -44.5764 45.8878 3.77741 -46.3459 45.2301 6.43263 -42.4034 46.4523 11.1924 -41.0471 44.6357 4.28978 -46.3745 44.8223 3.0268 -43.9793 45.8071 2.28401 -44.5764 45.2301 6.43263 -42.4034 44.6357 4.28978 -46.3745 44.8223 3.0268 -43.9793 45.2301 6.43263 -42.4034 15.4226 -0.214969 -43.6942 11.5522 6.10313 -44.72 14.8438 -0.330605 -40.97 7.72764 3.07558 -38.5509 3.52316 -1.12341 -36.8569 12.978 0.154282 -46.3278 9.88028 4.51549 -47.9782 11.5522 6.10313 -44.72 9.17001 5.13073 -43.4499 9.06571 4.54815 -41.5324 6.56325 4.86508 -41.0222 3.14999 1.36259 -40.3254 4.48987 0.76518 -46.1313 1.02963 -0.718426 -39.6402 2.12039 0.847429 -44.2389 0.354268 -1.23483 -43.6798 2.12039 0.847429 -44.2389 14.0309 1.19367 -48.5711 14.899 6.59822 -48.4538 18.3822 5.80156 -47.1703 15.6084 4.56778 -45.1879 12.7196 -0.0790893 -44.0502 15.4226 -0.214969 -43.6942 14.899 6.59822 -48.4538 11.7707 1.55547 -47.5418 2.12039 0.847429 -44.2389 2.62891 0.557262 -42.5562 2.94865 2.35846 -43.7949 2.12039 0.847429 -44.2389 2.30933 -1.20731 -45.1942 0.354268 -1.23483 -43.6798 2.94865 2.35846 -43.7949 2.47319 -2.59202 -43.1557 2.12039 0.847429 -44.2389 2.47319 -2.59202 -43.1557 15.6084 4.56778 -45.1879 17.3859 -0.373349 -50.4653 15.43 -0.276031 -48.1993 15.9244 -0.809497 -42.4395 16.1812 0.695231 -41.5327 15.6084 4.56778 -45.1879 18.4971 4.82091 -41.2773 20.7876 0.0224378 -39.5668 16.9044 5.08236 -45.5808 20.5733 7.40198 -45.2701 15.6084 4.56778 -45.1879 24.3409 3.79269 -47.1892 24.0051 -0.761452 -49.4244 23.2854 4.80355 -41.7657 20.5733 7.40198 -45.2701 20.5733 7.40198 -45.2701 18.3822 5.80156 -47.1703 24.2206 1.00577 -42.659 24.2206 1.00577 -42.659 24.3409 3.79269 -47.1892 4.93689 1.73734 -40.1516 1.99898 0.107643 -37.9657 3.14999 1.36259 -40.3254 -0.710732 -0.645241 -37.877 1.73938 2.22703 -39.8066 -1.39282 1.17536 -40.0216 1.91055 2.3676 -41.1151 1.99898 0.107643 -37.9657 -1.60344 -0.14341 -39.4203 -6.63668 -0.626084 -44.8777 -2.32003 -0.279102 -42.4985 -5.92547 -1.42775 -43.9442 -5.92547 -1.42775 -43.9442 -2.32003 -0.279102 -42.4985 -3.81114 -0.113851 -44.4989 -14.5229 -1.44476 -36.9202 -12.0458 -0.264438 -41.898 -10.4295 -1.99279 -42.1798 -8.17526 0.0150644 -42.5966 50.1003 -0.787379 -33.5601 53.6159 2.73934 -35.9047 49.597 0.786771 -31.8639 48.3962 1.44925 -36.7493 47.2506 2.98967 -34.8524 53.6159 2.73934 -35.9047 49.9928 -1.94057 -44.1224 51.2401 -2.02865 -32.229 53.6159 2.73934 -35.9047 55.0415 0.977538 -38.3383 56.2804 -5.07065 -38.9919 49.9928 -1.94057 -44.1224 55.0415 0.977538 -38.3383 56.6335 -4.15673 -36.8143 40.8828 0.280049 -33.9994 43.8751 3.80599 -34.323 43.2664 0.113746 -33.7139 43.2664 0.113746 -33.7139 44.8981 1.17461 -31.8829 40.8828 0.280049 -33.9994 44.8981 1.17461 -31.8829 43.8751 3.80599 -34.323 39.5374 2.8204 -28.1705 39.3321 3.4305 -29.8812 35.8946 3.52355 -31.3852 36.7441 5.00442 -31.2383 38.0747 1.04142 -28.7059 35.7372 1.98929 -30.9508 38.7164 2.79534 -31.6879 36.7441 5.00442 -31.2383 39.3321 3.4305 -29.8812 35.7372 1.98929 -30.9508 35.8946 3.52355 -31.3852 44.8981 1.17461 -31.8829 43.8751 3.80599 -34.323 42.0379 1.88919 -34.9039 44.8981 1.17461 -31.8829 45.3961 -0.80856 -33.7592 43.8751 3.80599 -34.323 44.9585 2.51682 -36.967 -7.63559 4.23808 -84.7891 -6.71998 3.0046 -88.7258 -13.2209 6.7156 -86.8644 -12.3053 5.48212 -90.8011 -12.3413 -2.0285 -83.9201 -14.1751 -1.28138 -84.9223 -11.4257 -3.26197 -87.8568 -13.2595 -2.51486 -88.8591 -14.1751 -1.28138 -84.9223 -13.2595 -2.51486 -88.8591 -11.4257 -3.26197 -87.8568 -6.71998 3.0046 -88.7258 -7.63559 4.23808 -84.7891 -13.2209 6.7156 -86.8644 -5.29159 1.44774 -109.443 1.36136 6.04356 -109.839 -6.2616 11.2539 -113.97 0.555022 5.67721 -115.136 -6.2616 11.2539 -113.97 1.36136 6.04356 -109.839 -5.47646 1.61643 -114.222 0.407395 2.22247 -115.3 -5.47646 1.61643 -114.222 -26.08 -8.57557 -71.4013 -26.1901 1.74755 -71.0626 -23.1225 -8.57557 -69.2526 -22.6211 1.74755 -67.4936 -32.405 1.74755 -69.0432 -29.7357 -8.57557 -71.4013 -33.1945 1.74755 -67.4936 -33.8228 -8.57557 -65.7759 -32.6931 -8.57557 -62.2991 -32.405 1.74755 -62.5085 -33.8228 -8.57557 -65.7759 -33.1945 1.74755 -67.4936 -26.1901 1.74755 -60.4892 -29.7357 -8.57557 -60.1504 -24.4311 -8.57557 -60.9906 -22.2824 -8.57557 -63.948 -22.6211 1.74755 -64.0581 -22.6211 1.74755 -67.4936 -29.7357 -8.57557 -60.1504 -32.6931 -8.57557 -62.2991 -22.2824 -8.57557 -63.948 -32.6075 3.25435 -67.3029 -27.9078 3.25435 -70.7174 -31.9056 3.25435 -68.6804 -32.6075 3.25435 -64.2488 -27.9078 3.25435 -70.7174 -32.6075 3.25435 -67.3029 -26.3808 3.25435 -61.0762 -23.2082 3.25435 -64.2489 -26.3808 3.25435 -61.0762 -23.2082 3.25435 -67.3029 -32.6075 3.25435 -64.2488 -23.2082 3.25435 -67.3029 -23.2082 3.25435 -64.2489 -1.87058 5.16823 -90.3223 -0.444699 5.12248 -94.6039 -11.9234 7.82472 -93.1575 -0.393508 1.99242 -96.4752 -4.46373 -3.23151 -93.8954 -2.30021 1.92929 -91.8965 -10.6614 1.18806 -90.7446 -10.5172 -2.72963 -94.15 -11.9234 7.82472 -93.1575 -11.3363 -1.96665 -97.4925 -10.5172 -2.72963 -94.15 -5.34992 -3.69053 -95.0678 -2.86547 -0.195389 -97.6134 -0.393508 1.99242 -96.4752 -11.3363 -1.96665 -97.4925 -11.9234 7.82472 -93.1575 -0.444699 5.12248 -94.6039 -36.7497 0.251388 -65.0888 -32.405 1.74755 -62.5085 -33.7268 8.334 -64.1507 -41.8771 -0.876068 -65.4358 -39.6781 -0.929469 -65.1988 -34.4464 10.0438 -67.8024 -41.8771 -0.876068 -65.4358 -39.7223 3.59855 -68.5942 -40.1277 1.50541 -68.5462 -30.7953 5.35831 -69.1151 -33.3578 8.80317 -68.6701 -32.6075 3.25435 -67.3029 -30.7953 5.35831 -69.1151 -32.405 1.74755 -62.5085 -36.7497 0.251388 -65.0888 -35.8583 2.91071 -68.4949 -30.7953 5.35831 -69.1151 -35.8583 2.91071 -68.4949 -31.9056 3.25435 -68.6804 -74.8742 -0.0828105 -20.791 -73.5092 -0.335496 -18.0549 -73.1375 -0.767306 -20.791 -73.6676 -1.20515 20.791 -72.2227 -0.335496 20.0009 -74.8742 -0.0828105 20.791 -74.8742 -0.0828105 20.791 -73.5092 -0.335496 18.2301 -73.6676 -1.20515 20.791 -72.2227 -0.335496 20.0009 -24.7868 0.513008 -18.0087 -23.7384 -0.335496 -17.3785 -24.7868 0.513008 -18.0087 -27.1067 -0.335496 -16.2841 -26.9002 -0.718403 13.7063 -24.7868 0.513008 18.0086 -23.7384 -0.335496 17.5537 -22.9873 -0.204826 19.633 -26.9002 -0.718403 13.7063 -23.7384 -0.335496 17.5537 -27.1067 -0.335496 20.0009 -22.9873 -0.204826 19.633 -27.1067 -0.335496 20.0009 -24.7868 0.513008 18.0086 24.7868 0.513008 -18.0087 24.7868 0.513008 -18.0087 26.9001 -0.613869 13.7063 24.7868 0.513008 18.0086 26.4817 -0.335496 19.5166 26.4817 -0.335496 19.5166 24.7868 -1.52953 18.0086 26.9001 -0.613869 13.7063 24.7868 -1.52953 18.0086 22.9873 -0.903469 19.633 22.9873 -0.903469 19.633 24.7868 0.513008 18.0086 73.6566 0.335496 -20.2437 74.8742 -0.0828597 20.791 73.6566 0.335496 20.4189 73.6676 -1.2052 20.791 72.37 -0.335496 20.0009 72.37 -0.335496 20.0009 73.6566 -0.335496 18.2301 73.6676 -1.2052 20.791 74.8742 -0.0828597 20.791 73.6566 0.335496 20.4189 -73.5092 -0.335496 -18.0549 17.748 -5.52229 28.0083 8.47236 -28.2756 9.1709 -39.7223 3.59855 -68.5942 -4.46373 -3.23151 -93.8954 -10.5172 -2.72963 -94.15 -12.3053 5.48212 -90.8011 -11.9234 7.82472 -93.1575 -12.3053 5.48212 -90.8011 1.39819 2.08107 -109.781 1.39819 2.08107 -109.781 38.0747 1.04142 -28.7059 56.6335 -4.15673 -36.8143 53.6159 2.73934 -35.9047 48.0629 0.563353 -35.256 53.163 0.870418 -36.6709 53.163 0.870418 -36.6709 -8.17526 0.0150644 -42.5966 -9.85923 -1.17709 -36.7827 -7.90958 -2.25669 -40.3597 -12.0458 -0.264438 -41.898 -14.5229 -1.44476 -36.9202 -7.90958 -2.25669 -40.3597 -6.63668 -0.626084 -44.8777 -8.17526 0.0150644 -42.5966 16.9044 5.08236 -45.5808 15.43 -0.276031 -48.1993 2.47319 -2.59202 -43.1557 2.47319 -2.59202 -43.1557 2.12039 0.847429 -44.2389 0.354268 -1.23483 -43.6798 11.7707 1.55547 -47.5418 16.9044 5.08236 -45.5808 15.4226 -0.214969 -43.6942 18.3822 5.80156 -47.1703 6.56325 4.86508 -41.0222 9.17001 5.13073 -43.4499 12.5466 -2.10362 -39.0979 15.4226 -0.214969 -43.6942 46.4523 11.1924 -41.0471 49.2348 14.7207 -40.5024 44.6357 4.28978 -46.3745 49.2348 14.7207 -40.5024 47.9178 10.2569 -41.0798 49.2348 14.7207 -40.5024 45.8878 3.77741 -46.3459 46.1127 -0.317165 -43.9796 45.8241 2.36734 -41.3991 45.8071 2.28401 -44.5764 47.5221 -0.930645 -45.5801 47.9534 1.3792 -42.9706 49.3489 0.180723 -40.9121 50.6193 -1.20312 -40.5962 25.7822 7.25999 -52.0914 29.8634 7.02857 -50.6448 25.6294 1.77554 -48.5828 24.0051 -0.761452 -49.4244 24.0051 -0.761452 -49.4244 25.6294 1.77554 -48.5828 25.5529 -1.14635 -45.1485 29.8634 7.02857 -50.6448 29.8634 7.02857 -50.6448 20.7888 -1.0316 -38.5094 20.7888 -1.0316 -38.5094 21.5904 2.31022 -39.1126 19.6083 0.317305 -38.9679 17.1117 1.06912 -37.9032 16.3932 0.772159 -39.9136 44.8011 12.6198 -44.8499 46.547 11.6738 -44.7785 49.6207 16.7417 -42.8409 44.8011 12.6198 -44.8499 48.4166 4.55014 -42.8289 44.4812 1.94095 -43.2884 44.8223 3.0268 -43.9793 43.803 1.37963 -45.8978 45.2301 6.43263 -42.4034 47.5221 -0.930645 -45.5801 47.9534 1.3792 -42.9706 23.6927 3.14404 -45.286 25.3889 6.36766 -45.63 27.0971 7.30238 -45.7936 30.8853 9.51328 -45.4229 29.7429 -0.506916 -52.0914 33.7165 -0.700788 -52.4183 35.5493 -0.941622 -50.8172 43.1491 1.51373 -37.9775 43.1491 1.51373 -37.9775 43.5272 -2.24194 -39.8053 42.032 5.94274 -39.0133 46.6035 20.3231 -40.359 51.0855 23.5093 -43.2143 43.5272 -2.24194 -39.8053 45.8241 2.36734 -41.3991 45.2301 6.43263 -42.4034 45.8241 2.36734 -41.3991 49.2348 14.7207 -40.5024 49.2348 14.7207 -40.5024 45.2301 6.43263 -42.4034 44.6357 4.28978 -46.3745 49.2348 14.7207 -40.5024 45.2301 6.43263 -42.4034 33.5819 2.35723 -31.7281 9.17331 -1.41535 -53.3845 -30.6157 -1.41535 -35.3447 -44.5498 -1.53448 -25.9879 73.4745 -2.06653 -19.0359 17.0959 0.903816 -43.9931 9.17331 -1.41535 -53.3845 -6.63668 -0.626084 -44.8777 -12.2103 -1.29622 -42.9647 -24.7868 -1.52953 -18.0087 -38.1666 -1.41535 -23.1465 -31.9301 -0.0828105 -20.791 6.109 -1.2797 -79.9722 22.4592 -2.01953 -59.8835 -17.8771 -0.543241 -57.0601 -2.08333 -0.169666 -61.8712 -65.0644 -13.0554 7.89354 -71.9205 -13.2456 8.73845 -52.4653 -18.6378 4.14684 -54.4072 -20.6307 5.85439 -50.1183 -14.9893 4.17308 -61.4503 -20.4791 9.78062 -48.3606 -20.6078 6.31769 -54.4072 -20.6307 5.85439 -51.2929 -13.2456 8.73845 -71.9205 -13.2456 8.73845 -71.9205 -13.113 2.95216 -49.1972 -14.2096 2.97817 -34.398 -13.2456 8.73845 -57.2955 -20.7343 4.14684 -36.9086 -20.9046 10.2742 -61.5086 -20.6343 4.14684 -62.769 -23.9521 4.14684 -54.2077 -25.7394 -30.9 -8.11916 -20.8224 21.2893 46.2536 -22.8527 -7.32976 7.06598 -25.1208 13.7129 23.5553 -22.8834 15.324 9.26423 -25.7127 24.1206 -41.6451 -22.439 -0.482201 8.2793 -22.3887 21.3735 -60.6442 -22.7351 -11.1937 -42.0387 -27.5089 -9.62382 -42.9752 -24.9928 -9.0029 -42.9753 -24.9928 -52.797 -26.1798 -25.4923 18.7074 -21.7589 -25.1136 11.7894 -49.8408 -22.3972 -14.7057 -37.5892 -22.9083 -50.0532 -30.8033 -22.3972 -73.2971 33.194 -22.9083 -56.9863 21.8377 -25.1136 -73.7589 28.4081 -22.2043 -88.4799 -42.5141 -25.0251 -18.1091 -40.2459 -25.1208 -51.4063 71.2409 -3.16482 -34.7711 71.9144 0.659459 -29.0587 72.1257 -4.00597 -34.1732 6.3605 -59.695 -15.1881 -4.71556 -26.9873 -57.4179 40.6984 -21.922 -8.81506 34.5032 -24.238 -5.49172 -18.8697 -40.8925 -20.324 -25.5743 -37.514 -25.6738 31.3279 -24.386 -13.094 40.6984 -21.922 -8.81506 30.239 -25.9346 -8.13055 -27.1198 -30.0586 -16.877 -26.276 -46.1219 -34.2449 -24.848 -24.3778 1.63603 31.3279 -24.386 -13.094 -44.0968 -17.8472 -18.4511 -36.7053 -27.2134 -8.87021 -37.6843 -33.3484 -46.9643 48.4385 -29.3359 -44.0832 53.2798 -24.1542 -21.914 26.2628 -19.2871 3.96279 26.2628 -19.2871 3.96279 15.8843 -24 -55.0723 15.8843 -24 -55.0723 -68.3287 -12.3684 3.80462 54.4854 -19.2163 7.36002 46.5939 -17.0204 12.024 41.5113 -14.8137 7.34192 -43.4043 -11.7237 16.0724 57.5803 -23.1803 -40.5139 35.6578 -35.7037 -54.9087 -62.5216 -12.0693 6.21749 -32.6965 -12.8853 18.0635 34.0837 -12.1768 14.6593 68.0332 -12.6635 -2.29288 69.8141 -10.9601 2.73913 66.0413 -16.2465 1.42637 70.7344 -8.10655 18.8463 -62.6881 -12.0172 -23.7311 68.0332 -12.6635 -2.29288 68.0332 -12.6635 -2.29288 73.2049 -7.96618 10.0008 -25.7456 -7.30974 -81.4286 66.6219 -5.75331 -49.4323 65.3269 -8.95391 -41.2426 63.7457 -15.6113 -41.0113 72.7423 -7.84643 3.61534 73.2049 -7.96618 10.0008 69.8141 -10.9601 2.73913 73.1743 -9.01308 -0.930922 72.7423 -7.84643 3.61534 36.228 -6.347 21.5959 67.0492 -4.84092 -24.6191 71.0447 -4.89338 -19.6951 30.3817 -5.79509 25.0026 24.295 -5.52917 27.7374 -34.9333 -7.21949 -66.6368 -38.0053 -7.06343 -70.5088 -48.7281 -6.89513 -84.7882 -59.1975 -6.26382 -74.7481 -75.7343 -6.29577 -90.0915 -59.1975 -6.26382 -74.7481 -69.3228 -5.67079 -64.8642 -75.0736 -8.99185 -40.9101 -78.1672 -8.992 -50.4313 -42.974 -1.18555 -103.922 -28.536 -1.81994 -85.3207 -43.3247 1.62632 -104.346 1.64968 1.86104 -110.769 -84.4958 1.75196 -80.3234 41.0868 -6.68507 -69.28 -4.81409 -7.21949 -79.1126 6.109 -6.68507 -79.9722 -22.5191 -4.71115 35.7496 -15.7953 -0.481511 25.7756 -15.3191 0.513008 26.5334 2.72375 -5.35365 34.2263 22.1137 -4.55586 30.3961 31.6724 -11.2787 19.636 49.0606 -0.0688088 -44.6257 63.3191 0.151397 -32.5831 63.247 -2.09946 -31.7612 70.2281 -4.88422 -38.5573 70.0593 -3.73307 -39.3494 67.5932 -3.45389 -45.6445 68.3158 -1.44856 -44.8516 67.5932 -3.45389 -45.6445 61.2209 -2.75778 -39.3574 66.2018 -2.95538 -48.5708 66.622 -1.94127 -49.4323 55.9529 -1.53284 -37.2893 60.7575 -0.517274 -37.2931 66.622 -1.94127 -49.4323 55.0415 0.977538 -38.3383 60.7575 -0.517274 -37.2931 58.3637 0.397617 -43.4639 49.3101 -5.75259 -44.2045 46.1127 -0.317165 -43.9796 42.4622 -1.12547 -49.943 55.4878 -5.03559 -70.7836 49.0606 -0.0688088 -44.6257 42.1463 -1.40203 -52.8363 42.4622 -1.12547 -49.943 56.6312 -1.13204 -69.2597 31.1336 -0.186964 -59.4162 31.0029 -4.95865 -59.4794 31.895 0.291463 -53.6097 31.895 0.291463 -53.6097 49.8548 -0.641217 -77.609 41.7142 28.2583 -60.3399 38.9579 21.4939 -60.6037 42.0005 -1.37435 -66.0101 35.114 1.41092 -68.1887 37.3095 0.165994 -66.0672 38.7968 0.165994 -62.0068 36.9316 0.165993 -61.4491 38.2496 1.41273 -60.8335 38.2791 1.41092 -59.241 -64.5113 1.56729 -98.708 -20.0082 6.28612 -84.315 -32.8669 18.656 -88.6016 -32.8669 18.656 -83.5083 -36.074 14.8338 -88.6016 -27.1516 18.0671 -85.0275 -18.6437 25.4855 -85.0295 -16.2349 0.102009 -86.4173 -5.4407 24.7301 -87.5124 17.5414 10.7992 -57.6695 19.4162 11.5894 -55.0777 17.3432 16.6613 -55.26 -15.7953 -0.481511 25.7756 3.20256 -1.52953 30.4703 43.8751 3.80599 -34.323 44.9585 2.51682 -36.967 42.0379 1.88919 -34.9039 45.3961 -0.80856 -33.7592 39.5374 2.8204 -28.1705 48.0629 0.563353 -35.256 47.2506 2.98967 -34.8524 -12.8809 -2.85547 -39.9411 -7.90958 -2.25669 -40.3597 -12.8809 -2.85547 -39.9411 -1.39282 1.17536 -40.0216 1.91055 2.3676 -41.1151 0.446414 1.32566 -41.3738 1.91055 2.3676 -41.1151 4.93689 1.73734 -40.1516 1.91055 2.3676 -41.1151 1.99898 0.107643 -37.9657 3.82945 3.29285 -41.3634 6.56325 4.86508 -41.0222 9.06571 4.54815 -41.5324 9.17001 5.13073 -43.4499 7.72764 3.07558 -38.5509 20.5733 7.40198 -45.2701 18.3822 5.80156 -47.1703 14.899 6.59822 -48.4538 16.9044 5.08236 -45.5808 16.9044 5.08236 -45.5808 24.7512 6.57393 -47.2698 23.4961 6.325 -46.8244 24.7512 6.57393 -47.2698 25.3889 6.36766 -45.63 23.4961 6.325 -46.8244 25.2207 7.71053 -45.8573 28.7925 7.90491 -48.0407 25.2207 7.71053 -45.8573 9.06571 4.54815 -41.5324 30.8853 9.51328 -45.4229 28.3588 8.87645 -43.568 27.0971 7.30238 -45.7936 30.8853 9.51328 -45.4229 23.8878 7.56253 -45.2082 23.6927 3.14404 -45.286 25.2207 7.71053 -45.8573 25.2207 7.71053 -45.8573 25.3889 6.36766 -45.63 23.6927 3.14404 -45.286 22.1666 6.38736 -45.8591 23.3347 6.34833 -45.0963 23.6927 3.14404 -45.286 24.7512 6.57393 -47.2698 14.899 6.59822 -48.4538 20.5733 7.40198 -45.2701 18.3822 5.80156 -47.1703 18.3822 5.80156 -47.1703 20.5733 7.40198 -45.2701 16.9044 5.08236 -45.5808 -8.17526 0.0150644 -42.5966 -14.0747 -1.89332 -55.3173 -13.6518 -3.54001 -55.1175 -13.5531 -1.56021 -53.6926 -2.48522 -0.939533 -45.2103 -1.10844 0.830821 -48.957 -5.14925 0.146342 -44.8065 4.24486 1.06718 -47.8346 3.26225 2.85836 -50.8868 4.3214 0.72528 -50.5892 3.26225 2.85836 -50.8868 6.12697 3.57075 -47.9395 4.3214 0.72528 -50.5892 7.03576 2.73548 -48.4802 6.12697 3.57075 -47.9395 -66.0563 -5.23259 -30.9 -65.2431 -6.02804 -41.2335 -8.47362 -25.7127 22.6003 -23.4322 -26.5803 16.2827 0 -22.3008 27.4034 -8.66171 -22.3972 20.7492 -65.001 -6.02804 -20.6049 12.4104 -33.4601 -33.7688 -86.9242 -1.11697 -77.6301 54.1652 -5.06477 -40.5544 53.7252 -2.90949 -44.5438 67.5932 -3.45389 -45.6445 55.413 -2.9124 -41.3147 68.0397 -1.26168 -29.2764 71.2409 -3.16482 -34.7711 72.1257 -4.00597 -34.1732 71.2409 -3.16482 -34.7711 71.9144 0.659459 -29.0587 72.1257 -4.00597 -34.1732 72.521 -0.646193 -28.321 71.9144 0.659459 -29.0587 71.2409 -3.16482 -34.7711 70.4569 -4.89928 -36.1635 70.4569 -4.89928 -36.1635 70.3113 -2.69202 -40.3747 63.3191 0.151397 -32.5831 71.2409 -3.16482 -34.7711 64.9462 -0.460934 -29.6596 59.2073 -2.06382 -37.3359 60.0871 -3.5235 -36.171 68.3158 -1.44856 -44.8516 59.2073 -2.06382 -37.3359 55.9529 -1.53284 -37.2893 46.1127 -0.317165 -43.9796 34.3084 3.57807 -60.1812 35.5302 3.57807 -63.1419 31.7642 2.72129 -62.2143 32.5437 3.17266 -64.6704 -46.0116 4.62375 -101.17 -8.63462 32.8079 -93.5868 -5.85149 32.6454 -95.0897 -0.984698 21.5145 -94.4339 -34.0634 -1.53448 -59.9066 -36.4998 -1.2797 -62.4566 -56.8936 8.37679 -92.4982 -57.388 4.43222 -96.1568 -66.342 12.4597 -84.0591 -63.4267 1.89416 -82.4546 -64.6688 1.82014 -80.2414 -61.7719 1.38953 -84.3129 -61.7719 1.38953 -84.3129 -56.0558 -2.85311 -86.2153 -59.8665 0.355659 -85.6346 -57.388 4.43222 -96.1568 -56.0558 -2.85311 -86.2153 -61.7719 1.38953 -84.3129 -64.6688 1.82014 -80.2414 -70.3262 9.74582 -84.8742 -78.0068 15.8971 -76.7115 -71.7826 3.1193 -65.9209 -76.404 12.5402 -71.5037 -65.8798 -0.698349 -73.6627 -70.3262 9.74582 -84.8742 -78.0068 15.8971 -76.7115 -75.9682 20.4008 -71.4059 -52.8984 7.51536 -93.5892 -55.3055 0.605156 -92.5544 -63.3686 3.97826 -68.3477 -64.652 4.89182 -66.8475 -63.6537 3.71486 -66.9112 -64.559 3.45935 -68.66 -64.652 4.89182 -66.8475 -63.3686 3.97826 -68.3477 -74.8362 8.58641 -68.5981 -71.7826 3.1193 -65.9209 -67.7145 5.92511 -65.0544 -71.7826 3.1193 -65.9209 -68.549 4.7636 -63.663 -67.7145 5.92511 -65.0544 -63.6537 3.71486 -66.9112 -64.559 3.45935 -68.66 -63.3686 3.97826 -68.3477 -64.559 3.45935 -68.66 -68.549 4.7636 -63.663 -71.7826 3.1193 -65.9209 -65.8798 -0.698349 -73.6627 -61.9852 1.69584 -71.9007 -55.3055 0.605156 -92.5544 -57.388 4.43222 -96.1568 -52.8984 7.51536 -93.5892 -53.0695 0.370537 -84.4315 -56.0558 -2.85311 -86.2153 -50.9688 2.17358 -88.2313 -55.3055 0.605156 -92.5544 -50.9688 2.17358 -88.2313 -56.0558 -2.85311 -86.2153 -76.404 12.5402 -71.5037 -72.2439 13.4634 -66.8435 -75.9682 20.4008 -71.4059 -78.0068 15.8971 -76.7115 -63.6537 3.71486 -66.9112 -64.652 4.89182 -66.8475 -64.559 3.45935 -68.66 -66.3902 8.90015 -74.04 -67.6259 10.1077 -72.6266 -67.68 12.3618 -78.8576 -69.9613 14.3279 -75.4848 -67.6259 10.1077 -72.6266 -50.9688 2.17358 -88.2313 -67.68 12.3618 -78.8576 -69.9613 14.3279 -75.4848 -74.066 16.1223 -69.0613 -74.066 16.1223 -69.0613 -75.9682 20.4008 -71.4059 -74.066 16.1223 -69.0613 -64.6689 9.15519 -80.8707 -66.3902 8.90015 -74.04 -61.6826 5.04379 -78.4577 -66.342 12.4597 -84.0591 -63.3686 3.97826 -68.3477 -64.559 3.45935 -68.66 -66.3902 8.90015 -74.04 -67.7145 5.92511 -65.0544 -67.6259 10.1077 -72.6266 -72.2439 13.4634 -66.8435 -74.066 16.1223 -69.0613 -61.9852 1.69584 -71.9007 -58.7856 4.61314 -82.5291 -62.2819 6.11198 -79.3847 -59.7501 7.08552 -84.8152 -55.2771 5.09608 -89.2585 -53.0695 0.370537 -84.4315 -50.9688 2.17358 -88.2313 -56.8802 3.57929 -83.8508 -55.2771 5.09608 -89.2585 -58.7856 4.61314 -82.5291 -60.4405 5.11778 -80.6708 -62.2819 6.11198 -79.3847 -61.6826 5.04379 -78.4577 -56.8802 3.57929 -83.8508 -59.8665 0.355659 -85.6346 -53.0695 0.370537 -84.4315 -56.0558 -2.85311 -86.2153 -61.7719 1.38953 -84.3129 -58.7856 4.61314 -82.5291 -63.4267 1.89416 -82.4546 -60.4405 5.11778 -80.6708 -64.6688 1.82014 -80.2414 -61.6826 5.04379 -78.4577 -64.6688 1.82014 -80.2414 -61.6826 5.04379 -78.4577 -65.8798 -0.698349 -73.6627 -61.9852 1.69584 -71.9007 -67.6259 10.1077 -72.6266 -67.7145 5.92511 -65.0544 -68.549 4.7636 -63.663 -56.8936 8.37679 -92.4982 -64.559 3.45935 -68.66 -68.549 4.7636 -63.663 -64.559 3.45935 -68.66 -67.6259 10.1077 -72.6266 -74.066 16.1223 -69.0613 -74.066 16.1223 -69.0613 -67.6259 10.1077 -72.6266 -66.3902 8.90015 -74.04 -58.7856 4.61314 -82.5291 -53.0695 0.370537 -84.4315 -58.7856 4.61314 -82.5291 -61.6826 5.04379 -78.4577 -62.2819 6.11198 -79.3847 -55.2771 5.09608 -89.2585 -53.0695 0.370537 -84.4315 -58.7856 4.61314 -82.5291 -64.559 3.45935 -68.66 -63.3686 3.97826 -68.3477 -64.652 4.89182 -66.8475 -52.8984 7.51536 -93.5892 -74.066 16.1223 -69.0613 -74.8362 8.58641 -68.5981 -50.7614 -23.2178 -37.9828 -50.3464 -25.0977 -33.4467 -55.4187 -23.2178 -28.8583 -53.7616 -28.9981 -26.373 -45.7049 -25.7766 -34.2006 -55.4187 -23.2178 -28.8583 -53.7616 -28.9981 -26.373 -59.4976 -23.2178 -21.9377 -44.7238 -44.0098 -20.9239 -53.7616 -28.9981 -26.373 -50.2703 -34.0238 -16.4385 -55.3861 -23.2178 -16.4658 -37.9138 -29.0675 -35.5365 -44.7238 -44.0098 -20.9239 -45.2231 -43.0777 -14.1325 -53.7616 -28.9981 -26.373 -47.8043 -23.2178 -5.51759 -55.3861 -23.2178 -16.4658 -50.2703 -34.0238 -16.4385 -37.9138 -29.0675 -35.5365 -28.4273 -29.4629 -29.946 -43.7312 -43.6171 -22.2226 -37.9138 -29.0675 -35.5365 -22.6122 -23.2178 -27.9956 -28.4273 -29.4629 -29.946 -37.9138 -29.0675 -35.5365 -31.0965 -23.2178 -38.445 -26.2725 -23.2178 -38.7451 -42.8737 -33.4765 -5.28647 -43.7312 -43.6171 -22.2226 -39.8638 -51.2254 -16.9956 -22.6122 -23.2178 -27.9956 -37.9138 -29.0675 -35.5365 -26.2725 -23.2178 -38.7451 -45.2231 -43.0777 -14.1325 -41.6222 -42.862 -8.84014 -42.8737 -33.4765 -5.28647 -39.4902 -23.2178 -1.80672 -38.8466 -51.2624 -17.5015 -38.4925 -51.2848 -16.6695 -39.8638 -51.2254 -16.9956 -38.8466 -51.2624 -17.5015 -42.8737 -33.4765 -5.28647 -41.6222 -42.862 -8.84014 -33.8292 -36.2598 -6.99141 -39.8638 -51.2254 -16.9956 -38.4925 -51.2848 -16.6695 -41.6222 -42.862 -8.84014 -29.0387 -37.7159 -18.9444 -38.4925 -51.2848 -16.6695 -38.8466 -51.2624 -17.5015 -28.4273 -29.4629 -29.946 -21.9214 -23.2178 -21.7123 -38.1008 -42.2351 -24.5803 -22.6122 -23.2178 -27.9956 -33.6338 -43.319 -11.3174 -29.0387 -37.7159 -18.9444 -33.6338 -43.319 -11.3174 -38.4925 -51.2848 -16.6695 -21.9214 -23.2178 -21.7123 -26.9877 -23.2178 -15.6388 -30.2209 -23.2178 -3.81347 -33.8292 -36.2598 -6.99141 -26.9877 -23.2178 -15.6388 -33.8292 -36.2598 -6.99141 -33.6338 -43.319 -11.3174 -41.6222 -42.862 -8.84014 -38.4925 -51.2848 -16.6695 -39.8638 -51.2254 -16.9956 -38.1008 -42.2351 -24.5803 -30.2209 -23.2178 -3.81347 -42.8737 -33.4765 -5.28647 -33.8292 -36.2598 -6.99141 -30.2209 -23.2178 -3.81347 -38.1008 -42.2351 -24.5803 -43.7312 -43.6171 -22.2226 -28.4273 -29.4629 -29.946 -50.2703 -34.0238 -16.4385 -39.8638 -51.2254 -16.9956 -45.2231 -43.0777 -14.1325 -44.7238 -44.0098 -20.9239 -50.2703 -34.0238 -16.4385 -45.7049 -25.7766 -34.2006 -59.4976 -23.2178 -21.9377 -53.7616 -28.9981 -26.373 -55.3861 -23.2178 -16.4658 -37.6777 -23.2178 -44.9645 -37.6777 -23.2178 -44.9645 -31.0965 -23.2178 -38.445 -45.7049 -25.7766 -34.2006 10.397 -22.8886 26.8598 8.7785 -19.7703 27.465 10.397 -24.7559 36.4815 8.7785 -21.6377 37.0867 6.25766 -17.2956 27.9453 6.25766 -19.163 37.567 3.08122 -15.7068 28.2537 3.08122 -17.5742 37.8753 -0.439897 -15.1593 28.3599 -0.439897 -17.0267 37.9816 -3.96101 -15.7068 28.2537 -3.96101 -17.5742 37.8753 -7.13745 -17.2956 27.9453 -7.13745 -19.163 37.567 -9.65829 -19.7703 27.465 -9.65829 -21.6377 37.0867 -11.2768 -22.8886 26.8598 -11.2768 -24.7559 36.4815 -11.8345 -26.3452 26.189 -11.8345 -28.2126 35.8106 -11.8345 -26.3452 26.189 -11.2768 -29.8018 25.5181 -11.8345 -28.2126 35.8106 -11.2768 -31.6692 35.1398 -9.65829 -32.92 24.9129 -9.65829 -34.7874 34.5346 -7.13745 -35.3947 24.4326 -7.13745 -37.2621 34.0543 -3.96101 -36.9835 24.1243 -3.96101 -38.8509 33.7459 -0.439897 -37.531 24.018 -0.439897 -39.3984 33.6397 3.08121 -36.9835 24.1243 3.08121 -38.8509 33.7459 6.25765 -35.3947 24.4326 6.25765 -37.2621 34.0543 8.77849 -32.92 24.9129 8.77849 -34.7874 34.5346 10.397 -29.8018 25.5181 10.397 -31.6692 35.1398 10.9547 -26.3452 26.189 10.9547 -28.2126 35.8106 10.9547 -26.3452 26.189 10.9547 -28.2126 35.8106</float_array>
                    <technique_common>
                        <accessor count="3559" offset="0" source="main_ringShape-geometry-POSITION-array" stride="3">
                            <param name="X" type="float" />
                            <param name="Y" type="float" />
                            <param name="Z" type="float" />
                        </accessor>
                    </technique_common>
                </source>
                <source id="main_ringShape-geometry-NORMAL">
                    <float_array id="main_ringShape-geometry-NORMAL-array" count="6567">0.9506836 0.3032227 0.05886841 0.8085938 0.5766602 0.1119385 0.5874023 0.7939453 0.1540527 0.3088379 0.9335938 0.1811523 0 0.9814453 0.1904297 -0.3088379 0.9335938 0.1811523 -0.5874023 0.7939453 0.1540527 -0.8085938 0.5766602 0.1119385 -0.9506836 0.3032227 0.05886841 -1.000122 0 0 -0.9506836 -0.3032227 -0.05886841 -0.8085938 -0.5766602 -0.1119385 -0.5874023 -0.7939453 -0.1540527 -0.3088379 -0.9335938 -0.1811523 0 -0.9814453 -0.1904297 0.3088379 -0.9335938 -0.1811523 0.5874023 -0.7939453 -0.1540527 0.8085938 -0.5766602 -0.1119385 0.9506836 -0.3032227 -0.05886841 1.000122 0 0 1.000122 -1.013279E-06 0 0 -0.1904297 0.9814453 0.8657227 0 -0.500061 0.746582 0.5058594 -0.4311523 0.9941406 0 -0.1044922 0.2039795 0.9785156 -0.0214386 0.6689453 0 -0.7426758 0.3381348 0.862793 -0.3754883 0.500061 0 -0.8657227 0.1710205 0.9394531 -0.2961426 0.3088379 0 -0.9506836 0.07574463 0.9692383 -0.2330322 0.04171753 0.1308594 -0.9902344 0.004936218 0.9926758 -0.1171265 -0.05245972 0.9858398 -0.1582031 -0.09716797 0.1705322 -0.9804688 -0.05648804 0.9941406 -0.08837891 -0.5361328 -0.09490967 -0.8383789 -0.7426758 0 -0.6689453 -0.07568359 0.9946289 -0.06811523 -0.9506836 0 -0.3088379 -0.07067871 0.9970703 -0.02296448 -0.07739258 0.996582 0 -0.9506836 0 0.3088379 -0.06976318 0.9970703 0.0226593 -0.7636719 -0.1308594 0.6313477 -0.07171631 0.9956055 0.05932617 -0.4350586 -0.1779785 0.8823242 -0.07562256 0.9936523 0.07904053 -0.03451538 0.9960938 0.07751465 0.0222168 0.9555664 0.293457 -0.03695679 0.9926758 0.1115112 -0.03347778 0.8793945 0.4741211 0.003520966 0.9960938 0.08355713 0.4064941 0 0.9130859 0.08251953 0.9790039 0.1853027 0.5874023 0 0.8085938 0.1060181 0.9833984 0.145874 0.8085938 0 0.5874023 0.2768555 0.9394531 0.2010498 0.9780273 0 0.2078857 0.7490234 0.6430664 0.1591797 0.03120422 0.9951172 0.09039307 -0.00302124 0.9995117 0.01410675 -0.04602051 0.9975586 0.0461731 -0.03872681 0.9985352 0.02911377 0.3759766 0.9262695 0 0.3552246 0.8881836 0.2900391 -0.00190258 0.9995117 -0.008880615 -0.03796387 0.9985352 -0.0231781 0.3828125 0.9233398 0 0.03086853 0.9926758 -0.114563 -0.04382324 0.9970703 -0.05584717 0.3581543 0.8125 -0.4597168 -0.4089355 0.9047852 -0.1173096 -0.4089355 0.9047852 0.1173096 -0.9443359 0.2148438 -0.2489014 -0.9765625 0.161377 0.1420898 0.03872681 0.9985352 0.02911377 0.003023148 0.9995117 0.01410675 0.04602051 0.9975586 0.0461731 -0.02552795 0.9946289 0.09674072 -0.3613281 0.9321289 0 -0.4587402 0.8393555 0.2902832 0.03796387 0.9985352 -0.0231781 0.00190258 0.9995117 -0.008880615 -0.3120117 0.949707 0 -0.03086853 0.9926758 -0.114563 0.04382324 0.9970703 -0.05584717 -0.3581543 0.8125 -0.4597168 0.4089355 0.9047852 0.1173096 0.4089355 0.9047852 -0.1173096 0.9443359 0.2148438 -0.2489014 0.9765625 0.161377 0.1420898 -0.3647461 -0.9257813 0.09649658 -0.3933105 -0.8984375 0.1937256 -0.534668 -0.8217773 -0.1939697 0.2722168 -0.9521484 0.1376953 0.4287109 -0.04675293 -0.9018555 -0.1049805 -0.9931641 0.05038452 -0.9404297 -0.05993652 -0.3342285 -0.260498 -0.08227539 0.9614258 0.9892578 -0.06158447 0.1322021 -0.08746338 -0.9907227 -0.1017456 -0.3342285 0.9418945 -0.02514648 0.753418 -0.65625 -0.03059387 0.2836914 -0.8154297 0.5039063 0.2775879 -0.4599609 -0.8432617 -0.007614136 0.8374023 0.5458984 0.007591248 -0.3256836 0.9453125 0.003679276 -0.6064453 -0.7944336 -0.03155518 0.9956055 -0.08349609 0.04598999 0.9985352 0.01835632 0.04699707 0.9985352 -0.02035522 0.001223564 0.9995117 0.005355835 0.02972412 0.9990234 -0.009727478 0.3200684 0.9223633 0.215332 0.3679199 0.8959961 0.2475586 0.2320557 0.9438477 0.2333984 0.3557129 0.9072266 0.223877 -0.02781677 0.9980469 0.04806519 -0.02836609 0.9995117 0.0008468628 -0.03277588 0.9990234 -0.02601624 -0.3391113 0.8935547 0.2929688 -0.04693604 0.9985352 -0.001036644 -0.1473389 0.9750977 0.1639404 -0.659668 0.6904297 0.2963867 0.06958008 0.9799805 0.1864014 -0.1047363 0.918457 0.3803711 0.1165771 0.9916992 0.04727173 0.1854248 0.7480469 0.6367188 -0.0181427 0.9990234 -0.03320313 -0.06158447 0.6855469 0.7250977 -0.3322754 0.6484375 0.684082 0.4975586 0.02113342 0.8666992 0.04452515 0.9980469 -0.03567505 0.2971191 0.2053223 0.9321289 -0.07928467 0.8398438 0.5361328 0.09857178 0.8457031 0.5244141 -0.08410645 0.831543 0.5483398 0.07714844 0.8271484 0.5561523 0.6523438 0.170166 -0.7382813 0.6347656 0.09448242 0.7666016 0.6499023 -0.4499512 -0.6123047 0.3911133 -0.243042 0.887207 -0.3710938 -0.1712646 -0.9121094 -0.2775879 -0.1177979 -0.953125 0.5087891 0.4431152 -0.7373047 0.5024414 0.4199219 0.7553711 -0.3139648 -0.2178955 -0.9238281 0.3425293 0.6118164 -0.7124023 0.2807617 0.5244141 0.8032227 -0.1722412 -0.3969727 -0.9013672 -0.105896 0.2832031 0.953125 0.1335449 0.7797852 -0.6108398 -0.3635254 -0.6347656 -0.6811523 -0.6113281 0.1531982 -0.7758789 -0.9404297 0.1291504 -0.3132324 -0.1850586 -0.2452393 0.9511719 -0.1356201 -0.2817383 0.949707 -0.2436523 -0.2165527 0.9453125 -0.3017578 -0.1489258 0.9414063 0.05169678 -0.05615234 0.9970703 -0.9858398 -0.1662598 0 -0.1705322 0.9833984 -0.06130981 0.9716797 -0.2133789 0.09692383 0.7470703 0.5620117 -0.3532715 0.2443848 0.260498 -0.9335938 0.1745605 0.1409912 -0.9741211 0.3886719 0.07611084 -0.9179688 -0.2156982 0.7163086 -0.6630859 -0.3110352 0.4936523 -0.8120117 0.4677734 -0.4206543 -0.7768555 0.875 0.1195679 0.4682617 0.2202148 0.213623 -0.9516602 0.7573242 0.6313477 0.1658936 0.8603516 0.4069824 0.3056641 0.668457 0.6425781 -0.3740234 -0.2888184 0.2045898 -0.9350586 -0.402832 0.4516602 -0.7958984 0.3728027 -0.2231445 -0.9003906 0.7714844 -0.53125 -0.3493652 -0.2158203 0.4853516 0.8466797 0.7490234 0.3010254 0.5898438 -0.3237305 0.1719971 -0.9301758 0.3093262 -0.1208496 -0.9428711 0.6196289 -0.362793 0.6958008 -0.3605957 0.5566406 0.7480469 0.05245972 -0.03283691 0.9980469 -0.3823242 0.1286621 -0.9145508 0.243042 -0.07720947 -0.9667969 0.03567505 -0.03277588 0.9985352 0.9257813 -0.3762207 0.03329468 0.503418 -0.4221191 0.753418 0.9482422 -0.300293 0.102356 -0.7021484 0.5205078 0.4853516 -0.2697754 0.07574463 0.9594727 -0.5625 0.2272949 0.7944336 -0.3720703 0.1895752 0.9082031 0.04043579 0.01351929 0.9990234 -0.1060791 -0.4211426 -0.9003906 0.4050293 0.01087952 -0.9140625 -0.06518555 -0.3996582 0.9140625 0.4106445 0.04159546 0.9106445 -0.5947266 0.02952576 0.8032227 -0.5961914 -0.03948975 -0.8012695 0.08087158 0.5556641 -0.8271484 0.0680542 0.6118164 0.7875977 -0.2993164 -0.7675781 0.5664063 -0.1694336 -0.4760742 -0.862793 0.7670898 0.4760742 0.4289551 0.4160156 0.2203369 -0.8818359 -0.5654297 -0.4665527 0.6796875 -0.5776367 -0.815918 0.0004353523 0.2932129 0.5117188 -0.8071289 -0.1333008 0.1118774 -0.984375 0.3540039 0.637207 0.684082 -0.0241394 -0.4260254 0.9038086 -0.03048706 -0.3994141 -0.9160156 0.3518066 0.1920166 0.9160156 0.357666 0.2288818 -0.9052734 -0.4921875 -0.1912842 0.8491211 -0.4338379 -0.2043457 -0.8774414 0.5771484 0.815918 -0.0004944801 -0.0690918 0.5644531 0.8217773 -0.2910156 0.1520996 -0.9443359 0.4523926 0.02807617 -0.8911133 -0.4382324 0.345459 -0.8295898 -0.9985352 -0.04763794 0.01050568 -0.2998047 -0.1358643 0.9438477 -0.7539063 0.3901367 0.527832 -0.2548828 0.6196289 0.7421875 0.7636719 0.6303711 0.1363525 0.9941406 -0.05575562 0.0894165 -0.7456055 0.6625977 0.06726074 0.3178711 0.6958008 -0.6435547 -0.5830078 -0.01701355 -0.8120117 -0.5463867 0.09759521 -0.831543 -0.1430664 -0.03277588 -0.9887695 -0.1950684 0.1652832 -0.9663086 -0.987793 1.072884E-06 -0.1539307 -0.2868652 0.1968994 0.9370117 -0.8710938 0.479248 -0.102356 0.2963867 -0.03375244 0.9541016 0.2255859 0.949707 0.215332 0.8452148 0.4182129 0.331543 0.5063477 0.09710693 0.8564453 0.8588867 -0.009429932 0.5112305 0.5756836 -0.03086853 0.8168945 0.6196289 0.08642578 0.7797852 0.3022461 0.08532715 -0.9492188 -0.9296875 0.1668701 0.3278809 0.1982422 0.3901367 -0.8989258 -0.9013672 -0.034729 0.4313965 0.909668 0.3088379 -0.2763672 0.9121094 0.0881958 -0.3999023 -0.1237183 -0.01927185 0.9916992 -0.2003174 0.3886719 0.8989258 0.6484375 0.5478516 0.5283203 0.387207 -0.01011658 0.921875 0.8833008 0.1192017 0.453125 0.1397705 0.3618164 -0.9213867 0.902832 0.008827209 -0.4289551 0.9233398 0.1877441 -0.3347168 0.08770752 0.984375 -0.1525879 -0.1491699 -0.1386719 -0.9790039 0.9838867 -0.09191895 -0.1533203 -0.9858398 -0.1016846 0.1331787 -0.5209961 -0.3076172 -0.7954102 -0.3195801 0.204834 -0.9248047 -0.9667969 -0.01461792 0.2546387 -0.07897949 0.184082 0.9794922 0.1408691 -0.1244507 0.9819336 0.4335938 -0.1777344 0.8833008 -0.2404785 0.04312134 0.9692383 0.1105347 0.9931641 0.02861023 -0.1177979 0.9873047 0.102478 -0.1262207 0.984375 -0.1201172 -0.8217773 0.4799805 -0.3066406 0.1378174 0.9897461 0.034729 0.03295898 0.9990234 -0.004211426 0.2329102 0.6708984 0.7036133 0.6113281 0.6254883 0.4836426 0.7983398 0.213623 0.5625 -0.1572266 0.3769531 0.9125977 -0.1431885 0.4072266 0.9018555 -0.4672852 0.1671143 0.8676758 -0.8901367 0.2479248 0.3815918 -0.8867188 0.2475586 0.3894043 -0.3349609 0.2484131 -0.9086914 -0.3913574 -0.02079773 -0.9199219 0.8276367 0.3342285 -0.4499512 0.5742188 0.2509766 -0.7788086 0.8613281 -0.0171814 -0.5073242 -0.9003906 0.2081299 -0.3815918 0.1983643 0.9155273 -0.3493652 0.6049805 0.7763672 0.1740723 -0.3432617 0.9257813 -0.1556396 -0.90625 -0.373291 0.1965332 -0.4836426 0.8666992 0.1205444 -0.1263428 0.9492188 -0.2873535 -0.3093262 0.8554688 0.4147949 0.168457 -0.5180664 0.8383789 -0.4570313 -0.2382813 0.8564453 -0.06933594 0.9975586 -0.00020504 0.7163086 -0.08062744 0.6923828 -0.1248169 0.9799805 0.1524658 0.3869629 0.7109375 -0.5864258 -0.3583984 0.8896484 -0.2827148 -0.04266357 -0.972168 0.229248 0.3457031 -0.9379883 -0.007476807 0.392334 0.244873 0.8862305 0.7871094 0.5351563 -0.3054199 -0.6074219 -0.7758789 -0.1696777 0.4287109 0.8974609 -0.09991455 0.3071289 0.6943359 0.6503906 -0.5566406 -0.800293 0.2208252 0.02156067 0.02693176 0.9990234 -0.9140625 0.168335 0.3688965 -0.8916016 -0.008583069 0.4521484 -0.9970703 -0.01412964 -0.07427979 0.8662109 -0.03533936 -0.4980469 -0.9262695 -0.05477905 -0.3725586 0.9736328 0.1466064 -0.1729736 -0.9379883 0.2307129 -0.2573242 0.9697266 0.2303467 -0.07733154 0.2467041 0.01937866 -0.96875 0.1149902 0.01118469 -0.9931641 0.8515625 -0.03283691 -0.5219727 0.9902344 -0.02824402 -0.1337891 -0.2335205 -0.1641846 -0.9580078 0.4304199 0.05819702 -0.9003906 0.684082 -0.0256958 0.7285156 0.1699219 0.04928589 0.9838867 0.6044922 0.02012634 -0.7958984 0.5063477 -0.02278137 0.8618164 -0.1065674 0.9892578 0.09832764 0.1916504 0.9785156 -0.07049561 0.1242065 0.9873047 0.09606934 -0.1425781 0.9780273 -0.1513672 -0.199707 0.01024628 -0.9794922 -0.008094788 0.921875 -0.3864746 -0.7045898 -0.05783081 -0.7070313 -0.7114258 0.6240234 -0.322998 -0.9116211 0.03089905 -0.4091797 -0.9912109 0.02780151 0.1257324 -0.3093262 0.9365234 0.1639404 0.3745117 0.4465332 0.8120117 -0.5478516 -0.4125977 0.7275391 0.4155273 -0.02079773 0.9091797 -0.7680664 0.004417419 0.6401367 0.1436768 -0.1697998 0.9746094 0.2336426 0.8999023 0.3674316 0.3259277 0.5878906 0.7402344 0.5239258 0.831543 0.1834717 0.3242188 0.9404297 -0.0970459 0.9375 0.008094788 0.3469238 0.9116211 0.003442764 -0.4106445 0.8408203 0.03781128 -0.5390625 0.3967285 0.007553101 0.9174805 0.1061401 0.9833984 -0.1450195 0.9243164 -0.2067871 -0.3195801 0.05996704 0.9677734 -0.2427979 -0.08929443 0.980957 0.1715088 -0.1743164 0.84375 -0.5068359 -0.6855469 0.2724609 -0.6748047 0.5771484 -0.4794922 0.6606445 0.546875 -0.5654297 0.6166992 0.5585938 -0.5385742 0.6303711 0.2763672 0.8974609 0.3430176 0.3188477 0.7509766 0.5771484 0.3933105 0.8979492 0.1971436 0.2868652 0.9272461 0.239502 -0.6362305 0.4848633 0.5991211 -0.9448242 0.09356689 -0.3137207 -0.9428711 0.2783203 0.1827393 -0.6376953 0.3637695 -0.6782227 -0.5917969 0.4743652 -0.6513672 -0.59375 0.4733887 -0.6499023 -0.6069336 0.4802246 -0.6328125 -0.2568359 -0.5639648 -0.7841797 0.3156738 0.9370117 -0.1483154 0.6323242 0.6313477 0.4482422 0.5571289 0.6611328 0.5014648 0.1616211 0.9755859 -0.1473389 -0.3249512 -0.8500977 0.4135742 0.730957 -0.4951172 0.46875 0.2497559 0.9042969 -0.3459473 -0.9770508 -0.1619873 0.1347656 0.8598633 -0.5039063 -0.07849121 -0.009963989 0.8754883 -0.4829102 0.1525879 0.9663086 0.2054443 0.9272461 -0.373291 0.02513123 0.002052307 0.9589844 0.282959 0.1300049 0.7724609 0.6210938 -0.2281494 0.9355469 -0.2680664 -0.8085938 0.3933105 0.4372559 -0.3500977 0.2084961 -0.9130859 0.8012695 -0.1860352 -0.5678711 0.6484375 -0.6396484 -0.411377 0.8642578 -0.4968262 0.07440186 0.9316406 -0.3547363 -0.07830811 0.6049805 0.7944336 0.0458374 0.5107422 0.8583984 -0.04406738 0.09759521 -0.9755859 -0.1943359 0.2492676 0.6538086 -0.7138672 0.09051514 -0.9707031 0.2211914 -0.01374817 -0.9736328 -0.2271729 -0.1898193 -0.9560547 -0.2215576 -0.3798828 0.4375 -0.8144531 -0.8666992 -0.4934082 -0.07165527 -0.7514648 0.6557617 -0.06793213 -0.5488281 0.828125 0.1126099 -0.9321289 -0.3520508 0.08105469 -0.2875977 -0.8813477 0.3745117 0.005184174 -0.9760742 0.21521 -0.01834106 0.9682617 0.2491455 0.04446411 0.96875 0.2421875 0.05026245 0.1547852 -0.9863281 -0.006019592 0.9995117 -0.001732826 0.06173706 0.9975586 0.02470398 0.05072021 0.9985352 0.00320816 0.06079102 0.9975586 0.0244751 0.01741028 0.9960938 -0.08190918 0.5800781 0.7910156 0.1917725 0.1309814 -0.8803711 0.4553223 0.237915 -0.9580078 0.1585693 0.8842773 0.009101868 0.4660645 0.9106445 -0.00148201 0.4130859 -0.02168274 -0.9995117 0.01158905 0.8046875 -0.2714844 0.5273438 0.5068359 -0.625 0.5932617 -0.03909302 -0.9746094 0.2188721 -0.4511719 -0.08764648 0.8876953 -0.1845703 -0.9824219 -0.005500793 -0.08520508 -0.7436523 0.6625977 0.809082 0.006286621 0.5874023 0.7978516 0.1599121 0.5805664 0.7260742 0.03295898 -0.6865234 0.6870117 0.06671143 -0.7231445 0.6650391 0.08459473 -0.7416992 0.78125 -0.0202179 -0.6235352 0.01367188 -0.9990234 -0.04171753 -0.004226685 -0.9985352 -0.05212402 -0.003570557 -0.9980469 -0.05682373 0.09240723 -0.7490234 0.6552734 -0.006397247 -0.9975586 0.06347656 -0.01689148 -0.9990234 0.0335083 -0.7226563 -0.009002686 0.690918 -0.8540039 -0.09002686 0.5117188 -0.6259766 -0.3798828 0.6801758 -0.8134766 0.4606934 0.3537598 -0.8818359 -0.1456299 0.4482422 -0.01644897 -0.9990234 -0.03829956 -0.004356384 0.9956055 -0.08959961 -0.1885986 -0.96875 -0.1585693 -0.02284241 -0.9975586 -0.06204224 -0.5454102 -0.6201172 -0.5629883 -0.0994873 -0.7202148 -0.6860352 -0.4711914 -0.8374023 -0.276123 -0.5810547 -0.4135742 -0.7006836 -0.9238281 0 -0.3825684 -0.890625 0 -0.4538574 0.07299805 -0.9604492 -0.2680664 0.1258545 0.8950195 -0.427002 0.1364746 -0.9584961 -0.2497559 0.2055664 0.9033203 -0.3762207 0.04196167 -0.972168 -0.2304688 0.06713867 0.9243164 -0.3752441 0.02313232 0.9560547 -0.2907715 -0.01209259 0.9995117 0.00422287 0.03338623 0.9985352 -0.03567505 -0.0138092 0.9995117 0.002338409 0.02032471 0.9995117 -0.001317978 -0.02763367 0.9995117 0.00227356 0.00598526 0.9995117 0.009231567 -0.01321411 0.9995117 0.01264191 -0.01282501 0.9995117 0.02789307 -0.09716797 0.9946289 0.02714539 0.05374146 0.9980469 0.01070404 -0.04776001 0.9985352 0.001861572 -0.1003418 0.9946289 0.01309967 0.1716309 0.984375 0.03268433 0.0008368492 0.9926758 0.1203613 0.01953125 0.9941406 0.1022949 -0.1248779 -0.9370117 -0.3254395 0.09765625 -0.9941406 -0.03433228 -0.007888794 -0.9995117 -0.01997375 0.06585693 0.9936523 0.08984375 -0.0002140999 0.9995117 0.01002502 -0.002700806 0.9995117 -0.006908417 -0.007320404 0.9995117 0.008361816 -0.08380127 -0.5375977 -0.8388672 0.2939453 -0.5820313 -0.7578125 -0.1605225 -0.5566406 -0.8149414 -0.3605957 -0.8422852 -0.3994141 -0.550293 -0.2155762 -0.8061523 -0.08856201 0.4348145 -0.8959961 0.1899414 0.8085938 -0.5561523 -0.1838379 0.3144531 -0.9311523 -0.3356934 0.3339844 -0.8803711 -0.4987793 0.4133301 -0.7612305 -0.5625 0.5463867 -0.6196289 -0.7250977 0.4555664 -0.5161133 -0.777832 0.07470703 -0.6235352 -0.9799805 0.1713867 -0.09844971 -0.4475098 0.2839355 0.8476563 0.01452637 0.9907227 0.1339111 -0.3205566 -0.7875977 0.5258789 -0.7470703 -0.6586914 -0.08312988 0 -1.000122 0 0.3459473 -0.9355469 -0.06616211 0.5117188 0.8530273 -0.09863281 0.2365723 0.9516602 0.1951904 0.01332092 -0.9863281 -0.1619873 0.9916992 0 -0.1257324 0.01114655 0.9995117 -0.01696777 -0.00730896 0.9995117 -0.01264191 0.117981 0.9926758 0.009490967 0.01519012 0.9995117 0.0003159046 0 1.000122 0 -0.009231567 0.9995117 -0.02253723 -0.008033752 0.9995117 0.005649567 -0.1147461 0.9892578 0.08825684 0.09875488 0.9936523 -0.04391479 0.1104126 0.9609375 0.2529297 0.06530762 0.9223633 0.380127 0.04211426 0.9931641 0.1080322 0.1330566 0.9277344 0.3474121 0.2275391 0.9301758 0.2866211 0.3117676 0.8051758 0.503418 0.04925537 0.9985352 -0.01238251 -0.0425415 0.996582 0.06884766 0.06933594 0.9970703 0.008468628 0.02728271 0.9990234 0.0252533 0.02752686 0.9995117 -0.0109024 -0.8525391 0 -0.5224609 -0.9892578 -0.05371094 -0.1348877 -0.972168 0 -0.2332764 -0.9824219 -0.0402832 -0.1815186 -0.7602539 0 -0.6494141 -0.6494141 0 -0.7602539 -0.5874023 0 -0.8085938 -0.9916992 -0.04095459 -0.121582 -0.9892578 -0.0506897 -0.1365967 -0.8525391 9.155273E-05 0.5224609 -0.9023438 0 0.4304199 -0.9023438 4.297495E-05 0.4304199 -0.9873047 -8.46386E-06 0.1563721 -0.996582 -9.834766E-06 0.07843018 -0.972168 -7.033348E-06 0.2333984 -0.9238281 0 0.3825684 -0.7602539 8.386374E-05 0.6489258 -0.7602539 0.000197649 0.6494141 -0.6489258 0.03019714 0.7597656 -0.6079102 0.04006958 0.7924805 -0.6489258 0.03016663 0.7597656 0.1405029 -0.9794922 0.1412354 -0.1297607 0.9912109 -0.01176453 -0.07122803 -0.9897461 0.1219482 -0.2130127 -0.8535156 -0.4750977 -0.006362915 -0.9995117 -0.0196228 0.407959 -0.9111328 -0.05175781 0.934082 -0.1679688 -0.3137207 0.9790039 -0.0552063 0.1943359 0.8745117 -0.3947754 -0.2807617 0.9140625 -0.3779297 0.1450195 0.6206055 -0.3916016 -0.6787109 0.6748047 -0.05432129 -0.7353516 0.3671875 -0.3522949 -0.8603516 0.3544922 0.3547363 -0.8647461 -0.762207 -0.177124 -0.6220703 -0.7070313 -0.4077148 -0.5771484 -0.871582 -0.4003906 -0.2817383 -0.9213867 -0.2431641 -0.3015137 -0.9179688 -0.3959961 0.001145363 -0.9711914 -0.2368164 -0.001681328 -0.8740234 -0.3925781 0.2849121 -0.925293 -0.2320557 0.2993164 -0.7192383 -0.3947754 0.5712891 -0.7583008 -0.2836914 0.5864258 -0.5322266 -0.3764648 0.7578125 -0.5898438 -0.1293945 0.796875 -0.1281738 -0.3754883 0.9174805 -0.1966553 -0.04379272 0.9790039 0.2866211 -0.3718262 0.8823242 0.2922363 -0.3234863 0.8994141 0.65625 -0.3657227 0.659668 0.7407227 -0.06756592 0.6679688 0.1383057 0.9892578 -0.04257202 0.1238403 0.9916992 0.03097534 0.08050537 0.9916992 -0.097229 -0.03494263 0.9707031 -0.2375488 -0.04016113 0.9707031 -0.2368164 -0.08764648 0.9931641 -0.07537842 -0.1221313 0.9916992 -0.03967285 -0.128418 0.9916992 0 -0.1221313 0.9916992 0.03967285 -0.1038818 0.9916992 0.07543945 -0.06005859 0.9931641 0.09881592 0.0039711 0.987793 0.1533203 0.06378174 0.9780273 0.1964111 0.08691406 0.987793 0.1263428 -0.005931854 0.9995117 0.002363205 -0.6708984 0.07171631 0.7373047 -0.1368408 -0.08563232 0.9868164 -0.5107422 -0.05474854 0.8574219 0.307373 -0.0980835 0.9462891 0.7026367 -0.09686279 0.7041016 0.9829102 -0.09686279 0.1546631 0.9462891 -0.0980835 -0.307373 0.6337891 -0.1623535 -0.7558594 0.3491211 -0.2368164 -0.90625 -0.8964844 -0.4394531 0.05499268 -0.7407227 -0.6298828 -0.2322998 -0.9873047 -1.370907E-06 0.1563721 -0.890625 0.0001175404 0.4538574 0.1170044 -0.8017578 -0.5849609 0.1088867 -0.9233398 -0.3674316 0.01829529 -0.6669922 -0.7446289 0.24646 -0.7207031 -0.6474609 0.473877 -0.6005859 -0.6435547 0.4594727 -0.5498047 -0.6967773 0.295166 -0.6831055 -0.6674805 0.2125244 -0.8134766 -0.5405273 -0.04837036 -0.2305908 -0.9716797 0.2800293 -0.5478516 -0.7880859 0.5527344 -0.4155273 -0.722168 0.4536133 -0.546875 -0.703125 0.1069946 -0.4790039 -0.8710938 0.1157837 -0.5380859 -0.8344727 0.4248047 -0.7192383 -0.5488281 0.987793 0.08062744 -0.1311035 0.9296875 -0.3239746 -0.1733398 0.9746094 -0.2218018 -0.0254364 0.04455566 -0.2301025 -0.9716797 0.0211792 -0.4257813 -0.9042969 0.1577148 -0.6669922 -0.7275391 0.8652344 0.04196167 -0.4995117 0.7890625 -0.4899902 -0.3701172 0.9223633 -0.3444824 -0.1743164 0.9760742 0.05218506 0.2088623 -0.8540039 0.1785889 0.4880371 -0.8276367 -0.1885986 0.527832 -0.6240234 -0.402832 0.6689453 0.1039429 -0.6157227 0.7807617 0.137207 -0.5258789 0.8388672 -0.021698 -0.7202148 0.6928711 0.559082 -0.5795898 -0.5922852 0.5766602 -0.4750977 -0.6640625 0.02648926 -0.4604492 -0.887207 0.2443848 -0.1051025 -0.9638672 0.4487305 -0.5517578 -0.7026367 -0.04101563 -0.6875 -0.7246094 0.1408691 -0.1368408 -0.9804688 0.357666 -0.6166992 -0.7006836 0.6435547 -0.7348633 0.2121582 0.5576172 -0.8291016 0.03442383 0.8134766 -0.5732422 0.09484863 0.8720703 -0.4799805 -0.09082031 0.9804688 -0.1160889 -0.1574707 0.8828125 -0.420166 -0.2089844 0.8295898 -0.2529297 -0.4975586 0.04492188 -0.7514648 -0.6577148 0.04003906 -0.2384033 -0.9702148 -0.59375 -0.5180664 -0.6152344 -0.2902832 -0.6381836 -0.7124023 -0.3510742 -0.777832 0.5209961 -0.8525391 -0.465332 0.2366943 0.5551758 -0.4343262 -0.7089844 0.05947876 -0.9052734 0.4199219 0.1917725 -0.8344727 0.5161133 -0.0423584 -0.8178711 0.5737305 0.9980469 -0.04443359 0.03289795 0.8945313 -0.4233398 -0.1403809 0.9155273 -0.3723145 -0.151001 0.7739258 -0.5537109 -0.3061523 -0.4294434 -0.7021484 -0.5673828 -0.5244141 -0.8510742 0.006019592 0.02224731 -0.2954102 0.9545898 0.1125488 -0.4160156 0.9018555 -0.3632813 -0.9262695 -0.0970459 -0.9375 -0.223999 -0.2644043 0.253418 -0.53125 -0.8081055 -0.005241394 -0.5043945 -0.8632813 0.2424316 -0.840332 -0.4841309 -0.1617432 -0.9228516 -0.3486328 0.1018677 -0.9033203 -0.4162598 0.6386719 -0.7680664 0.03027344 0.9360352 -0.2817383 -0.2084961 0.953125 -0.3000488 0.03259277 -0.01979065 -0.9536133 -0.2988281 -0.3117676 -0.8647461 -0.3933105 -0.2514648 -0.9560547 -0.1486816 -0.6640625 -0.5966797 0.4492188 -0.2075195 -0.9663086 -0.1513672 0.3579102 -0.6123047 -0.7041016 0.5107422 -0.8193359 -0.2592773 -0.1601563 -0.8891602 -0.4284668 -0.2409668 -0.7167969 0.6538086 -0.2685547 -0.5981445 0.7543945 -0.04760742 -0.8754883 0.4807129 0.3544922 -0.8681641 0.3459473 0.0793457 -0.9521484 0.2946777 0.1888428 -0.8588867 0.4750977 0.7299805 -0.6308594 0.262207 0.6279297 -0.7651367 -0.1384277 0.5693359 -0.7861328 -0.239624 0.03442383 -0.9003906 -0.4333496 0.06884766 -0.9414063 -0.3286133 -0.1071777 -0.9707031 -0.2127686 0.2033691 0.1152344 0.972168 0.04342651 -0.01939392 0.9985352 -0.1693115 -0.3596191 0.9174805 -0.4150391 -0.909668 0.007240295 0.3937988 -0.7768555 -0.4904785 -0.3806152 -0.4660645 -0.7983398 -0.04556274 -0.9082031 -0.4150391 0.3200684 -0.722168 -0.612793 -0.2071533 -0.7197266 -0.6621094 -0.2479248 -0.9243164 0.2897949 0.2484131 -0.8383789 0.484375 0.5625 -0.7587891 0.3273926 -0.2038574 -0.7626953 -0.6132813 -0.4360352 -0.8286133 -0.3505859 -0.4396973 -0.5229492 -0.7299805 -0.3747559 -0.9257813 0.04208374 -0.217041 -0.6464844 0.730957 -0.6137695 -0.503418 0.6074219 0.08764648 -0.3469238 0.9335938 -0.4133301 -0.8837891 -0.2189941 -0.02203369 -0.5029297 0.8637695 -0.1086426 -0.3840332 0.9165039 -0.3398438 -0.5688477 0.7485352 -0.3540039 -0.4802246 0.8022461 -0.2310791 -0.5634766 0.7924805 -0.1696777 -0.5185547 0.8374023 -0.2370605 -0.8022461 0.5473633 -0.1411133 -0.9038086 0.4030762 0.3459473 -0.7451172 0.5698242 0.001070023 -0.902832 0.4289551 0.1662598 -0.7075195 0.6865234 0.3010254 -0.3273926 0.8955078 0.5454102 -0.4086914 0.730957 -0.2214355 -0.8691406 0.4416504 0.2995605 -0.9165039 0.2644043 0.4951172 -0.8657227 0.06884766 0.4672852 -0.8823242 -0.05371094 0.4348145 -0.8862305 0.1593018 -0.2248535 -0.8691406 -0.4401855 -0.1751709 -0.8642578 0.4707031 -0.0519104 -0.4543457 0.8891602 -0.2105713 -0.96875 -0.130249 0.5820313 -0.6132813 -0.5332031 0.5092773 -0.5786133 -0.6362305 -0.04898071 -0.6098633 -0.7905273 0.5693359 -0.7944336 -0.2094727 0.684082 -0.7226563 -0.09637451 -0.1213989 -0.9731445 -0.1932373 -0.4682617 -0.7202148 -0.5107422 -0.05218506 -0.980957 -0.1855469 -0.1567383 -0.934082 -0.3198242 0.09869385 -0.9863281 -0.1313477 0.2822266 -0.7670898 0.5751953 0.1933594 -0.8759766 0.4414063 0.1988525 -0.9799805 0.004245758 0.1732178 -0.9775391 0.1176758 -0.5615234 -0.652832 -0.5078125 -0.2026367 -0.6894531 -0.6948242 -0.5332031 -0.8046875 -0.260498 -0.2388916 -0.8017578 0.546875 0.01846313 -0.7231445 0.6899414 -0.7539063 -0.4946289 0.4318848 -0.8295898 -0.53125 0.1700439 -0.08947754 -0.9956055 -0.02268982 -0.8027344 -0.5224609 0.2871094 0.06347656 -0.9619141 0.2644043 0.06161499 -0.9589844 0.2766113 0.1286621 -0.9526367 0.2751465 -0.1656494 -0.8051758 0.5688477 -0.2012939 -0.9790039 -0.02587891 -0.1915283 -0.9799805 0.05203247 -0.7290039 -0.6831055 0.03723145 -0.609375 -0.5307617 -0.5883789 -0.0222168 -0.7949219 -0.605957 0.02619934 -0.9790039 0.201416 0.5170898 -0.8164063 0.2553711 0.5410156 -0.8349609 -0.1003418 -0.3095703 -0.7539063 -0.5791016 -0.3942871 -0.8413086 -0.3684082 -0.4294434 -0.6220703 -0.6538086 -0.7875977 -0.5893555 0.1767578 -0.7866211 -0.5917969 0.1746826 -0.4445801 -0.8833008 -0.1474609 -0.07330322 -0.996582 0.02360535 -0.09710693 -0.9541016 0.2822266 -0.1016235 -0.9868164 0.1243896 -0.7553711 -0.6137695 0.2277832 -0.3388672 -0.8520508 0.3981934 0.7397461 -0.6210938 -0.2583008 0.4638672 -0.3876953 0.7963867 -0.1557617 -0.7460938 0.6464844 -0.07550049 -0.9492188 0.3044434 -0.6289063 -0.7001953 -0.3364258 -0.2305908 -0.6420898 -0.730957 -0.4125977 -0.871582 -0.263916 -0.7045898 -0.6484375 0.2868652 -0.4416504 -0.8598633 0.2553711 -0.8198242 -0.5009766 0.2758789 -0.6953125 -0.6879883 0.2059326 -0.2351074 -0.9658203 0.1077271 -0.7680664 -0.4316406 0.4726563 -0.9838867 -0.145752 -0.1029053 0.09674072 -0.8798828 -0.4648438 0.03811646 -0.7797852 0.6240234 0.3933105 -0.7358398 0.550293 0.7890625 -0.546875 0.2792969 0.6821289 -0.5478516 0.4833984 -0.05267334 -0.9321289 0.3574219 -0.07928467 -0.9726563 0.2166748 0.3969727 -0.9086914 0.1271973 -0.6005859 -0.7539063 0.2653809 -0.4396973 -0.8881836 0.1313477 -0.4094238 -0.7265625 0.5512695 -0.6108398 -0.6064453 0.5083008 0.7607422 -0.6254883 0.1707764 -0.5615234 -0.628418 -0.5375977 -0.5366211 -0.7397461 0.4050293 0.3059082 -0.9350586 -0.1787109 0.3239746 -0.3898926 0.8618164 0.08496094 -0.7832031 0.6152344 0.4033203 -0.8266602 0.3913574 -0.5932617 -0.8037109 -0.03805542 -0.6962891 -0.6679688 -0.2609863 -0.4230957 -0.7695313 -0.4772949 -0.6645508 -0.7387695 0.1090698 -0.5170898 -0.8305664 0.2055664 -0.1290283 -0.9140625 0.3833008 -0.9194336 -0.3088379 0.2431641 0.828125 -0.5351563 0.1645508 0.5117188 -0.8515625 -0.1124268 0.1488037 -0.7866211 -0.5986328 -0.2900391 -0.8417969 -0.454834 -0.7456055 -0.6660156 -0.005016327 0.2283936 -0.7939453 0.5629883 0.7548828 -0.5722656 0.3193359 -0.7299805 -0.637207 0.2449951 0.0305481 -0.6494141 -0.7592773 -0.5297852 -0.7978516 0.2868652 -0.4916992 -0.8032227 0.3354492 0.5151367 -0.6064453 0.6054688 0.2514648 -0.7363281 0.6274414 0.2497559 -0.9121094 0.3244629 0.3232422 -0.8476563 -0.4196777 0.3662109 -0.8901367 -0.2702637 -0.002346039 -0.9052734 -0.4245605 -0.02548218 -0.9379883 -0.3444824 0.71875 -0.6181641 0.3161621 0.08666992 -0.9052734 0.4155273 -0.7978516 -0.5234375 0.2983398 -0.3955078 -0.9047852 0.1567383 -0.3820801 -0.6020508 0.7006836 -0.7114258 -0.6557617 0.2507324 -0.5546875 -0.6088867 0.565918 -0.03356934 -0.9003906 0.4331055 0.6650391 -0.4501953 0.5952148 0.3461914 -0.3793945 0.8579102 0.07000732 -0.7773438 0.6245117 0.04742432 -0.7114258 0.7006836 -0.2199707 -0.8623047 0.4553223 0.07751465 -0.8237305 0.5610352 0.5776367 -0.8139648 -0.0567627 0.4980469 -0.6083984 -0.6171875 -0.1184082 -0.6523438 -0.7480469 0.3640137 -0.8061523 -0.4660645 -0.5151367 -0.6987305 0.4951172 -0.6245117 -0.5151367 0.5864258 -0.3193359 -0.8930664 0.3156738 -0.06243896 -0.3605957 0.9301758 -0.05978394 -0.9458008 -0.3181152 0.1309814 -0.7446289 -0.6538086 0.4624023 -0.640625 -0.6123047 -0.02825928 -0.6303711 -0.7753906 0.4748535 -0.8520508 0.21875 0.8759766 -0.03808594 0.4799805 0.3884277 -0.3642578 0.8461914 0.02227783 -0.4240723 0.9047852 -0.5200195 -0.8378906 0.163208 -0.2493896 -0.53125 0.8095703 -0.2570801 -0.7666016 0.5878906 -0.2834473 -0.8691406 0.404541 -0.2897949 -0.8481445 0.442627 0.1727295 -0.9477539 0.2663574 0.6762695 -0.4099121 0.6118164 0.140625 -0.7363281 0.6616211 0.2120361 -0.8056641 0.5522461 0.3881836 -0.6875 -0.6132813 -0.5556641 -0.5561523 0.6171875 -0.4121094 -0.4841309 0.7714844 0.2956543 -0.3505859 0.8881836 -0.2836914 -0.6357422 0.7172852 0.09997559 -0.9008789 0.421875 0.423584 -0.7509766 -0.5058594 -0.470459 -0.6352539 0.6118164 0.2790527 -0.7241211 -0.6298828 0.8251953 -0.5551758 -0.1013794 0.5449219 -0.7519531 0.3703613 -0.4731445 -0.8779297 0.06658936 -0.3044434 -0.2897949 0.9072266 -0.6743164 -0.6616211 0.326416 0.4057617 -0.5947266 -0.6933594 0.8759766 -0.4660645 0.1213989 0.7998047 -0.4211426 -0.4274902 0.4970703 -0.8032227 0.3273926 0.8212891 -0.4985352 -0.2768555 0.2680664 -0.4916992 -0.828125 0.7104492 -0.3415527 0.6147461 -0.8320313 -0.4814453 0.2744141 -0.7104492 -0.6660156 -0.2261963 0.2197266 -0.472168 0.8535156 -0.4816895 -0.449707 0.7519531 -0.3164063 -0.8198242 0.4765625 0.3461914 -0.3242188 -0.8798828 0.05554199 -0.8999023 -0.4321289 -0.2254639 -0.4001465 -0.8881836 0.3088379 -0.5146484 0.7993164 0.644043 -0.6079102 0.463623 0.5087891 -0.2790527 -0.8139648 0.8305664 -0.5195313 0.2001953 -0.5615234 -0.4931641 -0.6635742 -0.8486328 -0.4863281 0.2075195 -0.3115234 -0.3193359 0.8945313 0.5146484 -0.3024902 -0.8017578 0.1605225 -0.3320313 -0.9291992 -0.4328613 -0.2321777 -0.8706055 0.7695313 -0.6298828 -0.09863281 -0.6923828 -0.2998047 -0.6557617 -0.8203125 -0.4306641 0.3759766 -0.9160156 -0.3896484 -0.09161377 -0.59375 -0.4816895 -0.644043 0.6152344 -0.5297852 -0.5834961 -0.3098145 -0.5761719 0.7558594 -0.01129913 -0.5302734 -0.847168 -0.7666016 -0.605957 -0.2098389 0.02127075 -0.6108398 -0.7910156 -0.5351563 -0.5415039 0.6479492 0.6547852 -0.730957 -0.1917725 0.8710938 -0.4191895 -0.2546387 -0.2944336 -0.6577148 -0.6928711 -0.1326904 -0.5620117 0.815918 0.1043701 -0.753418 0.6484375 -0.09686279 -0.8725586 0.4782715 -0.3256836 -0.9355469 0.1358643 0.001570702 -0.9985352 -0.05310059 -0.3486328 -0.9350586 0.0604248 -0.07281494 -0.9970703 0.007152557 -0.2687988 -0.9355469 0.2285156 0.263916 -0.9375 -0.2253418 -0.2285156 -0.9355469 0.2687988 0.2270508 -0.9331055 -0.2780762 -0.137085 -0.934082 0.3286133 0.04199219 -0.9980469 -0.0418396 2.741814E-06 -1.000122 -0.0002980232 -0.05551147 -0.9345703 0.3508301 -8.106232E-05 -1.000122 -0.0004255772 0.05575562 -0.934082 0.3522949 0.1358643 -0.9355469 0.3256836 -0.0574646 -0.996582 -0.05691528 0.2264404 -0.9360352 0.2683105 -0.2597656 -0.925293 -0.2749023 -0.06573486 -0.9331055 -0.3535156 0.2514648 -0.9433594 0.2148438 0.3425293 -0.9326172 0.1106567 0.6582031 -0.7382813 0.1452637 0.6875 -0.7211914 -0.08123779 0.3203125 -0.9467773 -0.01702881 0.2105713 -0.9560547 0.2037354 0.3513184 -0.9287109 -0.1151123 -0.3649902 -0.9296875 -0.04452515 -0.1865234 -0.9780273 -0.0927124 -0.3752441 -0.9174805 -0.1297607 -0.05078125 -0.9428711 0.3278809 0.1125488 -0.9931641 0.01398468 0.2220459 -0.96875 -0.1072998 0.04547119 -0.9970703 -0.05487061 0.2479248 -0.9663086 -0.06262207 0.3029785 -0.8999023 -0.3129883 0.2629395 -0.9272461 -0.2646484 0.1135864 -0.9697266 -0.2155762 -0.01203156 -0.996582 -0.07788086 0.05657959 -0.9970703 -0.04876709 0.07769775 -0.9716797 -0.2216797 0 -0.9223633 -0.385498 0 -0.9516602 -0.3054199 -0.1008911 -0.9482422 -0.3005371 -0.06567383 -0.9960938 -0.05740356 -0.1274414 -0.9506836 -0.2824707 0.0151825 -0.9990234 0.03890991 0.03338623 -0.9907227 -0.1313477 -0.1796875 -0.9516602 -0.2473145 -0.2924805 -0.9125977 -0.2841797 -0.2609863 -0.9345703 -0.2414551 -0.05795288 -0.9975586 0.02664185 -0.2408447 -0.9560547 -0.164917 -0.03118896 -0.9975586 -0.0557251 -0.2294922 -0.96875 -0.09277344 -0.3986816 -0.9169922 -0.003385544 -0.3054199 -0.9516602 -0.01463318 -0.04403687 -0.9970703 0.05459595 -0.2469482 -0.9667969 0.06274414 -0.06451416 -0.9970703 -0.04003906 -0.2056885 -0.972168 0.1091309 0.3413086 -0.8867188 0.3110352 0.07556152 -0.9951172 -0.05819702 0.2086182 -0.9707031 0.1159058 0.2443848 -0.9672852 0.06256104 0.04415894 -0.9970703 0.05493164 0.4101563 -0.9116211 1.311302E-06 0.3012695 -0.953125 -0.0001158118 -0.7739258 -0.6240234 0.104187 -0.1600342 -0.9868164 0.01416016 -0.8530273 -0.4255371 0.300293 -0.4064941 -0.4819336 0.7758789 -0.04580688 -0.9863281 0.1573486 -0.2636719 0.5039063 0.8217773 -0.1196899 -0.4140625 0.9018555 -0.07269287 -0.3496094 0.9335938 0.03686523 -0.9887695 0.1444092 0.1359863 0.5170898 0.8447266 0.3029785 -0.416748 0.8564453 0.9243164 -0.3286133 -0.1915283 0.6625977 -0.326416 -0.6733398 -0.2585449 -0.4121094 -0.8735352 0.7841797 -0.4599609 -0.4157715 -0.009277344 -0.3566895 -0.934082 -0.5063477 -0.4055176 -0.7607422 0.3652344 -0.3515625 -0.8618164 -0.6743164 -0.3198242 -0.6650391 -0.9042969 -0.3520508 -0.2403564 -0.7695313 -0.3808594 -0.5117188 -0.9389648 -0.3435059 -0.009567261 -0.4230957 -0.4243164 0.800293 0.4216309 -0.4052734 0.8105469 0.940918 -0.3376465 -0.009689331 0.7758789 -0.3708496 -0.5097656 0.009620667 0.9707031 -0.2380371 0.7724609 -0.5004883 -0.3898926 0.3676758 -0.4899902 -0.7900391 0.1815186 0.9829102 -0.01719666 0.1054077 -0.9907227 -0.08306885 0.02429199 -0.9794922 -0.1984863 0.1311035 0.7641602 -0.6313477 0.05783081 0.8725586 -0.4846191 -0.08557129 0.9272461 -0.3632813 -0.04888916 -0.9765625 -0.208252 -0.1557617 -0.9741211 -0.1625977 -0.3547363 0.5385742 -0.7641602 -0.2454834 0.9692383 -0.01315308 -0.373291 -0.6381836 -0.6723633 -0.6064453 -0.7128906 -0.3505859 0.1704102 0.9682617 0.1818848 0.0333252 0.9990234 -0.01457214 -0.0129776 0.9995117 0.01158905 0.06622314 0.9951172 0.07000732 0.1133423 0.9897461 -0.08630371 0.03004456 0.9995117 0.0009503365 -0.08966064 -0.9956055 0.01203156 -0.03625488 -0.9990234 -0.01133728 0.01849365 0.9995117 0.02183533 0.2207031 0.9267578 -0.3029785 -0.0635376 -0.9628906 -0.2617188 0.09570313 0.9931641 -0.06628418 0.04537964 0.9985352 -0.01548004 -0.04699707 0.9980469 -0.02729797 0.00843811 0.9995117 0.0255127 0.005470276 0.9985352 -0.05065918 -0.4316406 0.8808594 -0.1921387 -0.04251099 0.9985352 -0.02653503 -0.5014648 0.8603516 -0.08740234 -0.5375977 0.8427734 -0.01319885 -0.05493164 0.9975586 0.03704834 -0.1252441 0.9824219 0.1380615 0.009735107 0.9995117 -0.004272461 -0.2246094 -0.8408203 -0.4916992 -0.1171875 -0.9916992 0.04653931 -0.2641602 -0.3391113 -0.902832 -0.04708862 0.9985352 0.01629639 -0.1292725 0.9428711 -0.3063965 -0.1157837 -0.9916992 0.04995728 -0.04486084 0.9985352 0.02191162 0.2230225 -0.7739258 0.5922852 0.164917 0.934082 0.315918 0.9165039 -0.1729736 -0.359375 0.4833984 0.3215332 0.8139648 -0.498291 -0.8457031 -0.1900635 -0.04995728 -0.9916992 0.1157837 -0.8120117 -0.369873 -0.4506836 -0.03271484 0.9990234 0.02687073 -0.3066406 0.9428711 -0.1275635 -0.04653931 -0.9916992 0.1171875 -0.01774597 0.9990234 0.02822876 0.4819336 -0.8491211 0.2149658 0.1694336 0.9814453 0.08587646 0.4868164 -0.04614258 -0.8720703 0.8813477 0.4035645 0.2438965 -0.4819336 -0.8491211 0.2149658 0.03637695 -0.9931641 0.1082764 -0.8828125 -0.3962402 0.251709 0.01629639 0.9985352 0.04708862 -0.3054199 0.9438477 0.1252441 0.04345703 -0.9931641 0.104126 0.02191162 0.9985352 0.04486084 0.5068359 -0.840332 -0.1899414 0.3100586 0.9418945 -0.1264648 -0.2971191 -0.1495361 -0.9428711 0.8149414 0.3586426 -0.4543457 -0.1899414 -0.840332 0.5068359 0.1595459 -0.9819336 0.09906006 -0.4538574 -0.3312988 0.8266602 0.1654053 -0.9824219 0.0836792 0.243042 -0.7807617 -0.574707 0.06713867 0.9741211 -0.2137451 0.05429077 0.9980469 0.01450348 -0.8876953 -0.05334473 -0.456543 0.2471924 0.342041 -0.90625 0.2215576 -0.84375 0.4885254 0.1173706 -0.9916992 -0.04669189 0.2602539 -0.3581543 0.8964844 0.04162598 0.9990234 0.006450653 0.1280518 0.9428711 0.3061523 0.1133423 -0.9921875 -0.05102539 -0.05993652 -0.9838867 0.1678467 0.05026245 -0.9916992 -0.1164551 -0.07080078 -0.9936523 0.08178711 0.04425049 -0.9921875 -0.1164551 0.0395813 -0.9863281 0.1578369 -0.04711914 -0.9916992 -0.1181641 -0.0007176399 -0.9926758 0.1207886 -0.05047607 -0.9916992 -0.1168823 -0.1164551 -0.9916992 -0.05044556 -0.1176147 -0.9916992 -0.04696655 -0.2246094 -0.8408203 0.4916992 -0.1298828 0.9423828 0.307373 -0.04174805 0.9990234 0.006587982 0.8623047 -0.09564209 0.4963379 -0.2561035 0.3583984 0.8974609 0.2370605 -0.9682617 -0.07397461 0.2832031 -0.9580078 -0.03134155 0.3276367 -0.9423828 0.06610107 0.1541748 -0.9726563 0.1728516 -0.03302002 -0.972168 0.2316895 -0.2412109 -0.9633789 -0.1156616 -0.3505859 -0.9360352 0.02069092 0.2822266 -0.1246338 -0.9511719 -0.4355469 -0.07434082 -0.8969727 -0.9243164 -0.161499 -0.3444824 -0.8720703 -0.02819824 0.4882813 0.8901367 -0.1185303 -0.439209 -0.3193359 0.2043457 -0.925293 -0.3234863 -0.08233643 -0.9423828 0.4375 -0.2213135 0.8710938 0.348877 -0.105835 0.9306641 -0.8740234 0.2385254 -0.4221191 -0.8935547 -0.1143799 -0.4338379 0.8828125 -0.3962402 0.251709 0.9379883 -0.1107788 0.3273926 -0.9155273 0.2410889 0.3215332 -0.9379883 -0.1125488 0.3271484 0.8266602 -0.3312988 -0.4538574 0.8945313 -0.09179688 -0.4372559 -0.4277344 0.2133789 0.8779297 -0.4375 -0.09332275 0.894043 0.2602539 -0.3581543 -0.8964844 0.3249512 -0.09014893 -0.940918 0.3200684 0.2159424 0.9223633 0.324707 -0.0916748 0.940918 -0.2641602 -0.3391113 0.9023438 -0.3239746 -0.08087158 0.9423828 0.3925781 0.2143555 0.894043 0.9145508 0.2432861 0.3217773 0.8779297 0.215332 -0.4272461 0.3200684 0.2177734 -0.921875 -0.3195801 0.2061768 0.9248047 -0.2558594 0.3583984 -0.8974609 -0.8022461 0.3886719 -0.4528809 -0.8813477 0.4035645 0.2438965 -0.4543457 0.3586426 0.8149414 0.2521973 0.373291 0.8925781 -0.1304932 0.9389648 0.3166504 -0.6796875 -0.7285156 0.0826416 -0.722168 -0.690918 0.0206604 -0.4729004 -0.8808594 0.0120163 -0.7558594 -0.6533203 -0.03503418 -0.4914551 -0.8706055 -0.004829407 -0.2614746 -0.9541016 0.1446533 -0.840332 -0.2797852 0.4638672 -0.251709 -0.9384766 0.2349854 -0.7304688 -0.006549835 0.6826172 -0.1960449 -0.9438477 0.265625 -0.01249695 -0.9707031 0.2382813 0.1239624 -0.9458008 0.3000488 0.3947754 -0.317627 0.8618164 0.2766113 -0.9194336 0.2780762 0.6987305 -0.1453857 0.7001953 0.3291016 -0.902832 0.276123 0.7524414 -0.1431885 0.6425781 -0.1506348 0.9882813 0.004077911 0.008789063 0.9995117 -0.002674103 0.1837158 0.9785156 0.08831787 -0.1665039 0.9819336 0.08868408 -0.01765442 0.9990234 -0.02937317 0.009040833 0.9995117 -0.01979065 0.01464844 0.9995117 -0.02685547 0.09008789 0.9946289 -0.04156494 0.02851868 0.9990234 0.0149231 -0.3122559 0.9306641 0.1890869 -0.2756348 0.4602051 0.84375 -0.05923462 0.9970703 0.04190063 -0.2176514 0.2531738 0.9423828 -0.002758026 0.9960938 0.08660889 0.03768921 -0.05316162 0.9975586 0.2939453 -0.03311157 0.9550781 0.3354492 0.8935547 0.2971191 0.8422852 0.500061 0.1998291 0.9833984 0.1787109 0.009307861 0.9887695 0.08984375 -0.1184692 0.6196289 0.769043 -0.1567383 0.09448242 -0.9936523 -0.06018066 0.01039124 -0.9838867 0.1777344 0.02609253 0.9995117 0.009689331 0.05026245 0.980957 0.1860352 -0.05065918 0.9853516 -0.1606445 -0.03231812 0.9990234 -0.008613586 0.06585693 0.9599609 -0.2717285 0.9550781 0.2861328 -0.07165527 -0.02893066 0.9833984 0.1778564 -0.7978516 -0.5727539 0.1870117 0.02398682 -0.8681641 0.4953613 0.06658936 -0.9272461 0.3681641 -0.2132568 -0.9150391 0.3415527 -0.09356689 -0.8989258 0.427002 -0.001098633 -0.9995117 -0.01719666 -0.1169434 -0.9921875 -0.03778076 0.1315918 -0.9414063 -0.3100586 0.3000488 -0.9536133 0.01725769 -0.1333008 -0.9907227 -0.01823425 -0.07293701 -0.9516602 -0.2980957 0.1227417 -0.9921875 -0.009567261 -0.2822266 -0.9560547 -0.07849121 0.04077148 -0.9873047 -0.1534424 0.2475586 -0.9609375 -0.1203003 0.3481445 -0.9360352 -0.04476929 -0.1905518 -0.9814453 0.01565552 0.5649414 -0.8183594 0.1004639 0.3261719 -0.9443359 -0.03839111 -0.09802246 -0.9912109 0.08837891 -0.279541 -0.9174805 -0.2817383 -0.3500977 -0.9335938 -0.0736084 -0.2973633 -0.953125 0.05444336 -0.1293945 -0.9799805 0.1481934 -0.3898926 -0.7734375 0.4992676 -0.9433594 -0.02153015 -0.3300781 -0.9833984 -0.06695557 0.168457 -0.2529297 -0.3452148 0.9033203 0.2756348 -0.4204102 0.8642578 0.9384766 0.1088257 0.326416 0.9404297 -0.2661133 -0.2108154 -0.3481445 0.0430603 0.9360352 -0.9375 -0.2368164 0.2546387 -0.9233398 0.1976318 -0.328125 -0.4975586 0.3139648 0.8081055 0.2597656 -0.008300781 0.965332 0.9448242 0.1184692 -0.3046875 0.9882813 0.03912354 0.145874 -0.07733154 0.4350586 0.8969727 0.3615723 -0.8505859 0.3806152 -0.2614746 0.01416016 0.9648438 0.6518555 -0.19104 0.7333984 -0.7880859 0.4042969 0.463623 0.9985352 0.04803467 -0.02059937 0.4084473 0.4243164 -0.8076172 -0.2644043 -0.4069824 0.8740234 0.6201172 -0.3920898 0.6787109 -0.5092773 -0.8378906 0.1948242 -0.8212891 -0.3505859 0.4492188 0.875 -0.4216309 -0.2366943 0.454834 -0.4162598 -0.7871094 0.1965332 -0.8535156 -0.4819336 -0.9882813 0.03411865 -0.1462402 -0.7744141 0.6323242 -0.003725052 -0.5405273 -0.6079102 0.5810547 -0.3522949 -0.7963867 0.4912109 0.3203125 -0.03271484 0.9462891 0.8911133 0.2983398 0.3413086 -0.411377 0.2590332 -0.8735352 -0.8198242 -0.5273438 -0.2203369 -0.4172363 -0.494873 -0.7617188 -0.4042969 -0.140625 -0.9033203 0.1385498 -0.4968262 0.8564453 0.8862305 -0.1052856 0.4506836 0.715332 -0.5410156 0.4418945 -0.659668 -0.4487305 0.6025391 -0.8959961 -0.09179688 0.4338379 0.5249023 -0.1473389 -0.8378906 -0.8735352 0.2440186 0.4204102 0.9379883 0.126709 -0.3215332 0.5410156 0.2247314 -0.8100586 0.2497559 -0.9291992 -0.2719727 -0.223877 -0.9628906 0.1485596 0.2810059 -0.9282227 -0.2419434 -0.1816406 -0.9291992 -0.3212891 -0.2756348 -0.9355469 -0.2188721 0.4279785 -0.8847656 0.1833496 -0.1861572 -0.8671875 -0.4614258 -0.3178711 -0.8964844 0.3081055 0.01577759 -0.9355469 0.3520508 0.3112793 -0.9296875 -0.194458 -0.340332 -0.9165039 -0.2089844 -0.1699219 0.9814453 -0.08807373 0.1778564 0.9804688 -0.07965088 -0.02215576 -0.9794922 0.1992188 -0.1175537 -0.9926758 0.01679993 -0.0871582 -0.9956055 -0.02142334 -0.02890015 -0.9941406 0.1008911 -0.02580261 -0.9956055 0.0871582 -0.08508301 -0.9926758 0.08538818 -0.1073608 -0.9921875 0.05926514 -0.1439209 -0.9892578 0.02072144 -0.2004395 -0.9794922 -0.006031036 0.1605225 -0.9824219 0.09295654 0.04623413 -0.996582 0.06335449 0.05395508 -0.9897461 0.1292725 0.0287323 -0.9941406 0.1022949 0.005558014 -0.9907227 0.1356201 -0.06726074 -0.9760742 0.2043457 -0.2658691 -0.9633789 -0.01759338 -0.480957 -0.8525391 -0.2039795 -0.4360352 -0.8066406 -0.3981934 -0.3027344 -0.8569336 -0.416748 -0.2440186 -0.8066406 -0.5375977 -0.05990601 -0.9033203 -0.4243164 0 -0.9082031 -0.4182129 0.05990601 -0.9033203 -0.4243164 0.2749023 -0.8222656 -0.4978027 0.3671875 -0.8525391 -0.3708496 0.4785156 -0.8422852 -0.2469482 0.5336914 -0.8354492 -0.1268311 0.5380859 -0.8422852 0.0002164841 0.5063477 -0.8530273 0.1218262 0.07452393 -0.9858398 0.1495361 0.05328369 -0.9873047 0.1472168 -0.4755859 -0.8745117 0.09130859 -0.4433594 -0.8774414 0.1824951 -0.3637695 -0.8774414 0.3120117 -0.3120117 -0.8774414 0.3637695 -0.1824951 -0.8774414 0.4433594 -0.0748291 -0.8779297 0.4724121 0.0748291 -0.8779297 0.4724121 0.1824951 -0.8774414 0.4433594 0.3120117 -0.8774414 0.3637695 0.3637695 -0.8774414 0.3120117 0.3728027 -0.9121094 0.1700439 0.4279785 -0.8823242 0.1943359 0.4414063 -0.8896484 0.1160278 0.4472656 -0.894043 -0.01795959 0.4602051 -0.8740234 -0.1555176 0.3857422 -0.8847656 -0.2607422 0.2741699 -0.9003906 -0.3366699 0.1866455 -0.8964844 -0.4008789 0.0647583 -0.871582 -0.4855957 0.01419067 -0.9394531 -0.3417969 0.02624512 -0.8735352 -0.4855957 -0.06057739 -0.8779297 -0.4746094 -0.1755371 -0.8759766 -0.4492188 -0.298584 -0.8662109 -0.3999023 -0.3845215 -0.8701172 -0.307373 -0.4433594 -0.8808594 -0.1629639 -0.484375 -0.8745117 -0.0199585 -0.1123657 -0.7363281 0.6669922 0.1359863 -0.8154297 0.5620117 -0.1069946 0.1813965 0.9775391 0.1188354 0.4125977 0.902832 -0.1156006 -0.9882813 -0.09606934 0.2493896 -0.6904297 -0.6787109 -0.02548218 -0.9848633 0.1690674 -0.08068848 -0.972168 0.2189941 -0.3378906 -0.6054688 0.7202148 -0.08947754 0.9501953 0.2978516 -0.7548828 0.6474609 0.09979248 -0.03025818 0.9990234 0.01490784 0.03396606 -0.9892578 0.140625 0.0737915 -0.996582 -0.02284241 0.05453491 -0.9980469 0.0269165 -0.01100922 -0.9995117 0.0163269 0.6274414 0.7573242 0.1789551 0.03912354 0.9677734 0.2478027 0.2470703 -0.1700439 0.9536133 -0.3427734 -0.9057617 0.2476807 -0.6015625 -0.7978516 -0.0202179 -0.6914063 -0.6689453 0.2717285 -0.09942627 -0.671875 0.7333984 0.7260742 0.65625 0.2045898 0.7636719 -0.6450195 0.0161438 0.3586426 0.1738281 0.9169922 0.1992188 0.9794922 0.01690674 0.6665039 0.5932617 -0.4504395 0.9589844 -0.08300781 -0.2705078 0.4545898 -0.8867188 0.07855225 -0.7841797 -0.5556641 0.2751465 -0.746582 -0.640625 0.1772461 -0.4133301 -0.4025879 0.8164063 -0.003242493 0.05749512 0.9980469 0.546875 -0.006252289 0.8364258 0.8208008 -0.4912109 -0.2900391 0.890625 0.002031326 -0.4543457 -0.8916016 -0.3339844 0.3044434 -0.5395508 0.2425537 0.8056641 0.1257324 0.734375 0.6660156 -0.262207 0.04476929 -0.9638672 0.01515961 0.2205811 -0.9750977 0.3989258 -0.8637695 0.3068848 0.2354736 -0.7402344 0.6289063 -0.597168 0.7631836 0.2457275 0.06970215 0.5419922 0.8374023 -0.4155273 -0.8520508 -0.3173828 -0.1102905 0.6621094 -0.7407227 -0.07275391 0.4675293 -0.8808594 0.7392578 -0.1004639 -0.6650391 -0.0579834 -0.5200195 -0.8520508 -0.2543945 -0.01327515 0.9667969 -0.7954102 0.4562988 0.3977051 0.5537109 -0.06536865 0.8295898 0.8398438 -0.07232666 -0.5375977 -0.2432861 0.5004883 -0.8300781 0.1339111 0.5205078 -0.8427734 -0.340332 0.4946289 0.7993164 -0.4287109 -0.1939697 0.8818359 -0.2709961 -0.8642578 -0.423584 0.0836792 -0.2398682 -0.9667969 0.1564941 -0.3237305 -0.9326172 -0.4177246 -0.6040039 -0.6782227 -0.3840332 -0.3239746 0.8642578 0.02468872 -0.7421875 0.6694336 0.3469238 -0.6030273 -0.7177734 0.2185059 -0.7915039 0.5703125 0.3811035 -0.8588867 -0.3415527 -0.6416016 -0.07080078 0.7631836 0.7045898 -0.109314 0.7006836 -0.6992188 -0.00152874 0.7143555 0.7167969 -0.008255005 0.6967773 -0.7900391 -0.4755859 -0.3862305 -0.7348633 0.1638184 -0.6577148 0.3388672 -0.8642578 -0.3713379 0.8466797 0.1799316 -0.500061 0.6723633 -0.5766602 -0.4631348 0.5229492 -0.02658081 -0.8515625 -0.3493652 -0.01950073 -0.9365234 0.546875 -0.6040039 -0.5791016 0.166626 -0.7587891 0.6289063 0.7329102 0.675293 0.07849121 -0.166626 -0.7587891 0.6289063 -0.7329102 0.675293 0.07849121 -0.1103516 -0.9536133 0.2790527 0.1103516 -0.9536133 0.2790527 -0.6669922 -0.0009627342 0.7446289 0.6699219 -0.01073456 0.7421875 -0.6694336 0.03430176 -0.7416992 0.6923828 0.02140808 -0.7207031 0.04150391 0.9853516 0.163208 0.02967834 0.9931641 -0.1100464 0.1112671 0.9926758 0.03771973 -0.01387024 0.9951172 -0.09344482 0.01197815 0.9873047 -0.1575928 0.06964111 0.9960938 -0.05377197 0.02536011 0.9995117 0.004680634 0.006973267 0.9990234 0.03970337 0.08288574 0.972168 0.2174072 -0.03869629 0.9990234 -0.01649475 -0.009819031 0.9995117 -0.003873825 -0.06195068 0.9970703 -0.04483032 -0.005947113 0.9995117 0.001364708 -0.005321503 0.9995117 0.006160736 -0.01602173 0.9995117 0.01257324 0.02037048 0.9995117 0.01338196 -0.06008911 0.9868164 -0.1494141 0.04754639 0.9638672 -0.260498 0.1309814 0.9472656 -0.2907715 0.0980835 0.9907227 -0.08984375 0.2145996 0.9677734 -0.1313477 0.08618164 0.9960938 0.01359558 -0.1207275 0.9804688 0.1542969 -0.213623 0.9677734 0.1324463 -0.5375977 0.5551758 0.6337891 0.0009937286 0.9995117 0.0008835793 -0.01873779 0.9995117 0.005168915 -0.0221405 0.9995117 0.01747131 0.0322876 0.9990234 -0.02215576 -0.07269287 0.9970703 0.0003006458 -0.1428223 0.9863281 0.08093262 -0.07983398 0.9951172 0.04934692 0.05551147 0.9667969 0.2487793 0.04336548 0.9619141 0.269043 -0.09484863 0.9516602 -0.291748 0.01924133 0.9960938 0.0836792 -0.0411377 0.9985352 -0.0224762 -0.0193634 0.9990234 -0.0274353 -0.02998352 0.9975586 0.06149292 0.01502991 0.9980469 0.05453491 -0.01387787 0.9946289 0.09954834 -0.02941895 0.9970703 0.06561279 -0.04473877 0.9916992 0.1165161 -0.1468506 0.9819336 0.1185913 -0.1075439 0.9584961 0.2629395 0.00202179 0.9995117 -0.009239197 -0.05926514 0.9980469 -0.005992889 -0.3884277 0.894043 -0.2215576 0.02056885 0.9609375 -0.2751465 0.01586914 0.9995117 0.01385498 0.01860046 0.9995117 0.01596069 -0.007671356 0.9995117 -0.005172729 -0.01348114 0.9995117 -0.005840302 -0.006866455 0.9995117 -0.003133774 -0.01596069 0.9995117 -0.004642487 0.07147217 -0.5683594 0.8193359 -0.01134491 -0.6743164 0.737793 -0.003831863 -0.7788086 0.6264648 -0.152832 -0.8364258 0.5258789 0.4816895 -0.6977539 0.5297852 0.7192383 -0.01812744 0.6938477 -0.9897461 0.004917145 0.1407471 0.09735107 -0.840332 0.5327148 -0.09100342 -0.8383789 0.5366211 0.09429932 0.7788086 -0.6196289 0.09674072 -0.7993164 -0.5922852 -0.09423828 0.7788086 -0.6196289 -0.09014893 -0.7998047 -0.5927734 0.652832 0 -0.7568359 0.0619812 -0.512207 -0.8564453 0 -0.6347656 -0.7724609 0 -0.7958984 -0.6044922 -0.07104492 -0.6303711 -0.7724609 0.4797363 -0.6992188 -0.5292969 -0.1115723 -0.9931641 -0.0201416 -0.0001698732 -0.9995117 -0.004077911 0.5766602 -0.8164063 -0.003160477 -0.002283096 -0.9995117 -0.002426147 -0.1885986 -0.9819336 0.002313614 0.590332 -0.8066406 -0.008117676 0.9995117 -0.003473282 0.002965927 -0.9819336 -0.1801758 -0.0557251 -0.9433594 0 -0.3312988 -0.9794922 -0.1933594 0.05429077 -0.6621094 -0.7392578 0.1190796 -0.6621094 -0.7392578 -0.1190796 0.102356 -0.940918 0.3217773 0.02047729 -0.6386719 0.7685547 -0.0006656647 -0.9321289 0.3613281 -0.05935669 -0.5463867 0.8349609 0.9897461 0.004917145 0.1407471 -0.1234131 -0.8032227 0.5820313 0.08880615 -0.800293 0.5922852 -0.8857422 0.002838135 0.463623 0.09014893 -0.7998047 -0.5927734 -0.09674072 -0.7993164 -0.5922852 0.09423828 0.7788086 -0.6196289 -0.09429932 0.7788086 -0.6196289 -0.0619812 -0.512207 -0.8564453 -0.652832 0 -0.7568359 0.07104492 -0.6303711 -0.7724609 0 -0.8422852 -0.5385742 0 -0.8041992 -0.59375 -0.4797363 -0.6992188 -0.5292969 0.2329102 -0.972168 -0.007286072 -0.578125 -0.8154297 0 0.1881104 -0.9819336 0.005886078 -0.5878906 -0.8085938 0 -0.5664063 -0.7788086 0.269043 0.956543 -0.1102905 -0.2685547 0.9648438 0 -0.2626953 0.9804688 -0.1818848 -0.0723877 0.9804688 -0.1818848 0.0723877 0.6621094 -0.7392578 -0.1190796 0.6621094 -0.7392578 0.1190796 -0.4262695 0.8984375 -0.1036377 -0.1650391 0.9199219 0.3554688 -0.220459 0.9619141 -0.1593018 -0.1313477 0.5209961 0.8427734 0.114624 0.550293 0.8266602 -0.6826172 -0.4367676 -0.5849609 -0.498291 0.6567383 -0.5654297 -0.03143311 0.8481445 -0.527832 -0.753418 0.1342773 0.6435547 0.03320313 0.8837891 0.4663086 -0.3273926 0.8842773 0.3322754 -0.2563477 0.9204102 0.2944336 -0.3745117 0.8500977 0.3691406 -0.6030273 -0.2866211 0.7441406 0.06256104 0.8623047 -0.5019531 -0.4194336 0.9067383 -0.0340271 0.003381729 0.9995117 0.03060913 -0.02566528 0.9702148 -0.2397461 -0.0147934 0.9882813 -0.1502686 -0.8520508 0.3742676 0.3647461 0.2658691 0.4509277 0.8515625 0.5029297 0.4245605 0.7519531 -0.6108398 -0.2099609 -0.7626953 -0.6435547 0.3295898 -0.6904297 0.1092529 -0.0541687 -0.9921875 -0.5380859 0.7099609 -0.4533691 -0.4279785 0.809082 0.4020996 0.6166992 0.04547119 -0.7851563 0.0637207 0.8901367 -0.4504395 0.2351074 0.7617188 0.6035156 -0.3171387 0.9389648 0.1328125 -0.3181152 0.8828125 0.3442383 -0.3605957 0.8251953 0.4343262 -0.447998 0.6225586 0.6411133 -0.0413208 -0.8950195 -0.4433594 -0.4665527 0.1806641 -0.8657227 0.8730469 0.4196777 0.2469482 0.9638672 -0.08734131 -0.2500305 -0.9521484 0.2479248 -0.1763916 -0.1008301 0.8725586 0.4772949 -0.5830078 -0.6401367 0.4997559 0.3742676 -0.4057617 -0.8334961 -0.578125 0.7832031 -0.2263184 -0.4580078 0.8579102 -0.230835 -0.3156738 0.8999023 -0.300293 0.4890137 -0.8608398 0.1380615 0.2746582 0.8549805 0.4394531 0.3308105 0.8310547 0.4460449 0.302002 0.84375 0.4428711 0.9165039 0.277832 -0.2871094 0.7841797 0.3027344 -0.5410156 0.8725586 -0.07104492 -0.4824219 0.7036133 -0.2766113 -0.6542969 0.9492188 -0.2929688 -0.114502 0.241333 0.265625 0.9331055 0.9790039 0.1831055 0.08465576 0.90625 0.3540039 -0.229248 0.862793 0.08898926 -0.4975586 0.8447266 0.4140625 -0.3381348 0.6166992 0.5708008 -0.5410156 0.7158203 0.5253906 -0.4597168 0.519043 0.6025391 -0.6054688 0.703125 0.170166 0.6899414 0.8085938 0.1973877 0.5532227 0.8666992 0.2037354 0.4550781 -0.6293945 -0.7626953 0.1467285 0.5605469 0.1875 -0.8061523 0.5131836 0.2237549 -0.828125 0.1538086 0.07543945 -0.9848633 0.1199951 0.1226196 -0.9848633 0.1781006 -0.6118164 -0.7705078 0.5629883 -0.1400146 -0.8144531 0.4338379 0.8911133 0.1317139 0.5273438 -0.006877899 -0.8491211 0.217041 -0.1066284 0.9702148 -0.2929688 0.3876953 0.8735352 -0.01608276 0.4431152 0.8959961 -0.08227539 0.2481689 -0.9648438 -0.3310547 0.269043 -0.9042969 -0.05123901 0.3811035 -0.9228516 0.07208252 0.543457 0.8359375 0.6381836 0.3791504 0.6694336 0.04302979 -0.006752014 -0.9990234 -0.5454102 0.8222656 0.161377 -0.5878906 0.8037109 0.08972168 -0.2420654 0.6875 -0.684082 -0.3327637 0.8901367 -0.3103027 -0.3376465 0.5717773 -0.7470703 -0.4873047 0.2490234 -0.8364258 -0.6069336 -0.102356 -0.7875977 -0.4729004 0.6953125 -0.5405273 -0.4001465 0.5678711 0.71875 -0.1549072 0.4208984 0.8935547 0.1256104 0.4570313 0.8803711 -0.5664063 0.484375 -0.6660156 -0.5961914 0.7192383 0.3564453 -0.6083984 0.2130127 -0.7636719 -0.6704102 0.3359375 -0.6606445 -0.4130859 0.8325195 -0.3686523 -0.1118164 0.6269531 0.7705078 -0.1103516 0.6914063 0.7133789 -0.2353516 0.6069336 0.7587891 -0.09442139 0.154541 0.9833984 0.05206299 0.6567383 0.7519531 -0.8554688 0.4387207 -0.2744141 -0.7114258 0.6938477 0.107666 -0.5244141 0.8271484 0.2008057 -0.3154297 0.7363281 0.5981445 -0.684082 0.7285156 0.02070618 -0.5073242 0.8076172 0.298584 -0.5546875 0.5703125 0.6054688 -0.02360535 0.730957 0.6816406 -0.7700195 0.5693359 -0.2866211 -0.1113281 0.4233398 0.8989258 0.4753418 -0.314209 0.8212891 -0.4904785 -0.3703613 0.7885742 0.9472656 -0.28125 0.1520996 0.8017578 0.1673584 -0.5732422 0.6733398 0.3225098 -0.6645508 0.6850586 0.6772461 -0.267334 0.2731934 0.2785645 0.9204102 0.4804688 0.855957 -0.1889648 -0.6240234 0.7788086 0.05670166 -0.4006348 0.6435547 -0.6513672 0.1607666 0.7900391 -0.5913086 -0.902832 0.1437988 0.4047852 -0.6982422 -0.09588623 0.7089844 -0.878418 0.05297852 0.4743652 -0.7480469 0.6474609 0.1444092 0.6660156 -0.1228638 -0.7353516 0.1607666 0.53125 -0.831543 0.9990234 -0.03765869 -0.001782417 -0.3891602 0.8930664 -0.2254639 0.1236572 -0.375 0.918457 0.9931641 0.1117554 0.0201416 -0.5859375 -0.7714844 -0.24646 0.2963867 0.3945313 0.8696289 0.953125 0.2802734 0.1118164 -0.9150391 0.1488037 -0.3747559 0.5483398 0.1263428 0.8261719 0.04644775 0.6181641 0.7841797 0.5483398 -0.02656555 -0.8354492 -0.390625 0.4470215 0.8041992 0.3037109 0.3312988 0.8930664 -0.3874512 0.3034668 0.8701172 0.8530273 -0.2128906 0.4760742 0.01997375 -0.3710938 -0.9282227 -0.2609863 0.3059082 -0.9150391 0.8623047 -0.1340332 -0.4880371 -0.7866211 0.6069336 0.1103516 0.6767578 0.4978027 0.5419922 -0.8642578 0.2160645 -0.4536133 -0.2871094 0.5288086 0.7983398 -0.9326172 -0.06958008 0.3537598 -0.8046875 0.4628906 0.3710938 0.3371582 0.875 0.3466797 0.2634277 0.9643555 0.005451202 0.4328613 0.8920898 -0.1275635 0.0513916 0.7431641 -0.6665039 0.05081177 0.7387695 0.671875 0.418457 0.8789063 0.2280273 -0.1529541 0.9609375 0.2288818 -0.7568359 0.6533203 -0.01561737 0.3366699 0.3637695 0.8681641 -0.3459473 0.7250977 -0.5952148 -0.8959961 0.3535156 -0.2683105 -0.8671875 0.2932129 -0.4018555 0.4348145 0.4519043 -0.7788086 0.949707 -0.2573242 -0.177124 0.9370117 -0.3334961 0.09991455 0.6635742 -0.5478516 0.5092773 0.9902344 0.07910156 0.1119385 0.9272461 0.2177734 -0.3041992 -0.9707031 0.2319336 0.06051636 -0.7944336 0.5844727 -0.1634521 -0.8803711 0.4123535 -0.2341309 0.2071533 -0.4309082 0.8779297 -0.9912109 0.06665039 0.1123657 0.8540039 0.500061 -0.1424561 0.3383789 0.9404297 -0.01384735 0.5537109 0.484375 0.6767578 0.2355957 0.3422852 0.9091797 -0.02316284 0.4006348 0.9155273 0.4931641 0.05386353 -0.8681641 -0.1254883 0.4724121 -0.8720703 -0.4431152 0.8671875 -0.2269287 0.4611816 0.6518555 0.6015625 -0.550293 0.8344727 -0.001626968 -0.6391602 0.703125 0.3105469 -0.3686523 0.07366943 -0.9262695 -0.6352539 0.715332 0.2895508 -0.6362305 0.7592773 -0.1342773 -0.7558594 0.652832 0.04293823 0.4719238 -0.4033203 -0.7836914 -0.2685547 0.4631348 -0.8442383 0.7148438 -0.3601074 -0.5991211 -0.4443359 0.5551758 0.7026367 -0.5224609 0.4833984 0.7021484 0.831543 -0.4348145 0.3442383 -0.8359375 0.5375977 0.1060791 -0.4157715 -0.03967285 -0.9082031 0.1655273 0.01579285 0.9858398 0.9101563 0.2478027 -0.3312988 0.1977539 0.4279785 -0.8813477 0.6884766 0.3566895 -0.6308594 -0.5874023 0.2958984 -0.7529297 -0.7128906 -0.6069336 0.3498535 -0.9023438 0.4194336 -0.09527588 -0.1062622 0.472168 -0.875 -0.9365234 0.2087402 -0.2802734 -0.9931641 -0.0007753372 0.1126709 -0.7133789 0.2209473 0.6645508 -0.3156738 0.5703125 0.7578125 0.078125 0.2181396 0.9726563 0.4448242 -0.765625 0.4641113 -0.4921875 0.8579102 -0.1439209 0.6918945 0.453125 -0.5615234 0.5058594 0.3496094 -0.7880859 0.59375 0.5649414 0.5722656 0.2281494 0.9716797 -0.06057739 -0.1657715 0.6040039 -0.7788086 0.9375 0.05081177 0.34375 0.00466156 0.7084961 0.7050781 -0.05297852 0.7578125 0.6499023 -0.02452087 -0.8774414 -0.4785156 -0.2900391 0.7475586 0.5966797 -0.1097412 0.8164063 0.565918 -0.347168 0.8105469 0.4711914 -0.2502441 0.8657227 0.4326172 -0.1060181 0.6445313 0.7568359 -0.7460938 0.3708496 0.5522461 0.4536133 -0.4750977 -0.753418 -0.3674316 0.9091797 0.1939697 0.4257813 -0.2388916 -0.8725586 -0.4150391 0.8271484 0.3776855 -0.1887207 -0.5820313 0.7905273 -0.5463867 0.7167969 -0.4318848 -0.4338379 -0.4328613 -0.7895508 -0.1624756 -0.5649414 -0.8085938 -0.065979 -0.6635742 0.7446289 0.5766602 0.8012695 0.1567383 -0.1300049 0.2858887 0.9492188 -0.2166748 0.6401367 -0.7368164 -0.4311523 0.8300781 0.3527832 -0.1539307 0.7739258 -0.6137695 -0.4775391 0.734375 0.4814453 -0.6113281 0.7631836 0.2075195 0.7817383 0.5673828 -0.2578125 0.753418 0.2211914 -0.6186523 0.8393555 0.3764648 0.3916016 -0.8364258 0.4370117 0.3303223 -0.3632813 0.7617188 0.5356445 0.4038086 -0.6352539 -0.6577148 -0.0136795 0.5136719 0.8574219 0.08691406 0.04650879 0.9951172 0.8691406 0.2563477 0.421875 -0.8388672 0.543457 0.005950928 -0.2995605 0.9443359 -0.1330566 -0.3425293 -0.3916016 0.8535156 -0.9428711 -0.1066895 0.3149414 0.5126953 -0.3552246 -0.78125 0.8183594 0.223877 0.5283203 0.675293 0.7080078 0.2053223 -0.8886719 0.2910156 0.3532715 0.9272461 0.1337891 0.3496094 0.8730469 0.4870605 -0.01913452 0.6293945 0.3039551 0.7148438 0.9106445 -0.04638672 -0.4099121 -0.6166992 0.7460938 0.2497559 -0.3513184 0.4152832 -0.8388672 0.2397461 -0.282959 0.9282227 -0.8476563 0.08154297 0.5234375 0.5839844 -0.7045898 -0.4018555 -0.480957 -0.3137207 -0.8183594 -0.5810547 0.2485352 0.7744141 0.3149414 0.581543 0.7495117 -0.512207 0.8574219 0.04699707 0.4238281 0.4108887 -0.8066406 -0.7602539 -0.04104614 -0.6479492 0.5175781 0.03063965 -0.8549805 0.2113037 -0.2768555 -0.9370117 0.2425537 0.1483154 -0.9584961 0.8256836 -0.3217773 -0.4628906 0.8989258 0.09332275 -0.427002 -0.5883789 0.02297974 -0.8081055 -0.4462891 -0.279541 -0.8496094 -0.9760742 0.01449585 -0.2167969 -0.9360352 -0.3234863 -0.1358643 -0.7509766 0.02059937 0.659668 -0.7158203 0.1639404 0.6782227 0.1757813 0.1657715 0.9702148 -0.2619629 -0.2489014 0.9321289 0.5791016 -0.1118774 0.8071289 0.9111328 -0.2902832 0.291748 0.9443359 0.07446289 0.3195801 -0.5639648 0.824707 -0.03378296 -0.03872681 0.8574219 -0.512207 -0.4624023 0.4018555 -0.7900391 -0.3276367 0.9213867 0.2073975 0.02532959 0.9155273 0.4008789 0.3637695 0.9121094 0.1882324 0.503418 0.8027344 -0.3183594 0.3427734 0.5888672 0.7314453 0.2097168 0.671875 -0.7099609 -0.2269287 0.6826172 -0.6943359 0.4995117 0.2775879 -0.8203125 0.3857422 -0.6079102 0.6933594 0.4162598 -0.427002 0.8022461 -0.1629639 -0.2854004 0.9443359 -0.7202148 -0.4645996 0.5146484 -0.4030762 0.3632813 -0.8398438 0.6962891 -0.6704102 -0.2541504 0.3410645 0.1005249 -0.934082 -0.07861328 -0.3115234 0.9467773 0.3288574 -0.171875 0.9282227 -0.1148071 0.6308594 0.7666016 -0.5405273 0.3293457 0.7734375 -0.1018677 0.1612549 0.9814453 -0.5825195 0.6928711 0.4238281 -0.7749023 0.5678711 0.2758789 -0.9082031 0.1671143 -0.3828125 0.9365234 0.2006836 0.2871094 0.800293 0.5859375 0.1260986 0.4487305 -0.800293 -0.3974609 0.3078613 -0.8178711 -0.4853516 0.02980042 0.1871338 0.9814453 0.3647461 0.9257813 -0.09649658 -0.1505127 -0.9301758 0.3337402 0.8061523 0.5834961 -0.09606934 -0.8237305 0.5615234 0.07397461 -0.01434326 0.6982422 -0.715332 0.1474609 0.9848633 -0.08978271 -0.2597656 -0.9619141 -0.0824585 -0.08880615 0.9951172 -0.04269409 0.2658691 -0.9594727 -0.09002686 0.3010254 -0.7480469 0.5908203 -0.5395508 -0.7783203 0.3195801 -0.08032227 0.9956055 0.03729248 0.7626953 0.0612793 -0.6435547 -0.2644043 0.9516602 -0.1556396 0.859375 0.05715942 0.5078125 0.4228516 -0.878418 0.220459 -0.6240234 -0.6430664 -0.4433594 -0.9580078 0.05960083 0.2800293 0.8027344 -0.05780029 0.5932617 -0.197876 0.8173828 0.5405273 0.01570129 -0.7910156 0.6113281 -0.9750977 -0.07751465 0.2058105 0.1491699 -0.3671875 -0.9179688 0.01731873 -0.8476563 0.5297852 -0.1685791 -0.7475586 0.6420898 -0.6010742 0.2790527 0.7485352 0.6835938 0.01701355 0.7290039 -0.8398438 -0.4519043 0.2993164 0.9008789 -0.04125977 -0.4316406 0.2198486 0.940918 0.2565918 0.2200928 -0.4299316 0.8754883 0.6030273 -0.5654297 0.5620117 0.7836914 0.4794922 0.3937988 -0.4682617 0.8540039 0.2252197 0.9946289 0.09777832 -0.0135498 -0.04653931 0.2956543 0.9541016 0.6328125 0.09631348 0.7675781 0.2583008 0.5224609 0.8120117 -0.6894531 0.6049805 -0.3977051 0.6411133 0.5185547 -0.5649414 0.7163086 -0.6279297 -0.3027344 0.2766113 0.1060181 0.9550781 -0.5932617 0.3374023 0.7304688 -0.1773682 -0.2556152 0.9501953 0.9267578 0.0357666 -0.3725586 -0.875 0.390625 -0.2854004 -0.4360352 0.8203125 -0.3691406 0.178833 0.03015137 -0.9833984 -0.1842041 0.407959 -0.894043 -0.458252 -0.8681641 -0.189209 0.9682617 0.2484131 0.01818848 0.6591797 0.04779053 0.75 -0.06488037 0.612793 0.7871094 -0.2069092 -0.6894531 0.6938477 0.6674805 -0.1500244 0.7290039 0.137085 -0.4448242 0.8847656 0.7807617 -0.211792 0.5874023 0.8842773 -0.4528809 0.1120605 0.3581543 -0.02644348 -0.9331055 0.1459961 0.6401367 0.7539063 0 -0.9995117 -0.02290344 -0.5141602 0.8574219 -0.01829529 0.0440979 0.9985352 0.0234375 0.7578125 0.4970703 -0.4221191 -0.04800415 -0.9638672 -0.2614746 0.3691406 -0.878418 0.3024902 -0.4187012 -0.7817383 0.4616699 0.2841797 -0.9306641 0.2290039 0.5200195 -0.847168 0.1063843 -0.4489746 -0.07098389 -0.8901367 0.722168 -0.6899414 0.03765869 -0.08532715 -0.6298828 0.7714844 0.2426758 -0.7626953 0.5991211 0.03001404 -0.9135742 0.4052734 -0.007469177 -0.9995117 -0.01218414 0.7983398 0.0536499 -0.5991211 -0.8525391 0.0002202988 0.5224609 -0.9853516 0 -0.1694336 0.01118469 -0.9995117 -0.01460266 0.04837036 -0.9985352 -0.006134033 0.1740723 0.9824219 0.06091309 0.1392822 0.9775391 0.1571045 0.1724854 0.9750977 0.1391602 0.9711914 -0.08007813 -0.2233887 0.9121094 -0.184082 -0.3654785 0.5273438 0.8417969 0.1113281 -0.5976563 -0.2253418 -0.769043 -0.4956055 0.05514526 0.8666992 0.2142334 0.9697266 0.1148682 -0.1700439 0.009246826 0.9853516 -0.5708008 0.5170898 0.637207 -0.1040039 0.9912109 -0.08044434 0.7602539 0.03034973 -0.6484375 -0.1275635 -0.9521484 0.276123 0.420166 -0.6108398 -0.6704102 -0.4362793 0.7402344 -0.5112305 -0.2819824 -0.7832031 -0.5537109 -0.04595947 0.7636719 0.6435547 -0.1519775 0.5375977 0.8291016 0.2036133 0.8623047 0.4628906 0.1951904 0.8945313 0.4018555 0.1789551 0.9384766 0.2946777 0.2092285 0.8359375 0.5068359 0.0413208 0.8950195 0.4433594 -0.1607666 0.8217773 0.5458984 -0.6313477 0.3054199 0.7124023 -0.559082 0.1729736 -0.8105469 -0.4211426 0.8735352 0.2425537 0.451416 -0.8286133 0.3300781 0.09442139 -0.154541 -0.9833984 -0.3530273 -0.0008897781 0.9355469 0.9448242 -0.3227539 -0.05419922 -0.2230225 -0.4355469 -0.8720703 0.3967285 0.4233398 -0.8139648 0.5249023 -0.8442383 0.105957 0.9482422 -0.1053467 0.298584 -0.1188965 0.7050781 -0.6987305 0.2114258 0.765625 -0.6069336 0.5024414 0.3962402 -0.7680664 -0.8330078 0.1412354 -0.5341797 0.859375 0.3947754 -0.324707 0.2722168 -0.7661133 0.5820313 -0.05163574 0.2480469 0.9672852 -0.2178955 0.6782227 -0.7016602 -0.201416 0.6791992 -0.7050781 -0.3046875 0.6816406 -0.6645508 0.6293945 0.6796875 0.3759766 -0.6083984 -0.6767578 -0.4135742 -0.6132813 -0.6738281 -0.411377 -0.6538086 -0.6381836 -0.4060059 -0.6831055 -0.6489258 -0.3337402 -0.6879883 -0.6630859 -0.2937012 -0.7866211 -0.5776367 -0.2174072 -0.7548828 -0.5878906 -0.2890625 -0.8852539 -0.4619141 -0.0463562 -0.7836914 -0.5175781 -0.3422852 -0.3154297 0.6660156 -0.675293 -0.2408447 0.765625 -0.5957031 -0.2254639 0.7836914 -0.5786133 -0.05184937 0.6821289 -0.7285156 -0.5307617 -0.715332 -0.453125 0.7236328 0.6533203 0.2213135 0.7294922 0.6425781 0.2327881 0.7431641 0.6162109 0.260498 -0.1732178 0.7680664 -0.6157227 -0.5703125 0.0871582 0.8164063 -0.3583984 0.241333 0.9013672 -0.4084473 0.112915 0.9052734 -0.5844727 0.7597656 0.2836914 0.4165039 -0.9052734 -0.08331299 0.2154541 -0.7949219 0.5664063 0.1889648 -0.9023438 0.3864746 0.2174072 -0.8569336 0.467041 0.234375 -0.7768555 0.5834961 0.2109375 -0.7783203 0.5908203 0.6826172 -0.3349609 -0.6489258 0.6274414 -0.3244629 -0.7075195 0.6767578 -0.3339844 -0.6552734 0.7138672 -0.6967773 0.06402588 0.6591797 -0.7333984 -0.1652832 0.6523438 -0.734375 -0.1848145 0.59375 -0.7333984 -0.329834 -0.8481445 0.1268311 0.5136719 -0.6523438 0.03631592 0.7563477 -0.8935547 0.1257324 0.4309082 -0.9580078 0.1413574 0.2481689 -0.6743164 -0.5957031 0.4360352 -0.8447266 -0.4396973 0.3041992 -0.8637695 -0.4152832 0.2839355 0.7602539 0.6162109 0.2045898 0.7421875 0.652832 0.1507568 0.7900391 0.5620117 0.2423096 0.7612305 0.6166992 0.1984863 -0.9291992 -0.3105469 0.197876 0.722168 -0.3415527 -0.6005859 0.8505859 0.1047974 0.5141602 0.7749023 0.5307617 0.3425293 0.7607422 0.5756836 0.2988281 -0.7714844 0.07281494 0.6318359 0.6928711 0.6533203 0.3032227 0.6865234 0.6479492 0.3286133 0.6992188 0.652832 0.2905273 0.4294434 -0.5576172 -0.7099609 0.7807617 0.5424805 0.3088379 0.8632813 0.489502 -0.1221313 0.7270508 0.6591797 0.1896973 0.765625 0.5610352 0.3129883 0.640625 0.6464844 0.4130859 0.6201172 0.6811523 0.3876953 0.6376953 0.6782227 0.3647461 0.5205078 0.7148438 0.4667969 0.5600586 0.7050781 0.434082 0.3635254 0.7363281 0.5698242 0.6293945 0.6787109 0.3769531 0.6293945 0.6791992 0.3759766 0.01991272 -0.4980469 0.8666992 -0.1618652 -0.3586426 0.9189453 0.3154297 -0.6660156 0.675293 0.519043 -0.7280273 0.4465332 0.6992188 -0.706543 0.1065674 0.6030273 -0.7324219 0.3139648 0.7753906 -0.5756836 -0.2580566 0.5761719 -0.7924805 -0.1972656 0.5991211 -0.7236328 -0.3417969 0.3881836 -0.8081055 -0.4418945 0.500061 0.7202148 0.4799805 0.7382813 0.5683594 0.3618164 0.706543 0.5732422 0.4145508 -0.6293945 -0.6791992 -0.376709 -0.6293945 -0.6796875 -0.3759766 -0.6293945 -0.6791992 -0.3769531 0.1732178 -0.7680664 0.6157227 0.3325195 0.7333984 0.5922852 -0.671875 -0.5922852 -0.4438477 -0.470459 -0.4472656 -0.7602539 -0.4555664 -0.527832 -0.7167969 -0.5634766 -0.5507813 -0.6152344 -0.6362305 -0.559082 -0.5307617 -0.2785645 -0.5668945 -0.7749023 -0.6928711 -0.6176758 -0.3710938 -0.6259766 -0.7553711 -0.192749 -0.5639648 -0.5371094 -0.6269531 -0.7553711 -0.6542969 0.01768494 -0.7685547 -0.6132813 0.1796875 -0.7246094 -0.6801758 0.1074829 -0.373291 -0.5859375 -0.71875 -0.8779297 -0.4782715 -0.00345993 -0.8886719 -0.4580078 0.005336761 -0.5751953 -0.7441406 0.338623 0.3911133 -0.6733398 -0.6269531 0.5888672 -0.6025391 -0.5380859 0.3405762 -0.6542969 -0.6748047 0.4765625 -0.170166 -0.8623047 -0.2019043 -0.1721191 -0.9638672 -0.1223145 -0.2175293 -0.9682617 -0.09484863 -0.2325439 -0.9677734 -0.6386719 -0.6259766 0.4472656 -0.5361328 -0.4892578 -0.6875 -0.4016113 -0.5854492 -0.7036133 0.2944336 -0.8364258 -0.4619141 0.4697266 -0.6972656 -0.5410156 -0.7626953 -0.3859863 0.5180664 -0.7651367 -0.3833008 0.5166016 -0.7167969 -0.612793 0.3320313 -0.3215332 -0.559082 -0.7636719 -0.04101563 -0.9990234 -0.009391785 0.06304932 -0.2993164 0.9516602 0.04910278 -0.4458008 0.8935547 0.1480713 -0.3759766 0.9145508 -0.2033691 -0.6425781 0.7382813 0.6767578 -0.4528809 -0.5795898 0.8364258 -0.4069824 -0.3666992 0.7709961 -0.3710938 -0.5170898 0.6860352 -0.5458984 -0.4802246 0.6591797 -0.4035645 -0.6337891 0.7001953 -0.5454102 -0.4597168 0.236084 -0.4116211 0.8798828 0.8867188 -0.3015137 0.3493652 0.9267578 -0.1580811 0.3400879 0.9296875 -0.236084 0.2819824 0.8759766 -0.3632813 0.3166504 0.8388672 -0.4040527 0.364502 -0.6669922 -0.6811523 -0.3000488 -0.6835938 -0.5927734 -0.4250488 -0.4055176 -0.5913086 -0.6967773 0.9008789 -0.1607666 0.4025879 0.2409668 -0.3857422 0.8901367 -0.7626953 -0.3903809 0.5151367 -0.3095703 -0.3068848 -0.8994141 -0.815918 -0.479248 0.3227539 -0.328125 -0.9052734 -0.2692871 -0.3457031 -0.1977539 -0.9169922 -0.7607422 -0.3845215 0.5219727 -0.9550781 -0.2937012 -0.03549194 -0.2200928 -0.161377 -0.9619141 -0.4299316 -0.5732422 -0.6967773 0.04452515 -0.8720703 -0.4865723 -0.008621216 -0.890625 -0.4541016 0.2037354 -0.7744141 -0.5986328 1.000122 -9.536743E-07 0</float_array>
                    <technique_common>
                        <accessor count="2189" offset="0" source="main_ringShape-geometry-NORMAL-array" stride="3">
                            <param name="X" type="float" />
                            <param name="Y" type="float" />
                            <param name="Z" type="float" />
                        </accessor>
                    </technique_common>
                </source>
                <source id="main_ringShape-geometry-TEXCOORD">
                    <float_array id="main_ringShape-geometry-TEXCOORD-array" count="3272">0.6904297 0.5825195 0.6674805 0.5322266 0.6904297 0.652832 0.6674805 0.6025391 0.6318359 0.4924316 0.6318359 0.5625 0.5869141 0.4667969 0.5869141 0.5366211 0.5371094 0.4580078 0.5371094 0.527832 0.4875488 0.4667969 0.4875488 0.5366211 0.4428711 0.4924316 0.4428711 0.5625 0.4072266 0.5322266 0.4072266 0.6025391 0.3842773 0.5825195 0.3842773 0.652832 0.3764648 0.6381836 0.3764648 0.7084961 0.3842773 0.6943359 0.3842773 0.7641602 0.4072266 0.7446289 0.4072266 0.8144531 0.4428711 0.784668 0.4428711 0.8544922 0.4875488 0.8100586 0.4875488 0.8803711 0.5371094 0.8188477 0.5371094 0.8891602 0.5869141 0.8100586 0.5869141 0.8803711 0.6318359 0.784668 0.6318359 0.8544922 0.6674805 0.7446289 0.6674805 0.8144531 0.6904297 0.6943359 0.6904297 0.7641602 0.6982422 0.6381836 0.6982422 0.7084961 0.8676758 0.3105469 0.8676758 0.2800293 0.9355469 0.3105469 0.9355469 0.2800293 0.8115234 0.3105469 0.8115234 0.2800293 0.7436523 0.3105469 0.7436523 0.2800293 0.6669922 0.3105469 0.6669922 0.2800293 0.5849609 0.3105469 0.5849609 0.2800293 0.4189453 0.2800293 0.5009766 0.3105469 0.3422852 0.2800293 0.3422852 0.3105469 0.2183838 0.3105469 0.2183838 0.2800293 0.1763916 0.3105469 0.1763916 0.2800293 0.1417236 0.3105469 0.1417236 0.2800293 0.2744141 0.2800293 0.909668 0.3105469 0.909668 0.2800293 0.1248169 0.2888184 -0.421875 0.3056641 -0.4509277 0.2888184 0.2695313 0.2888184 -0.4150391 0.2990723 -0.5087891 0.2888184 -0.4377441 0.2888184 1.537109 0.2888184 0.9614258 0.2888184 1.507813 0.3056641 0.8164063 0.2888184 1.500977 0.2990723 1.595703 0.2888184 1.523438 0.2888184 -0.4199219 0.2927246 0.1879883 0.2927246 0.2321777 0.2927246 0.8666992 0.2927246 0.8500977 0.2927246 0.894043 0.2927246 1.507813 0.2827148 1.507813 0.2927246 -0.4304199 0.2770996 -0.4431152 0.2927246 0.7011719 0.2944336 0.7226563 0.2944336 0.8442383 0.3012695 0.9599609 0.3083496 0.8881836 0.3083496 0.9863281 0.3083496 1.011719 0.3012695 0.8955078 0.296875 0.2419434 0.2907715 0.1259766 0.2878418 0.2568359 0.2878418 0.07543945 0.2878418 0.4985352 0.2954102 0.6655273 0.2944336 0.8662109 0.3012695 0.6889648 0.3012695 0.6386719 0.2944336 0.4138184 0.3041992 0.2380371 0.3041992 0.7866211 0.3012695 0.3916016 0.2954102 0.4951172 0.3041992 -0.4150391 0.2976074 0.1248169 0.2976074 0.9614258 0.2976074 1.500977 0.2976074 1.049805 0.2341309 1.052734 0.255127 1.060547 0.3022461 0.9848633 0.2980957 0.9291992 0.2700195 0.9326172 0.295166 0.9946289 0.1229248 0.8974609 0.1989746 0.8896484 0.02645874 0.8413086 0.1472168 0.8046875 -0.007247925 0.8486328 0.006195068 0.7729492 0.1259766 0.7700195 0.03823853 0.7973633 0.1141357 0.746582 0.1242676 0.8808594 0.1789551 0.3964844 -0.1574707 0.4631348 -0.1396484 0.434082 -0.1017456 0.4240723 -0.1223145 0.4055176 -0.1308594 0.4665527 -0.2010498 0.4299316 -0.2034912 0.3537598 -0.1359863 0.4104004 0.07305908 0.4597168 -0.09063721 0.4758301 -0.07025146 0.434082 -0.05392456 0.5019531 -0.03515625 0.4836426 -0.2248535 0.1989746 0.02416992 0.2375488 -0.04644775 0.3884277 0.1102295 0.5302734 -0.03442383 0.4047852 -0.1706543 0.4719238 -0.08258057 0.1020508 0.1672363 0.3491211 0.1990967 0.3950195 0.09613037 0.2988281 -0.09387207 0.2900391 0.04663086 0.05523682 0.3259277 0.3212891 0.2990723 0.2993164 0.2919922 0.3586426 0.1838379 0.4611816 0.00328064 0.3303223 0.2861328 0.1873779 0.0171814 0.2097168 0.02792358 0.06958008 0.3232422 0.1256104 0.1650391 0.1693115 0.3149414 0.3425293 0.07574463 0.3808594 0.04376221 0.3461914 0.07141113 0.3774414 0.03851318 0.1951904 -0.0668335 0.1911621 -0.06246948 0.2687988 -0.1446533 0.2614746 0.2199707 0.2810059 0.1936035 0.2788086 0.1965332 0.06915283 0.06439209 0.07049561 0.06555176 0.1125488 0.008369446 0.2358398 0.2702637 0.2337646 0.2744141 0.2526855 0.2368164 0.02339172 0.1616211 0.02134705 0.1658936 -0.05950928 0.2775879 -0.06884766 0.2956543 -0.1074829 0.2775879 -0.06451416 0.2956543 -0.1091919 0.2956543 -0.06439209 0.2218018 -0.01252747 0.2218018 -0.01486969 0.2956543 -0.1132202 0.2183838 -0.05966187 0.2183838 -0.2565918 0.2641602 -0.2325439 0.09869385 -0.1446533 0.2641602 -0.1566162 0.1021118 -0.302002 0.2641602 -0.2592773 0.1391602 -0.302002 0.03833008 -0.2497559 0.2641602 -0.2188721 0.08123779 -0.1166992 0.08447266 -0.1636963 0.09893799 -0.1207275 0.2641602 -0.1636963 0.2641602 -0.1914063 0.1231689 -0.4614258 0.2617188 -0.515625 0.1621094 -0.4672852 0.1243286 -0.515625 0.2617188 -0.4150391 0.1480713 -0.4047852 0.2617188 -0.4538574 0.2617188 -0.4655762 0.1311035 1.380859 0.2905273 1.322266 0.2768555 1.380859 0.3200684 1.333008 0.3200684 1.351563 0.2768555 1.359375 0.3200684 1.336914 0.2073975 1.289063 0.2514648 1.359375 0.2514648 1.224609 0.2514648 1.256836 0.3200684 1.232422 0.2768555 1.236328 0.2905273 1.294922 0.2248535 1.330078 0.2073975 1.236328 0.3200684 1.388672 0.2073975 1.232422 0.2073975 1.206055 0.2073975 1.212891 0.3200684 1.077148 0.2341309 1.036133 0.2341309 1.073242 0.3081055 1.047852 0.3081055 1.043945 0.2666016 1.000122 0.2851563 0.9682617 0.2666016 0.9589844 0.3081055 1.000122 0.3081055 1.00293 0.2666016 1.092773 0.3081055 1.03125 0.2851563 1.083984 0.2666016 0.9804688 0.2851563 1.066406 0.2341309 1.088867 0.2402344 0.9692383 0.2402344 0.9589844 0.2469482 1.008789 0.2341309 0.9926758 0.2341309 1.043945 0.2663574 1.026367 0.2851563 1.050781 0.2851563 0.9975586 0.2851563 1.053711 -0.03411865 0.9882813 -0.2580566 0.9926758 0.000770092 0.9970703 0.04299927 0.9970703 0.2327881 1.018555 -0.2580566 0.9970703 -0.2580566 1.022461 -0.2580566 1.067383 -0.1213379 1.013672 0.01016998 0.9970703 -0.08642578 1.09082 -0.0246582 1.089844 0.007835388 1.089844 -0.135376 1.094727 0.3085938 1.285156 0.3046875 1.194336 0.3547363 1.196289 0.2971191 1.030273 0.357666 0.9511719 0.2905273 0.9492188 0.3618164 0.9589844 0.3605957 0.9609375 0.2832031 1.008789 0.3017578 1.109375 0.3630371 1.006836 0.3625488 1.142578 0.3510742 1.193359 0.3459473 1.198242 0.3166504 1.282227 0.3166504 1.416016 0.3166504 1.416016 0.3737793 1.361328 0.3737793 1.292969 0.3618164 1.282227 0.3737793 1.4375 0.3093262 1.428711 0.3393555 1.263672 0.2729492 1.307617 0.2817383 1.338867 0.2954102 1.318359 0.3186035 1.360352 0.3081055 1.375977 0.3405762 1.460938 0.3435059 1.351563 0.340332 1.330078 0.340332 1.344727 0.3288574 1.463867 0.3278809 1.476563 0.3349609 1.393555 0.2944336 1.37207 0.2854004 1.371094 0.3190918 1.493164 0.2973633 1.485352 0.277832 1.43457 0.3063965 1.488281 0.3476563 1.427734 0.3320313 1.431641 0.3642578 1.268555 0.3312988 1.280273 0.3635254 1.24707 0.3312988 1.25293 0.3635254 1.271484 0.3635254 1.292969 0.3737793 1.203125 0.4489746 1.203125 0.3720703 1.166016 0.4489746 1.166992 0.3720703 0.9580078 0.456543 0.8696289 0.4489746 0.8681641 0.3720703 0.831543 0.4489746 0.8325195 0.3720703 0.9550781 0.456543 0.9555664 0.3793945 1.017578 0.3813477 1.017578 0.3825684 0.8945313 0.3735352 0.8623047 0.3735352 0.9667969 0.3808594 1.063477 0.3012695 0.6870117 0.3581543 0.8676758 0.3530273 1.010742 0.3581543 1.063477 0.3581543 0.8330078 0.355957 0.9599609 0.3652344 0.890625 0.3652344 0.6640625 0.357666 0.2380371 0.3613281 0.2481689 0.3581543 0.4030762 0.3613281 0.9863281 0.3652344 0.2634277 0.3061523 0.2150879 0.3010254 0.2856445 0.3010254 0.6865234 0.3544922 0.4343262 0.3569336 0.2907715 0.3515625 0.5014648 0.3613281 0.5786133 0.3676758 0.5063477 0.3581543 0.1259766 0.3503418 0.1116333 0.3537598 0.1868896 0.3503418 0.02581787 0.300293 0.02542114 0.3579102 0.215332 0.3522949 0.1906738 0.2983398 -0.2324219 0.3813477 -0.09521484 0.3908691 -0.2324219 0.4223633 -0.09521484 0.4223633 -0.3649902 0.3725586 -0.3649902 0.4223633 -0.470459 0.4223633 -0.470459 0.3725586 -0.4577637 0.4223633 -0.4577637 0.3725586 1.001953 0.3876953 1.001953 0.3190918 1.142578 0.3876953 1.142578 0.3190918 0.730957 0.3876953 0.730957 0.3190918 0.5893555 0.3190918 0.6230469 0.3068848 0.6630859 0.3088379 0.4033203 0.3146973 0.5117188 0.3146973 0.3500977 0.3146973 0.4750977 0.3146973 0.9345703 0.3178711 1.026367 0.3068848 0.8374023 0.3178711 0.8515625 0.3068848 0.5727539 0.3054199 0.3964844 0.3054199 0.1811523 0.3054199 -0.065979 0.3818359 0.5727539 0.3876953 0.340332 0.395752 -0.2122803 0.3054199 -0.2983398 0.3059082 0.08544922 0.3068848 -0.166748 0.3063965 0.3908691 0.3818359 0.565918 0.3818359 0.1588135 0.3818359 -0.4489746 0.3818359 -0.270752 0.3818359 0.3908691 0.2614746 0.5585938 0.2614746 0.1588135 0.2614746 -0.065979 0.2614746 -0.4489746 0.2614746 -0.5634766 0.2614746 -0.5683594 0.3044434 -0.5957031 0.3044434 -0.5263672 0.3054199 -0.498291 0.3054199 -0.5263672 0.3876953 -0.5957031 0.3818359 0.9057617 0.3876953 1.271484 0.3876953 1.271484 0.3190918 1.084961 0.3190918 0.7084961 0.3876953 0.5893555 0.3876953 0.6230469 0.3876953 0.9057617 0.3068848 0.2078857 0.3068848 0.3181152 0.3122559 0.2315674 0.3068848 1.160156 0.3068848 1.038086 0.3068848 0.1835938 0.3068848 0.2198486 0.3178711 0.1715088 0.3068848 0.5644531 0.2597656 0.178833 0.2597656 -0.01985168 0.3054199 -0.02444458 0.2631836 -0.2177734 0.2631836 -0.4990234 0.2597656 0.06494141 0.3068848 0.2231445 0.2956543 0.3088379 0.2956543 -0.02154541 0.3068848 -0.4404297 0.4223633 -0.4404297 0.3725586 -0.4782715 0.3725586 -0.4187012 0.4223633 -0.4187012 0.3725586 -0.480957 0.3725586 -0.4746094 0.4223633 -0.4782715 0.4223633 -0.480957 0.4223633 -0.3933105 0.4223633 1.081055 0.3876953 -0.3493652 0.3059082 -0.498291 0.3876953 0.04718018 0.4223633 0.2078857 0.395752 -0.02609253 0.3088379 -0.05679321 0.3669434 -0.137207 0.3669434 -0.1182861 0.3088379 -0.1989746 0.3669434 -0.1889648 0.3088379 -0.4726563 0.3088379 -0.4165039 0.3088379 -0.5087891 0.3088379 -0.5209961 0.3088379 -0.3356934 0.3669434 -0.3457031 0.3088379 -0.08825684 0.3669434 -0.06213379 0.3088379 -0.04638672 0.2871094 -0.1307373 0.2871094 -0.267334 0.2871094 -0.3391113 0.2871094 -0.4553223 0.2871094 -0.4885254 0.2871094 -0.4997559 0.2871094 -0.4040527 0.2871094 -0.1955566 0.2871094 -0.267334 0.2990723 -0.3342285 0.421875 -0.2004395 0.421875 -0.09210205 0.421875 -0.06130981 0.421875 -0.1400146 0.421875 -0.267334 0.421875 1.030273 0.3845215 1.155273 0.3493652 1.118164 0.4377441 1.011719 0.4907227 0.9033203 0.5063477 0.9375 0.3896484 0.6611328 0.5473633 1.237305 0.3601074 1.105469 0.559082 0.9589844 0.5126953 0.8876953 0.5600586 0.8183594 0.371582 0.6665039 0.503418 0.6796875 0.388916 0.7695313 0.5581055 1.420898 0.3601074 1.428711 0.4440918 1.449219 0.4265137 0.5405273 0.40625 1.181641 0.4987793 1.162109 0.6474609 1.473633 0.3608398 1.476563 0.4455566 1.446289 0.3447266 -0.423584 0.4707031 -0.3500977 0.4484863 0.4645996 0.3974609 0.4750977 0.487793 0.6240234 0.3974609 1.261719 0.4916992 1.09668 0.6308594 0.9697266 0.5737305 0.8916016 0.6103516 0.5415039 0.5532227 0.5410156 0.4697266 0.7714844 0.605957 1.458008 0.4516602 1.479492 0.463623 1.501953 0.4226074 1.500977 0.4138184 1.401367 0.4804688 1.398438 0.4216309 1.383789 0.4294434 0.4326172 0.5292969 0.4040527 0.3881836 0.1064453 0.3969727 0.2980957 0.5131836 -0.2580566 0.4863281 -0.3222656 0.3659668 1.265625 0.5898438 0.9960938 0.4213867 0.8149414 0.4724121 0.972168 0.4365234 1.462891 0.4733887 1.427734 0.5014648 1.37793 0.5214844 1.355469 0.5419922 0.1254883 0.5185547 -0.3833008 0.5166016 0.3039551 0.3796387 0.3911133 0.439209 -0.2780762 0.4675293 -0.3083496 0.3779297 1.044922 0.7026367 0.9697266 0.6767578 0.8696289 0.6518555 0.340332 0.6123047 0.6425781 0.6630859 1.43457 0.4772949 1.419922 0.5283203 1.46875 0.5258789 -0.1113892 0.4492188 -0.361084 0.486084 -0.3679199 0.5263672 -0.3181152 0.5385742 -0.3520508 0.46875 1.076172 0.6928711 1.22168 0.6391602 0.5454102 0.6030273 1.178711 0.4824219 1.216797 0.3967285 0.9897461 0.4699707 1.388672 0.4545898 1.370117 0.4038086 1.276367 0.4018555 1.414063 0.5297852 1.345703 0.6367188 1.296875 0.6347656 -0.04251099 0.4912109 -0.08099365 0.4868164 -0.3015137 0.5214844 0.4758301 0.5307617 0.6118164 0.5126953 -0.1676025 0.4953613 -0.1067505 0.4416504 1.15625 0.684082 0.8300781 0.7719727 0.8364258 0.6713867 1.009766 0.8222656 0.8793945 0.8271484 1.15332 0.5424805 1.231445 0.500061 1.408203 0.5307617 0.244873 0.6142578 0.2247314 0.5351563 0.07348633 0.6298828 -0.2352295 0.6142578 -0.2451172 0.574707 -0.09246826 0.5395508 0.4067383 0.534668 -0.1105347 0.4914551 0.2237549 0.3706055 0.2658691 0.4892578 0.06665039 0.3754883 0.190918 0.5205078 0.133667 0.3730469 -0.01181793 0.3676758 -0.09033203 0.40625 -0.02549744 0.4631348 0.8491211 0.4987793 0.9790039 0.4780273 0.7412109 0.4875488 0.6088867 0.5654297 0.8027344 0.5869141 1.086914 0.5092773 1.31543 0.6157227 1.423828 0.6098633 1.358398 0.640625 1.282227 0.6499023 -0.1636963 0.512207 -0.1435547 0.6298828 0.2727051 0.5371094 -0.2258301 0.4890137 1.141602 0.7631836 1.038086 0.9023438 0.9736328 0.8657227 1.232422 0.6591797 1.177734 0.7270508 0.7509766 0.6469727 0.7861328 0.8178711 0.6132813 0.6738281 0.5419922 0.6425781 0.6884766 0.6870117 0.887207 0.5761719 1.256836 0.5751953 1.241211 0.6494141 1.217773 0.6679688 0.01737976 0.7109375 0.02012634 0.5429688 -0.3103027 0.5561523 0.2030029 0.5893555 0.4816895 0.6079102 -0.04492188 0.5517578 -0.0345459 0.5546875 -0.3996582 0.472168 -0.04193115 0.6533203 -0.1860352 0.4677734 -0.119873 0.4680176 -0.2521973 0.4675293 -0.3215332 0.4697266 -0.3520508 0.4729004 -0.2749023 0.5112305 0.7763672 0.8603516 0.7573242 0.7700195 0.3312988 0.6557617 1.180664 0.6489258 1.19043 0.7133789 1.274414 0.7133789 -0.03439331 0.6708984 -0.1831055 0.5522461 0.08630371 0.7348633 -0.05947876 0.6572266 -0.008560181 0.659668 -0.03811646 0.5498047 -0.3862305 0.4724121 -0.04574585 0.4714355 0.05667114 0.4465332 0.1184692 0.479248 0.1148071 0.4804688 1.111328 0.847168 0.8359375 0.574707 1.076172 0.5947266 1.09668 0.6196289 0.04943848 0.7871094 0.1491699 0.7441406 -0.1442871 0.6381836 -0.06530762 0.6499023 -0.08349609 0.6542969 -0.01383209 0.6621094 0.01124573 0.621582 -0.08435059 0.5424805 0.1491699 0.5791016 0.7216797 0.7724609 0.3942871 0.6645508 1.000122 0.559082 0.7363281 0.8164063 0.7880859 0.8100586 0.8129883 0.6650391 1.088867 0.6518555 1.076172 0.6157227 1.161133 0.6713867 0.01341248 0.7426758 0.1420898 0.6064453 -0.01463318 0.5322266 0.1068115 0.5068359 1.098633 0.8964844 0.8500977 0.9223633 0.8862305 0.9702148 0.6601563 0.7041016 0.703125 0.6787109 0.7177734 0.8227539 1.098633 0.7167969 -0.03756714 0.7036133 0.2060547 0.9902344 -0.1472168 0.605957 0.02545166 0.762207 0.07550049 0.7275391 0.3059082 0.6591797 0.135498 0.5830078 1.133789 0.800293 1.032227 0.9765625 0.9819336 0.9560547 0.8955078 1.004883 0.7324219 0.7841797 0.9150391 0.6484375 0.809082 0.659668 0.1115723 0.8564453 0.2553711 0.7871094 0.1328125 0.7993164 0.06225586 0.6948242 1.081055 0.8046875 1.017578 0.9169922 0.9814453 0.996582 0.6787109 0.7436523 0.6181641 0.7890625 0.5927734 0.7241211 0.5419922 0.7026367 0.828125 0.7524414 0.9804688 0.6303711 0.1988525 0.9780273 0.2646484 0.6665039 0.3381348 0.7319336 0.2382813 0.8349609 0.0475769 0.6064453 0.9316406 0.9829102 0.7177734 0.9052734 0.590332 0.8481445 0.6005859 0.7626953 0.5791016 0.7241211 1.024414 0.6474609 1.030273 0.7475586 0.9536133 0.652832 0.387207 0.7949219 0.2182617 0.9848633 0.4541016 0.7319336 0.2081299 0.8491211 0.1035156 0.5629883 0.1199951 0.7319336 0.9389648 0.8339844 0.7202148 0.6738281 0.7055664 0.7885742 0.6191406 0.7871094 0.5078125 0.8393555 0.9394531 0.6757813 0.5883789 0.8647461 0.565918 0.7666016 0.6469727 0.8339844 0.2330322 1.081055 0.2435303 0.9746094 0.286377 0.6723633 0.2176514 0.6523438 0.1165161 0.6650391 0.8276367 0.7763672 0.6928711 1.040039 0.9599609 0.6425781 1.011719 0.7304688 0.3095703 1.083984 0.2607422 0.7338867 0.5224609 0.8950195 0.5878906 0.9741211 0.4897461 0.7568359 0.9438477 0.7431641 0.5795898 0.7641602 0.855957 0.8569336 0.4709473 0.7788086 0.8203125 0.8334961 0.3361816 1.084961 0.3349609 0.8876953 0.4389648 0.972168 0.2229004 0.7636719 0.6904297 0.8637695 0.7368164 1.036133 0.730957 1.000122 0.9204102 0.7265625 0.401123 0.9072266 0.2900391 0.9667969 0.3505859 0.980957 0.3547363 0.9916992 0.2958984 0.8999023 0.5908203 1.079102 0.3530273 0.9199219 0.1878662 0.737793 0.5805664 0.918457 0.404541 0.8657227 0.500061 0.9980469 0.5708008 1.226563 0.6489258 1.148438 0.6977539 0.8911133 0.6264648 1.181641 0.4311523 0.918457 0.4052734 1.144531 0.4335938 1.083008 0.6650391 1.041992 0.5688477 1.09668 0.487793 1.098633 0.6757813 1.136719 0.3586426 0.9833984 0.3937988 1.074219 0.420166 1.172852 0.4396973 1.182617 0.6176758 1.179688 0.4777832 1.147461 0.5292969 1.185547 0.4624023 1.262695 0.5292969 1.270508 0.5292969 1.353516 0.5664063 1.420898 0.6181641 1.25 0.5151367 1.363281 0.6220703 0.6923828 0.4873047 0.628418 0.407959 0.6572266 1.070313 0.6635742 1.104492 0.6635742 1.126953 0.6635742 1.165039 0.6635742 1.021484 0.6635742 1.052734 0.6635742 0.8911133 0.6635742 0.9135742 0.6635742 0.8115234 0.6635742 0.8291016 0.6635742 0.5429688 0.6635742 0.6357422 0.6635742 0.4445801 0.6635742 0.4504395 0.6635742 0.2744141 0.6635742 0.2570801 0.6635742 0.1953125 0.6635742 0.1727295 0.6635742 -0.01986694 0.6616211 0.06439209 0.6635742 -0.01965332 0.6635742 -0.08703613 0.6635742 1.105469 0.6635742 1.109375 0.6640625 1.143555 0.3969727 1.234375 0.3925781 1.276367 0.3969727 1.30957 0.3925781 1.068359 0.3969727 1.091797 0.3925781 0.8955078 0.3925781 0.9799805 0.3969727 0.6591797 0.3969727 0.7827148 0.3925781 0.5429688 0.3969727 0.5429688 0.3925781 0.3032227 0.3925781 0.427002 0.3969727 0.1906738 0.3925781 0.2058105 0.3969727 0.08679199 0.3925781 0.01779175 0.3969727 -0.005809784 0.3925781 -0.05792236 0.3969727 -0.0848999 0.3925781 -0.1906738 0.3969727 -0.1951904 0.3925781 -0.1998291 0.3969727 -0.2331543 0.3925781 -0.2236328 0.3925781 -0.05334473 0.3962402 -0.1485596 0.3925781 1.137695 0.3962402 1.286133 0.3969727 1.319336 0.3925781 -0.3115234 0.3532715 -0.2797852 0.3532715 0.1502686 0.3532715 0.2756348 0.3713379 0.4077148 0.3532715 0.5429688 0.3532715 0.6782227 0.3713379 0.8105469 0.3532715 1.047852 0.4291992 0.9775391 0.4291992 0.6323242 0.4299316 0.5429688 0.4299316 0.4538574 0.4299316 0.109375 0.4287109 -0.02474976 0.4287109 -0.1600342 0.4291992 -0.1673584 0.4291992 1.24707 0.4289551 1.254883 0.4289551 1.154297 0.6230469 0.9467773 0.6230469 0.8549805 0.6230469 0.8891602 0.6635742 0.8027344 0.6201172 0.5429688 0.6201172 0.4116211 0.6201172 0.4206543 0.6635742 0.1971436 0.6635742 0.1708984 0.6201172 0.2314453 0.6230469 0.1395264 0.6230469 -0.01229858 0.6230469 1.287109 0.6264648 1.306641 0.621582 1.196289 0.6230469 1.220703 0.6230469 1.241211 0.6723633 1.289063 0.6201172 1.246094 0.6816406 0.9150391 0.6201172 0.6503906 0.6230469 0.435791 0.6230469 0.3308105 0.6230469 -0.06222534 0.6235352 -0.2070313 0.6201172 -0.2819824 0.6279297 -0.2922363 0.6279297 -0.1348877 0.6230469 -0.1098022 0.6230469 1.158203 0.3815918 1.132813 0.3815918 1.138672 0.4191895 1.068359 0.6303711 1.091797 0.6303711 1.094727 0.3815918 1.035156 0.6303711 1.032227 0.3815918 0.9780273 0.6303711 1.088867 0.5859375 0.987793 0.5991211 0.9243164 0.3815918 0.824707 0.3815918 0.9130859 0.4191895 0.7939453 0.6303711 0.8847656 0.6303711 0.734375 0.3815918 0.7138672 0.6303711 0.6191406 0.3815918 0.6088867 0.6303711 0.6289063 0.5849609 0.6108398 0.5991211 0.4667969 0.3815918 0.3515625 0.3815918 0.4697266 0.4191895 0.3723145 0.6303711 0.4772949 0.6303711 0.2617188 0.3815918 0.2922363 0.6303711 0.1618652 0.3815918 0.201416 0.6303711 0.1235352 0.5869141 0.1943359 0.5991211 0.05392456 0.3815918 -0.009155273 0.3815918 0.06964111 0.4191895 -0.07232666 0.3815918 -0.006008148 0.6303711 0.01750183 0.6303711 -0.1368408 0.5859375 -0.0178833 0.5991211 -0.04638672 0.3815918 -0.05310059 0.4191895 0.1048584 0.3969727 0.4255371 0.3962402 0.6572266 0.3969727 0.9765625 0.3962402 1.223633 0.5864258 1.103516 0.5991211 1.288086 0.6816406 1.316406 0.6816406 1.248047 0.6816406 1.177734 0.6723633 1.150391 0.6962891 1.095703 0.690918 0.9638672 0.5859375 0.4572754 0.5849609 -0.005260468 0.5869141 1.124023 0.5883789 1.148438 0.4279785 1.016602 0.4191895 1.016602 0.4284668 0.9189453 0.5878906 0.9331055 0.4284668 0.6162109 0.4191895 0.6000977 0.4289551 0.4897461 0.5869141 0.486084 0.4289551 0.1733398 0.4191895 0.1557617 0.4277344 0.090271 0.5888672 0.06994629 0.4277344 -0.06329346 0.4282227 -0.03909302 0.5878906 0.9970703 0.5878906 0.5966797 0.5869141 0.1705322 0.5888672 0.8920898 0.5991211 0.4753418 0.5991211 0.09851074 0.5991211 0.1082764 0.6303711 -0.3603516 0.3068848 -0.371582 0.3068848 -0.3115234 0.3779297 -0.2250977 0.3779297 -0.2279053 0.3532715 -0.06652832 0.3779297 -0.06878662 0.3532715 0.03634644 0.3779297 0.5429688 0.3779297 0.9345703 0.3779297 0.9360352 0.3532715 1.049805 0.3779297 1.051758 0.3532715 1.311523 0.3779297 1.314453 0.3532715 0.2330322 0.6303711 0.2004395 0.6264648 0.2015381 0.628418 0.8515625 0.6303711 0.6513672 0.6225586 0.8818359 0.6303711 0.2854004 0.628418 0.4296875 0.6230469 0.4125977 0.628418 0.5429688 0.621582 0.5429688 0.628418 0.8007813 0.628418 0.902832 0.6201172 1.336914 0.6279297 1.37793 0.6279297 1.368164 0.6279297 1.220703 0.7045898 1.158203 0.7045898 0.0506897 0.6303711 -0.06280518 0.6298828 1.148438 0.6298828 -0.2512207 0.6279297 0.5429688 0.6723633 0.6645508 0.6723633 0.2001953 0.6694336 0.4216309 0.6723633 0.4321289 0.6723633 0.236084 0.6855469 0.8510742 0.6855469 0.6523438 0.6855469 0.8300781 0.6640625 -0.1398926 0.7050781 -0.09375 0.6728516 -0.005348206 0.6958008 -0.07427979 0.6992188 -0.1484375 0.7050781 -0.06671143 0.6992188 -0.007602692 0.6992188 -0.07324219 0.7080078 -0.1585693 0.6782227 -0.2283936 0.6811523 -0.1619873 0.6791992 0.435791 0.418457 0.4719238 0.420166 0.5136719 0.4328613 0.4990234 0.4333496 0.5844727 0.4333496 0.5722656 0.4328613 0.6166992 0.4169922 0.4980469 0.5810547 0.5136719 0.5825195 0.4755859 0.6015625 0.4367676 0.5991211 0.5849609 0.5810547 0.609375 0.5981445 0.5722656 0.5825195 0.9414063 0.6318359 1.02832 0.6230469 0.9599609 0.5859375 1.035156 0.5947266 0.8911133 0.6015625 1.101563 0.5991211 0.9882813 0.5981445 0.9736328 0.4328613 1.046875 0.432373 0.9150391 0.420166 1.101563 0.4326172 1.017578 0.4172363 0.01268768 0.5800781 -0.002447128 0.6235352 0.05767822 0.6230469 0.1339111 0.6225586 0.1550293 0.5820313 0.08703613 0.5854492 -0.00712204 0.4306641 0.06958008 0.420166 0.06958008 0.4338379 0.1008301 0.4306641 0.1463623 0.4296875 0.1726074 0.416748 0.04101563 0.4304199 0.9331055 0.4318848 1.016602 0.427002 0.918457 0.5883789 0.9975586 0.5864258 0.2580566 0.6635742 0.8144531 0.6635742 0.1647949 0.3815918 0.05508423 0.3845215 0.0158844 0.3967285 0.5429688 0.3967285 0.6230469 0.3815918 0.467041 0.3845215 0.4770508 0.6264648 0.6088867 0.6264648 -0.08996582 0.6767578 -0.1669922 0.6728516 -0.1582031 0.6728516 0.4182129 0.3779297 0.1809082 0.3779297 -0.02095032 0.3779297 -0.1676025 0.3779297 -0.244751 0.3779297 -0.2546387 0.3779297 1.253906 0.3779297 0.7895508 0.3779297 0.07421875 0.3779297 0.6679688 0.3779297 0.9052734 0.3779297 1.107422 0.3779297 1.25 0.3798828 1.326172 0.3798828 1.335938 0.3798828 1.331055 0.3779297 1.013672 0.5917969 0.9677734 0.5917969 0.9287109 0.5917969 0.8232422 0.5917969 0.7592773 0.5917969 0.6176758 0.5917969 0.4685059 0.5917969 0.3266602 0.5917969 0.2629395 0.5917969 0.1577148 0.5917969 0.0158844 0.6635742 0.1185913 0.5917969 0.0725708 0.5917969 0.06665039 0.5917969 0.09002686 0.5917969 0.395752 0.5917969 0.5429688 0.5917969 0.6904297 0.5917969 0.9960938 0.5917969 1.019531 0.5917969 -0.277832 0.6459961 0.04602051 0.6459961 -0.2619629 0.5942383 0.05960083 0.6005859 -0.2790527 0.6459961 0.05566406 0.5981445 -0.1287842 0.486084 -0.1553955 0.5029297 -0.144165 0.512207 -0.1695557 0.5966797 -0.144165 0.5664063 -0.2075195 0.5981445 -0.1013794 0.5004883 0.09246826 0.4838867 0.09246826 0.486084 -0.3989258 0.4838867 -0.1134644 0.5664063 -0.09039307 0.5961914 -0.1134644 0.512207 -0.3989258 0.486084 -0.3796387 0.5004883 -0.3596191 0.5185547 -0.3530273 0.4995117 -0.329834 0.5092773 -0.3256836 0.498291 -0.2573242 0.5986328 -0.2626953 0.5966797 -0.2792969 0.5927734 -0.309082 0.4831543 -0.2922363 0.6245117 -0.2744141 0.6416016 0.8623047 0.7416992 0.8696289 0.8828125 0.8798828 0.7802734 0.8798828 0.8447266 0.8242188 0.7802734 0.815918 0.8911133 0.8349609 0.7475586 0.8442383 0.7446289 0.8310547 0.8911133 1.030273 0.6889648 1.039063 0.652832 0.9638672 0.671875 0.7353516 0.6801758 0.6796875 0.6801758 0.8647461 0.7475586 0.9785156 0.671875 1.049805 0.652832 0.7495117 0.6801758 1.018555 0.6499023 0.8696289 1.070313 0.8798828 1.070313 0.9951172 0.6503906 0.7255859 0.9086914 0.7128906 0.9086914 0.8242188 1.070313 0.855957 1.135742 0.8300781 1.070313 0.7949219 1.019531 0.84375 1.135742 0.784668 1.019531 0.7001953 1.025391 0.6489258 1.047852 0.6630859 1.047852 1.125 0.9541016 1.158203 0.9541016 1.117188 0.8774414 1.166016 0.8662109 1.118164 0.9541016 1.117188 0.8662109 1.135742 1.008789 1.158203 0.8876953 1.125 0.8876953 1.148438 1.008789 1.163086 0.8808594 1.121094 0.8808594 1.120117 0.9350586 1.164063 0.9350586 1.125 0.6289063 1.158203 0.6289063 1.118164 0.6289063 1.165039 0.6289063 1.067383 0.3071289 1.264648 0.3105469 1.505859 0.3186035 0.9248047 0.3105469 1.072266 0.3105469 0.7602539 0.3181152 0.4111328 0.2966309 0.2939453 0.3034668 0.3139648 0.3061523 0.3349609 0.3034668 -0.04049683 0.3105469 0.1419678 0.3088379 0.3830566 0.3071289 0.4760742 0.3029785 0.7978516 0.3088379 0.9018555 0.3098145 0.9848633 0.3098145 1.162109 0.2617188 1.072266 0.2609863 0.7749023 0.3034668 -0.2132568 0.3105469 -0.3686523 0.3105469 -0.2460938 0.3105469 -0.3662109 0.3105469 0.4138184 0.3051758 0.5336914 0.2973633 0.5327148 0.2971191 0.6977539 0.2939453 0.8413086 0.2731934 0.8330078 0.2626953 0.9677734 0.3051758 0.9829102 0.2524414 0.3686523 0.3034668 0.4516602 0.3034668 0.5493164 0.3034668 0.6455078 0.3034668 0.7011719 0.3034668 0.04312134 0.3088379 0.4560547 0.2971191 0.7670898 0.2741699 0.8789063 0.2609863 0.09686279 0.3105469 0.02981567 0.3105469 0.1263428 0.3105469 -0.1947021 0.3105469 -0.1431885 0.3105469 0.004325867 0.3076172 0.1248169 0.3703613 -0.4150391 0.3703613 0.1248169 0.4755859 -0.4377441 0.4755859 0.2695313 0.3549805 -0.4377441 0.3549805 -0.421875 0.3625488 0.1248169 0.2990723 0.1248169 0.3686523 -0.4150391 0.3686523 0.2695313 0.3686523 -0.4150391 0.4755859 0.2695313 0.4755859 -0.4509277 0.4755859 -0.4509277 0.3549805 -0.5087891 0.3271484 1.523438 0.4755859 1.500977 0.3703613 0.9614258 0.4755859 1.523438 0.3549805 1.507813 0.3625488 0.8164063 0.3549805 1.500977 0.3686523 0.9614258 0.3686523 0.9614258 0.2990723 0.8164063 0.3686523 1.500977 0.4755859 0.8164063 0.4755859 1.537109 0.4755859 1.537109 0.3549805 1.595703 0.3271484 0.500061 0.2741699 0.5253906 0.2597656 0.5986328 0.2717285 0.5737305 0.2785645 0.4931641 0.3322754 0.4838867 0.3010254 0.5996094 0.2768555 0.5141602 0.2963867 0.4506836 0.3093262 0.5102539 0.3017578 0.454834 0.2976074 0.4672852 0.3249512 0.4755859 0.2854004 0.3654785 0.3110352 0.4128418 0.286377 0.3913574 0.3166504 0.40625 0.3098145 0.3642578 0.3405762 0.3586426 0.315918 0.4604492 0.3139648 0.4150391 0.3259277 0.4360352 0.2873535 0.3852539 0.2915039 0.8125 0.1768799 0.7382813 0.1888428 0.7646484 0.2115479 0.7836914 0.2008057 0.8510742 0.1929932 0.8735352 0.1722412 0.8671875 0.189209 0.8334961 0.1920166 0.855957 0.1744385 0.8535156 0.2406006 0.9204102 0.1693115 0.8979492 0.1783447 0.9145508 0.1547852 0.9477539 0.1452637 0.6630859 0.2108154 0.6289063 0.2148438 0.644043 0.2415771 1.135742 0.1914063 1.142578 0.253418 1.12793 0.2233887 1.152344 0.112915 1.193359 0.03701782 1.143555 0.2521973 1.165039 0.3015137 1.150391 0.2946777 1.136719 0.3110352 1.09375 0.1987305 1.141602 0.3249512 1.147461 0.2924805 1.079102 0.2880859 1.094727 0.2368164 1.043945 0.232666 1.099609 0.3044434 1.181641 0.04840088 1.211914 -0.06427002 1.112305 0.09106445 1.128906 0.08239746 1.101563 0.05712891 1.040039 0.1202393 1.00293 0.2924805 0.9658203 0.1762695 1.03418 0.1289063 1.044922 0.1524658 1.09375 0.2592773 0.9672852 0.279541 0.9814453 0.1083984 1.086914 0.021698 1.158203 -0.01734924 0.8886719 0.2836914 1.060547 0.0914917 1.010742 0.1351318 1.029297 0.2375488 1.078125 0.2834473 0.8491211 0.2775879 0.9970703 0.3078613 1.004883 0.309082 0.9501953 0.2131348 0.8754883 0.1923828 0.9238281 0.2949219 0.8256836 0.2529297 0.8481445 0.2156982 0.8837891 0.229248 0.9160156 0.2827148 0.8481445 0.2595215 0.7998047 0.3122559 0.8681641 0.2810059 1.130859 0.277832 1.170898 0.2670898 1.158203 0.3256836 1.176758 0.2196045 1.117188 0.2668457 1.129883 0.2423096 1.099609 0.2758789 1.125977 0.2585449 1.080078 0.3081055 1.136719 0.09381104 0.7626953 0.2526855 0.7670898 0.2717285 0.7822266 0.2624512 0.7578125 0.276123 0.715332 0.2207031 0.7373047 0.2924805 0.7177734 0.2834473 0.7255859 0.3051758 0.8154297 0.2873535 0.7998047 0.282959 0.8779297 0.3046875 0.8574219 0.2990723 0.934082 0.182373 0.8129883 0.2871094 0.840332 0.2849121 1.206055 0.3056641 1.223633 0.2890625 1.167969 0.2941895 1.189453 0.2849121 1.235352 0.2966309 1.148438 0.2817383 1.113281 0.3212891 1.1875 0.06726074 1.170898 0.1340332 1.143555 0.2310791 1.151367 0.1201172 0.7451172 0.2907715 0.6943359 0.1962891 0.5893555 0.3044434 0.7128906 0.2854004 0.6723633 0.2200928 0.6616211 0.2196045 0.5844727 0.267334 0.6020508 0.276123 0.5566406 0.2983398 0.5708008 0.2749023 0.5478516 0.3061523 0.7270508 0.2697754 0.7475586 0.2192383 0.7094727 0.2888184 0.6972656 0.2644043 0.5776367 0.2792969 0.581543 0.2521973 0.5732422 0.3056641 0.5751953 0.326416 0.7709961 0.2932129 0.7451172 0.291748 0.7514648 0.2998047 0.7548828 0.2770996 0.7851563 0.2154541 0.8618164 0.230835 0.8603516 0.2724609 0.6079102 0.2617188 0.5693359 0.2861328 0.565918 0.2543945 0.5249023 0.2700195 0.5678711 0.2521973 0.5219727 0.2897949 0.5126953 0.291748 0.4655762 0.309082 0.4931641 0.2893066 0.3527832 0.3093262 0.4064941 0.3173828 1.199219 0.2993164 1.245117 0.2467041 1.192383 0.2758789 1.176758 0.2658691 1.162109 0.2429199 1.213867 0.3181152 1.285156 0.3498535 1.117188 0.2307129 1.109375 0.2858887 1.130859 0.2700195 1.060547 0.2454834 1.058594 0.2363281 1.012695 0.2348633 1.024414 0.2127686 1.041992 0.2719727 1.010742 0.2578125 1.049805 0.2458496 1.137695 0.2998047 1.131836 0.2500305 0.4431152 0.2242432 0.4550781 0.2426758 0.369873 0.1871338 0.3818359 0.2055664 0.3813477 0.3181152 0.3574219 0.3068848 0.3933105 0.3364258 0.3693848 0.3251953 0.473877 0.2658691 0.5610352 0.1971436 0.4611816 0.1192017 0.550293 0.2026367 0.4714355 0.2634277 0.5483398 0.2543945 0.201416 0.4160156 0.1999512 0.2614746 0.2402344 0.4160156 0.2468262 0.2614746 0.1185913 0.2614746 0.1535645 0.4160156 0.1082764 0.2614746 0.1000366 0.4160156 0.1148071 0.4160156 0.2230225 0.4160156 0.2512207 0.4160156 0.1159668 0.2388916 0.1774902 0.2388916 0.1251221 0.2388916 0.1975098 0.2388916 0.2391357 0.2388916 0.5185547 0.2103271 0.5371094 0.2109375 0.3869629 0.1705322 0.5380859 0.2578125 0.4846191 0.3359375 0.5126953 0.2587891 0.4033203 0.2697754 0.4052734 0.3286133 0.3945313 0.3171387 0.4731445 0.3427734 0.5053711 0.2905273 0.06167603 0.2839355 0.1012573 0.1628418 -0.005485535 0.3007813 0.02331543 0.3015137 0.09185791 0.1373291 0.0227356 0.2337646 0.01742554 0.2651367 0.1396484 0.2073975 0.1061401 0.1558838 0.07336426 0.2441406 -0.4030762 0.2927246 0.8901367 0.2927246 1.491211 0.2927246 0.7753906 0.3703613 0.6538086 0.7109375 0.5615234 0.2563477 1.172852 0.2792969 1.239258 0.2746582 0.4394531 0.3215332 0.7075195 0.3190918 0.8154297 0.3029785 1.129883 0.09875488 1.108398 0.2648926 1.15332 -0.0165863 0.515625 0.2902832 0.4814453 0.6914063 -0.2758789 0.4682617 1.469727 0.4089355 1.501953 0.4069824 1.496094 0.4050293 0.940918 0.3745117 0.8613281 0.3703613 0.08544922 0.395752 0.04522705 0.3933105 -0.3388672 0.3813477 0.4799805 0.395752 0.3361816 0.2949219 1.185547 0.2885742 1.462891 0.3608398 1.410156 0.3317871 1.276367 0.3105469 1.188477 0.3737793 1.269531 0.3630371 0.3742676 0.3303223 0.5488281 0.2678223 0.5932617 0.2384033 0.8486328 0.192627 0.5283203 0.2751465 0.5859375 0.244873 0.6230469 0.2342529 0.6352539 0.2467041 1.46582 0.361084 -0.2021484 0.1622314 -0.2086182 0.2213135 -0.3259277 0.1011353 -0.2878418 0.2592773 -0.3039551 0.2602539 -0.2661133 0.2668457 -0.1911621 0.3303223 -0.2410889 0.2822266 -0.3781738 0.1417236 -0.4707031 0.06634521 -0.3972168 0.2409668 -0.4577637 0.09991455 -0.3198242 0.2980957 -0.4440918 -0.001052856 -0.1499023 0.1751709 -0.1813965 0.2785645 -0.2868652 0.2281494 -0.3037109 0.2144775 -0.2907715 0.2320557 -0.3024902 0.2358398 -0.4372559 0.1590576 -0.3439941 0.1989746 -0.3549805 0.2163086 -0.2687988 0.262207 -0.1520996 0.2819824 -0.1245728 0.255127 -0.4033203 0.08612061 -0.3266602 0.1544189 -0.3427734 0.1363525 -0.3435059 0.1026001 -0.373291 0.07318115 -0.4272461 0.04629517 -0.3039551 0.1506348 -0.2648926 0.2121582 -0.2269287 0.2186279 -0.2727051 0.196167 -0.239624 0.1815186 -0.1810303 0.2114258 -0.2020264 0.2341309 -0.2486572 0.2110596</float_array>
                    <technique_common>
                        <accessor count="1636" offset="0" source="main_ringShape-geometry-TEXCOORD-array" stride="2">
                            <param name="S" type="float" />
                            <param name="T" type="float" />
                        </accessor>
                    </technique_common>
                </source>
                <source id="main_ringShape-geometry-TEXCOORD1">
                    <float_array id="main_ringShape-geometry-TEXCOORD1-array" count="3272">0.6904297 0.5825195 0.6674805 0.5322266 0.6904297 0.652832 0.6674805 0.6025391 0.6318359 0.4924316 0.6318359 0.5625 0.5869141 0.4667969 0.5869141 0.5366211 0.5371094 0.4580078 0.5371094 0.527832 0.4875488 0.4667969 0.4875488 0.5366211 0.4428711 0.4924316 0.4428711 0.5625 0.4072266 0.5322266 0.4072266 0.6025391 0.3842773 0.5825195 0.3842773 0.652832 0.3764648 0.6381836 0.3764648 0.7084961 0.3842773 0.6943359 0.3842773 0.7641602 0.4072266 0.7446289 0.4072266 0.8144531 0.4428711 0.784668 0.4428711 0.8544922 0.4875488 0.8100586 0.4875488 0.8803711 0.5371094 0.8188477 0.5371094 0.8891602 0.5869141 0.8100586 0.5869141 0.8803711 0.6318359 0.784668 0.6318359 0.8544922 0.6674805 0.7446289 0.6674805 0.8144531 0.6904297 0.6943359 0.6904297 0.7641602 0.6982422 0.6381836 0.6982422 0.7084961 0.8676758 0.3105469 0.8676758 0.2800293 0.9355469 0.3105469 0.9355469 0.2800293 0.8115234 0.3105469 0.8115234 0.2800293 0.7436523 0.3105469 0.7436523 0.2800293 0.6669922 0.3105469 0.6669922 0.2800293 0.5849609 0.3105469 0.5849609 0.2800293 0.4189453 0.2800293 0.5009766 0.3105469 0.3422852 0.2800293 0.3422852 0.3105469 0.2183838 0.3105469 0.2183838 0.2800293 0.1763916 0.3105469 0.1763916 0.2800293 0.1417236 0.3105469 0.1417236 0.2800293 0.2744141 0.2800293 0.909668 0.3105469 0.909668 0.2800293 0.1248169 0.2888184 -0.421875 0.3056641 -0.4509277 0.2888184 0.2695313 0.2888184 -0.4150391 0.2990723 -0.5087891 0.2888184 -0.4377441 0.2888184 1.537109 0.2888184 0.9614258 0.2888184 1.507813 0.3056641 0.8164063 0.2888184 1.500977 0.2990723 1.595703 0.2888184 1.523438 0.2888184 -0.4199219 0.2927246 0.1879883 0.2927246 0.2321777 0.2927246 0.8666992 0.2927246 0.8500977 0.2927246 0.894043 0.2927246 1.507813 0.2827148 1.507813 0.2927246 -0.4304199 0.2770996 -0.4431152 0.2927246 0.7011719 0.2944336 0.7226563 0.2944336 0.8442383 0.3012695 0.9599609 0.3083496 0.8881836 0.3083496 0.9863281 0.3083496 1.011719 0.3012695 0.8955078 0.296875 0.2419434 0.2907715 0.1259766 0.2878418 0.2568359 0.2878418 0.07543945 0.2878418 0.4985352 0.2954102 0.6655273 0.2944336 0.8662109 0.3012695 0.6889648 0.3012695 0.6386719 0.2944336 0.4138184 0.3041992 0.2380371 0.3041992 0.7866211 0.3012695 0.3916016 0.2954102 0.4951172 0.3041992 -0.4150391 0.2976074 0.1248169 0.2976074 0.9614258 0.2976074 1.500977 0.2976074 1.049805 0.2341309 1.052734 0.255127 1.060547 0.3022461 0.9848633 0.2980957 0.9291992 0.2700195 0.9326172 0.295166 0.9946289 0.1229248 0.8974609 0.1989746 0.8896484 0.02645874 0.8413086 0.1472168 0.8046875 -0.007247925 0.8486328 0.006195068 0.7729492 0.1259766 0.7700195 0.03823853 0.7973633 0.1141357 0.746582 0.1242676 0.8808594 0.1789551 0.3964844 -0.1574707 0.4631348 -0.1396484 0.434082 -0.1017456 0.4240723 -0.1223145 0.4055176 -0.1308594 0.4665527 -0.2010498 0.4299316 -0.2034912 0.3537598 -0.1359863 0.4104004 0.07305908 0.4597168 -0.09063721 0.4758301 -0.07025146 0.434082 -0.05392456 0.5019531 -0.03515625 0.4836426 -0.2248535 0.1989746 0.02416992 0.2375488 -0.04644775 0.3884277 0.1102295 0.5302734 -0.03442383 0.4047852 -0.1706543 0.4719238 -0.08258057 0.1020508 0.1672363 0.3491211 0.1990967 0.3950195 0.09613037 0.2988281 -0.09387207 0.2900391 0.04663086 0.05523682 0.3259277 0.3212891 0.2990723 0.2993164 0.2919922 0.3586426 0.1838379 0.4611816 0.00328064 0.3303223 0.2861328 0.1873779 0.0171814 0.2097168 0.02792358 0.06958008 0.3232422 0.1256104 0.1650391 0.1693115 0.3149414 0.3425293 0.07574463 0.3808594 0.04376221 0.3461914 0.07141113 0.3774414 0.03851318 0.1951904 -0.0668335 0.1911621 -0.06246948 0.2687988 -0.1446533 0.2614746 0.2199707 0.2810059 0.1936035 0.2788086 0.1965332 0.06915283 0.06439209 0.07049561 0.06555176 0.1125488 0.008369446 0.2358398 0.2702637 0.2337646 0.2744141 0.2526855 0.2368164 0.02339172 0.1616211 0.02134705 0.1658936 -0.05950928 0.2775879 -0.06884766 0.2956543 -0.1074829 0.2775879 -0.06451416 0.2956543 -0.1091919 0.2956543 -0.06439209 0.2218018 -0.01252747 0.2218018 -0.01486969 0.2956543 -0.1132202 0.2183838 -0.05966187 0.2183838 -0.2565918 0.2641602 -0.2325439 0.09869385 -0.1446533 0.2641602 -0.1566162 0.1021118 -0.302002 0.2641602 -0.2592773 0.1391602 -0.302002 0.03833008 -0.2497559 0.2641602 -0.2188721 0.08123779 -0.1166992 0.08447266 -0.1636963 0.09893799 -0.1207275 0.2641602 -0.1636963 0.2641602 -0.1914063 0.1231689 -0.4614258 0.2617188 -0.515625 0.1621094 -0.4672852 0.1243286 -0.515625 0.2617188 -0.4150391 0.1480713 -0.4047852 0.2617188 -0.4538574 0.2617188 -0.4655762 0.1311035 1.380859 0.2905273 1.322266 0.2768555 1.380859 0.3200684 1.333008 0.3200684 1.351563 0.2768555 1.359375 0.3200684 1.336914 0.2073975 1.289063 0.2514648 1.359375 0.2514648 1.224609 0.2514648 1.256836 0.3200684 1.232422 0.2768555 1.236328 0.2905273 1.294922 0.2248535 1.330078 0.2073975 1.236328 0.3200684 1.388672 0.2073975 1.232422 0.2073975 1.206055 0.2073975 1.212891 0.3200684 1.077148 0.2341309 1.036133 0.2341309 1.073242 0.3081055 1.047852 0.3081055 1.043945 0.2666016 1.000122 0.2851563 0.9682617 0.2666016 0.9589844 0.3081055 1.000122 0.3081055 1.00293 0.2666016 1.092773 0.3081055 1.03125 0.2851563 1.083984 0.2666016 0.9804688 0.2851563 1.066406 0.2341309 1.088867 0.2402344 0.9692383 0.2402344 0.9589844 0.2469482 1.008789 0.2341309 0.9926758 0.2341309 1.043945 0.2663574 1.026367 0.2851563 1.050781 0.2851563 0.9975586 0.2851563 1.053711 -0.03411865 0.9882813 -0.2580566 0.9926758 0.000770092 0.9970703 0.04299927 0.9970703 0.2327881 1.018555 -0.2580566 0.9970703 -0.2580566 1.022461 -0.2580566 1.067383 -0.1213379 1.013672 0.01016998 0.9970703 -0.08642578 1.09082 -0.0246582 1.089844 0.007835388 1.089844 -0.135376 1.094727 0.3085938 1.285156 0.3046875 1.194336 0.3547363 1.196289 0.2971191 1.030273 0.357666 0.9511719 0.2905273 0.9492188 0.3618164 0.9589844 0.3605957 0.9609375 0.2832031 1.008789 0.3017578 1.109375 0.3630371 1.006836 0.3625488 1.142578 0.3510742 1.193359 0.3459473 1.198242 0.3166504 1.282227 0.3166504 1.416016 0.3166504 1.416016 0.3737793 1.361328 0.3737793 1.292969 0.3618164 1.282227 0.3737793 1.4375 0.3093262 1.428711 0.3393555 1.263672 0.2729492 1.307617 0.2817383 1.338867 0.2954102 1.318359 0.3186035 1.360352 0.3081055 1.375977 0.3405762 1.460938 0.3435059 1.351563 0.340332 1.330078 0.340332 1.344727 0.3288574 1.463867 0.3278809 1.476563 0.3349609 1.393555 0.2944336 1.37207 0.2854004 1.371094 0.3190918 1.493164 0.2973633 1.485352 0.277832 1.43457 0.3063965 1.488281 0.3476563 1.427734 0.3320313 1.431641 0.3642578 1.268555 0.3312988 1.280273 0.3635254 1.24707 0.3312988 1.25293 0.3635254 1.271484 0.3635254 1.292969 0.3737793 1.203125 0.4489746 1.203125 0.3720703 1.166016 0.4489746 1.166992 0.3720703 0.9580078 0.456543 0.8696289 0.4489746 0.8681641 0.3720703 0.831543 0.4489746 0.8325195 0.3720703 0.9550781 0.456543 0.9555664 0.3793945 1.017578 0.3813477 1.017578 0.3825684 0.8945313 0.3735352 0.8623047 0.3735352 0.9667969 0.3808594 1.063477 0.3012695 0.6870117 0.3581543 0.8676758 0.3530273 1.010742 0.3581543 1.063477 0.3581543 0.8330078 0.355957 0.9599609 0.3652344 0.890625 0.3652344 0.6640625 0.357666 0.2380371 0.3613281 0.2481689 0.3581543 0.4030762 0.3613281 0.9863281 0.3652344 0.2634277 0.3061523 0.2150879 0.3010254 0.2856445 0.3010254 0.6865234 0.3544922 0.4343262 0.3569336 0.2907715 0.3515625 0.5014648 0.3613281 0.5786133 0.3676758 0.5063477 0.3581543 0.1259766 0.3503418 0.1116333 0.3537598 0.1868896 0.3503418 0.02581787 0.300293 0.02542114 0.3579102 0.215332 0.3522949 0.1906738 0.2983398 -0.2324219 0.3813477 -0.09521484 0.3908691 -0.2324219 0.4223633 -0.09521484 0.4223633 -0.3649902 0.3725586 -0.3649902 0.4223633 -0.470459 0.4223633 -0.470459 0.3725586 -0.4577637 0.4223633 -0.4577637 0.3725586 1.001953 0.3876953 1.001953 0.3190918 1.142578 0.3876953 1.142578 0.3190918 0.730957 0.3876953 0.730957 0.3190918 0.5893555 0.3190918 0.6230469 0.3068848 0.6630859 0.3088379 0.4033203 0.3146973 0.5117188 0.3146973 0.3500977 0.3146973 0.4750977 0.3146973 0.9345703 0.3178711 1.026367 0.3068848 0.8374023 0.3178711 0.8515625 0.3068848 0.5727539 0.3054199 0.3964844 0.3054199 0.1811523 0.3054199 -0.065979 0.3818359 0.5727539 0.3876953 0.340332 0.395752 -0.2122803 0.3054199 -0.2983398 0.3059082 0.08544922 0.3068848 -0.166748 0.3063965 0.3908691 0.3818359 0.565918 0.3818359 0.1588135 0.3818359 -0.4489746 0.3818359 -0.270752 0.3818359 0.3908691 0.2614746 0.5585938 0.2614746 0.1588135 0.2614746 -0.065979 0.2614746 -0.4489746 0.2614746 -0.5634766 0.2614746 -0.5683594 0.3044434 -0.5957031 0.3044434 -0.5263672 0.3054199 -0.498291 0.3054199 -0.5263672 0.3876953 -0.5957031 0.3818359 0.9057617 0.3876953 1.271484 0.3876953 1.271484 0.3190918 1.084961 0.3190918 0.7084961 0.3876953 0.5893555 0.3876953 0.6230469 0.3876953 0.9057617 0.3068848 0.2078857 0.3068848 0.3181152 0.3122559 0.2315674 0.3068848 1.160156 0.3068848 1.038086 0.3068848 0.1835938 0.3068848 0.2198486 0.3178711 0.1715088 0.3068848 0.5644531 0.2597656 0.178833 0.2597656 -0.01985168 0.3054199 -0.02444458 0.2631836 -0.2177734 0.2631836 -0.4990234 0.2597656 0.06494141 0.3068848 0.2231445 0.2956543 0.3088379 0.2956543 -0.02154541 0.3068848 -0.4404297 0.4223633 -0.4404297 0.3725586 -0.4782715 0.3725586 -0.4187012 0.4223633 -0.4187012 0.3725586 -0.480957 0.3725586 -0.4746094 0.4223633 -0.4782715 0.4223633 -0.480957 0.4223633 -0.3933105 0.4223633 1.081055 0.3876953 -0.3493652 0.3059082 -0.498291 0.3876953 0.04718018 0.4223633 0.2078857 0.395752 -0.02609253 0.3088379 -0.05679321 0.3669434 -0.137207 0.3669434 -0.1182861 0.3088379 -0.1989746 0.3669434 -0.1889648 0.3088379 -0.4726563 0.3088379 -0.4165039 0.3088379 -0.5087891 0.3088379 -0.5209961 0.3088379 -0.3356934 0.3669434 -0.3457031 0.3088379 -0.08825684 0.3669434 -0.06213379 0.3088379 -0.04638672 0.2871094 -0.1307373 0.2871094 -0.267334 0.2871094 -0.3391113 0.2871094 -0.4553223 0.2871094 -0.4885254 0.2871094 -0.4997559 0.2871094 -0.4040527 0.2871094 -0.1955566 0.2871094 -0.267334 0.2990723 -0.3342285 0.421875 -0.2004395 0.421875 -0.09210205 0.421875 -0.06130981 0.421875 -0.1400146 0.421875 -0.267334 0.421875 1.030273 0.3845215 1.155273 0.3493652 1.118164 0.4377441 1.011719 0.4907227 0.9033203 0.5063477 0.9375 0.3896484 0.6611328 0.5473633 1.237305 0.3601074 1.105469 0.559082 0.9589844 0.5126953 0.8876953 0.5600586 0.8183594 0.371582 0.6665039 0.503418 0.6796875 0.388916 0.7695313 0.5581055 1.420898 0.3601074 1.428711 0.4440918 1.449219 0.4265137 0.5405273 0.40625 1.181641 0.4987793 1.162109 0.6474609 1.473633 0.3608398 1.476563 0.4455566 1.446289 0.3447266 -0.423584 0.4707031 -0.3500977 0.4484863 0.4645996 0.3974609 0.4750977 0.487793 0.6240234 0.3974609 1.261719 0.4916992 1.09668 0.6308594 0.9697266 0.5737305 0.8916016 0.6103516 0.5415039 0.5532227 0.5410156 0.4697266 0.7714844 0.605957 1.458008 0.4516602 1.479492 0.463623 1.501953 0.4226074 1.500977 0.4138184 1.401367 0.4804688 1.398438 0.4216309 1.383789 0.4294434 0.4326172 0.5292969 0.4040527 0.3881836 0.1064453 0.3969727 0.2980957 0.5131836 -0.2580566 0.4863281 -0.3222656 0.3659668 1.265625 0.5898438 0.9960938 0.4213867 0.8149414 0.4724121 0.972168 0.4365234 1.462891 0.4733887 1.427734 0.5014648 1.37793 0.5214844 1.355469 0.5419922 0.1254883 0.5185547 -0.3833008 0.5166016 0.3039551 0.3796387 0.3911133 0.439209 -0.2780762 0.4675293 -0.3083496 0.3779297 1.044922 0.7026367 0.9697266 0.6767578 0.8696289 0.6518555 0.340332 0.6123047 0.6425781 0.6630859 1.43457 0.4772949 1.419922 0.5283203 1.46875 0.5258789 -0.1113892 0.4492188 -0.361084 0.486084 -0.3679199 0.5263672 -0.3181152 0.5385742 -0.3520508 0.46875 1.076172 0.6928711 1.22168 0.6391602 0.5454102 0.6030273 1.178711 0.4824219 1.216797 0.3967285 0.9897461 0.4699707 1.388672 0.4545898 1.370117 0.4038086 1.276367 0.4018555 1.414063 0.5297852 1.345703 0.6367188 1.296875 0.6347656 -0.04251099 0.4912109 -0.08099365 0.4868164 -0.3015137 0.5214844 0.4758301 0.5307617 0.6118164 0.5126953 -0.1676025 0.4953613 -0.1067505 0.4416504 1.15625 0.684082 0.8300781 0.7719727 0.8364258 0.6713867 1.009766 0.8222656 0.8793945 0.8271484 1.15332 0.5424805 1.231445 0.500061 1.408203 0.5307617 0.244873 0.6142578 0.2247314 0.5351563 0.07348633 0.6298828 -0.2352295 0.6142578 -0.2451172 0.574707 -0.09246826 0.5395508 0.4067383 0.534668 -0.1105347 0.4914551 0.2237549 0.3706055 0.2658691 0.4892578 0.06665039 0.3754883 0.190918 0.5205078 0.133667 0.3730469 -0.01181793 0.3676758 -0.09033203 0.40625 -0.02549744 0.4631348 0.8491211 0.4987793 0.9790039 0.4780273 0.7412109 0.4875488 0.6088867 0.5654297 0.8027344 0.5869141 1.086914 0.5092773 1.31543 0.6157227 1.423828 0.6098633 1.358398 0.640625 1.282227 0.6499023 -0.1636963 0.512207 -0.1435547 0.6298828 0.2727051 0.5371094 -0.2258301 0.4890137 1.141602 0.7631836 1.038086 0.9023438 0.9736328 0.8657227 1.232422 0.6591797 1.177734 0.7270508 0.7509766 0.6469727 0.7861328 0.8178711 0.6132813 0.6738281 0.5419922 0.6425781 0.6884766 0.6870117 0.887207 0.5761719 1.256836 0.5751953 1.241211 0.6494141 1.217773 0.6679688 0.01737976 0.7109375 0.02012634 0.5429688 -0.3103027 0.5561523 0.2030029 0.5893555 0.4816895 0.6079102 -0.04492188 0.5517578 -0.0345459 0.5546875 -0.3996582 0.472168 -0.04193115 0.6533203 -0.1860352 0.4677734 -0.119873 0.4680176 -0.2521973 0.4675293 -0.3215332 0.4697266 -0.3520508 0.4729004 -0.2749023 0.5112305 0.7763672 0.8603516 0.7573242 0.7700195 0.3312988 0.6557617 1.180664 0.6489258 1.19043 0.7133789 1.274414 0.7133789 -0.03439331 0.6708984 -0.1831055 0.5522461 0.08630371 0.7348633 -0.05947876 0.6572266 -0.008560181 0.659668 -0.03811646 0.5498047 -0.3862305 0.4724121 -0.04574585 0.4714355 0.05667114 0.4465332 0.1184692 0.479248 0.1148071 0.4804688 1.111328 0.847168 0.8359375 0.574707 1.076172 0.5947266 1.09668 0.6196289 0.04943848 0.7871094 0.1491699 0.7441406 -0.1442871 0.6381836 -0.06530762 0.6499023 -0.08349609 0.6542969 -0.01383209 0.6621094 0.01124573 0.621582 -0.08435059 0.5424805 0.1491699 0.5791016 0.7216797 0.7724609 0.3942871 0.6645508 1.000122 0.559082 0.7363281 0.8164063 0.7880859 0.8100586 0.8129883 0.6650391 1.088867 0.6518555 1.076172 0.6157227 1.161133 0.6713867 0.01341248 0.7426758 0.1420898 0.6064453 -0.01463318 0.5322266 0.1068115 0.5068359 1.098633 0.8964844 0.8500977 0.9223633 0.8862305 0.9702148 0.6601563 0.7041016 0.703125 0.6787109 0.7177734 0.8227539 1.098633 0.7167969 -0.03756714 0.7036133 0.2060547 0.9902344 -0.1472168 0.605957 0.02545166 0.762207 0.07550049 0.7275391 0.3059082 0.6591797 0.135498 0.5830078 1.133789 0.800293 1.032227 0.9765625 0.9819336 0.9560547 0.8955078 1.004883 0.7324219 0.7841797 0.9150391 0.6484375 0.809082 0.659668 0.1115723 0.8564453 0.2553711 0.7871094 0.1328125 0.7993164 0.06225586 0.6948242 1.081055 0.8046875 1.017578 0.9169922 0.9814453 0.996582 0.6787109 0.7436523 0.6181641 0.7890625 0.5927734 0.7241211 0.5419922 0.7026367 0.828125 0.7524414 0.9804688 0.6303711 0.1988525 0.9780273 0.2646484 0.6665039 0.3381348 0.7319336 0.2382813 0.8349609 0.0475769 0.6064453 0.9316406 0.9829102 0.7177734 0.9052734 0.590332 0.8481445 0.6005859 0.7626953 0.5791016 0.7241211 1.024414 0.6474609 1.030273 0.7475586 0.9536133 0.652832 0.387207 0.7949219 0.2182617 0.9848633 0.4541016 0.7319336 0.2081299 0.8491211 0.1035156 0.5629883 0.1199951 0.7319336 0.9389648 0.8339844 0.7202148 0.6738281 0.7055664 0.7885742 0.6191406 0.7871094 0.5078125 0.8393555 0.9394531 0.6757813 0.5883789 0.8647461 0.565918 0.7666016 0.6469727 0.8339844 0.2330322 1.081055 0.2435303 0.9746094 0.286377 0.6723633 0.2176514 0.6523438 0.1165161 0.6650391 0.8276367 0.7763672 0.6928711 1.040039 0.9599609 0.6425781 1.011719 0.7304688 0.3095703 1.083984 0.2607422 0.7338867 0.5224609 0.8950195 0.5878906 0.9741211 0.4897461 0.7568359 0.9438477 0.7431641 0.5795898 0.7641602 0.855957 0.8569336 0.4709473 0.7788086 0.8203125 0.8334961 0.3361816 1.084961 0.3349609 0.8876953 0.4389648 0.972168 0.2229004 0.7636719 0.6904297 0.8637695 0.7368164 1.036133 0.730957 1.000122 0.9204102 0.7265625 0.401123 0.9072266 0.2900391 0.9667969 0.3505859 0.980957 0.3547363 0.9916992 0.2958984 0.8999023 0.5908203 1.079102 0.3530273 0.9199219 0.1878662 0.737793 0.5805664 0.918457 0.404541 0.8657227 0.500061 0.9980469 0.5708008 1.226563 0.6489258 1.148438 0.6977539 0.8911133 0.6264648 1.181641 0.4311523 0.918457 0.4052734 1.144531 0.4335938 1.083008 0.6650391 1.041992 0.5688477 1.09668 0.487793 1.098633 0.6757813 1.136719 0.3586426 0.9833984 0.3937988 1.074219 0.420166 1.172852 0.4396973 1.182617 0.6176758 1.179688 0.4777832 1.147461 0.5292969 1.185547 0.4624023 1.262695 0.5292969 1.270508 0.5292969 1.353516 0.5664063 1.420898 0.6181641 1.25 0.5151367 1.363281 0.6220703 0.6923828 0.4873047 0.628418 0.407959 0.6572266 1.070313 0.6635742 1.104492 0.6635742 1.126953 0.6635742 1.165039 0.6635742 1.021484 0.6635742 1.052734 0.6635742 0.8911133 0.6635742 0.9135742 0.6635742 0.8115234 0.6635742 0.8291016 0.6635742 0.5429688 0.6635742 0.6357422 0.6635742 0.4445801 0.6635742 0.4504395 0.6635742 0.2744141 0.6635742 0.2570801 0.6635742 0.1953125 0.6635742 0.1727295 0.6635742 -0.01986694 0.6616211 0.06439209 0.6635742 -0.01965332 0.6635742 -0.08703613 0.6635742 1.105469 0.6635742 1.109375 0.6640625 1.143555 0.3969727 1.234375 0.3925781 1.276367 0.3969727 1.30957 0.3925781 1.068359 0.3969727 1.091797 0.3925781 0.8955078 0.3925781 0.9799805 0.3969727 0.6591797 0.3969727 0.7827148 0.3925781 0.5429688 0.3969727 0.5429688 0.3925781 0.3032227 0.3925781 0.427002 0.3969727 0.1906738 0.3925781 0.2058105 0.3969727 0.08679199 0.3925781 0.01779175 0.3969727 -0.005809784 0.3925781 -0.05792236 0.3969727 -0.0848999 0.3925781 -0.1906738 0.3969727 -0.1951904 0.3925781 -0.1998291 0.3969727 -0.2331543 0.3925781 -0.2236328 0.3925781 -0.05334473 0.3962402 -0.1485596 0.3925781 1.137695 0.3962402 1.286133 0.3969727 1.319336 0.3925781 -0.3115234 0.3532715 -0.2797852 0.3532715 0.1502686 0.3532715 0.2756348 0.3713379 0.4077148 0.3532715 0.5429688 0.3532715 0.6782227 0.3713379 0.8105469 0.3532715 1.047852 0.4291992 0.9775391 0.4291992 0.6323242 0.4299316 0.5429688 0.4299316 0.4538574 0.4299316 0.109375 0.4287109 -0.02474976 0.4287109 -0.1600342 0.4291992 -0.1673584 0.4291992 1.24707 0.4289551 1.254883 0.4289551 1.154297 0.6230469 0.9467773 0.6230469 0.8549805 0.6230469 0.8891602 0.6635742 0.8027344 0.6201172 0.5429688 0.6201172 0.4116211 0.6201172 0.4206543 0.6635742 0.1971436 0.6635742 0.1708984 0.6201172 0.2314453 0.6230469 0.1395264 0.6230469 -0.01229858 0.6230469 1.287109 0.6264648 1.306641 0.621582 1.196289 0.6230469 1.220703 0.6230469 1.241211 0.6723633 1.289063 0.6201172 1.246094 0.6816406 0.9150391 0.6201172 0.6503906 0.6230469 0.435791 0.6230469 0.3308105 0.6230469 -0.06222534 0.6235352 -0.2070313 0.6201172 -0.2819824 0.6279297 -0.2922363 0.6279297 -0.1348877 0.6230469 -0.1098022 0.6230469 1.158203 0.3815918 1.132813 0.3815918 1.138672 0.4191895 1.068359 0.6303711 1.091797 0.6303711 1.094727 0.3815918 1.035156 0.6303711 1.032227 0.3815918 0.9780273 0.6303711 1.088867 0.5859375 0.987793 0.5991211 0.9243164 0.3815918 0.824707 0.3815918 0.9130859 0.4191895 0.7939453 0.6303711 0.8847656 0.6303711 0.734375 0.3815918 0.7138672 0.6303711 0.6191406 0.3815918 0.6088867 0.6303711 0.6289063 0.5849609 0.6108398 0.5991211 0.4667969 0.3815918 0.3515625 0.3815918 0.4697266 0.4191895 0.3723145 0.6303711 0.4772949 0.6303711 0.2617188 0.3815918 0.2922363 0.6303711 0.1618652 0.3815918 0.201416 0.6303711 0.1235352 0.5869141 0.1943359 0.5991211 0.05392456 0.3815918 -0.009155273 0.3815918 0.06964111 0.4191895 -0.07232666 0.3815918 -0.006008148 0.6303711 0.01750183 0.6303711 -0.1368408 0.5859375 -0.0178833 0.5991211 -0.04638672 0.3815918 -0.05310059 0.4191895 0.1048584 0.3969727 0.4255371 0.3962402 0.6572266 0.3969727 0.9765625 0.3962402 1.223633 0.5864258 1.103516 0.5991211 1.288086 0.6816406 1.316406 0.6816406 1.248047 0.6816406 1.177734 0.6723633 1.150391 0.6962891 1.095703 0.690918 0.9638672 0.5859375 0.4572754 0.5849609 -0.005260468 0.5869141 1.124023 0.5883789 1.148438 0.4279785 1.016602 0.4191895 1.016602 0.4284668 0.9189453 0.5878906 0.9331055 0.4284668 0.6162109 0.4191895 0.6000977 0.4289551 0.4897461 0.5869141 0.486084 0.4289551 0.1733398 0.4191895 0.1557617 0.4277344 0.090271 0.5888672 0.06994629 0.4277344 -0.06329346 0.4282227 -0.03909302 0.5878906 0.9970703 0.5878906 0.5966797 0.5869141 0.1705322 0.5888672 0.8920898 0.5991211 0.4753418 0.5991211 0.09851074 0.5991211 0.1082764 0.6303711 -0.3603516 0.3068848 -0.371582 0.3068848 -0.3115234 0.3779297 -0.2250977 0.3779297 -0.2279053 0.3532715 -0.06652832 0.3779297 -0.06878662 0.3532715 0.03634644 0.3779297 0.5429688 0.3779297 0.9345703 0.3779297 0.9360352 0.3532715 1.049805 0.3779297 1.051758 0.3532715 1.311523 0.3779297 1.314453 0.3532715 0.2330322 0.6303711 0.2004395 0.6264648 0.2015381 0.628418 0.8515625 0.6303711 0.6513672 0.6225586 0.8818359 0.6303711 0.2854004 0.628418 0.4296875 0.6230469 0.4125977 0.628418 0.5429688 0.621582 0.5429688 0.628418 0.8007813 0.628418 0.902832 0.6201172 1.336914 0.6279297 1.37793 0.6279297 1.368164 0.6279297 1.220703 0.7045898 1.158203 0.7045898 0.0506897 0.6303711 -0.06280518 0.6298828 1.148438 0.6298828 -0.2512207 0.6279297 0.5429688 0.6723633 0.6645508 0.6723633 0.2001953 0.6694336 0.4216309 0.6723633 0.4321289 0.6723633 0.236084 0.6855469 0.8510742 0.6855469 0.6523438 0.6855469 0.8300781 0.6640625 -0.1398926 0.7050781 -0.09375 0.6728516 -0.005348206 0.6958008 -0.07427979 0.6992188 -0.1484375 0.7050781 -0.06671143 0.6992188 -0.007602692 0.6992188 -0.07324219 0.7080078 -0.1585693 0.6782227 -0.2283936 0.6811523 -0.1619873 0.6791992 0.435791 0.418457 0.4719238 0.420166 0.5136719 0.4328613 0.4990234 0.4333496 0.5844727 0.4333496 0.5722656 0.4328613 0.6166992 0.4169922 0.4980469 0.5810547 0.5136719 0.5825195 0.4755859 0.6015625 0.4367676 0.5991211 0.5849609 0.5810547 0.609375 0.5981445 0.5722656 0.5825195 0.9414063 0.6318359 1.02832 0.6230469 0.9599609 0.5859375 1.035156 0.5947266 0.8911133 0.6015625 1.101563 0.5991211 0.9882813 0.5981445 0.9736328 0.4328613 1.046875 0.432373 0.9150391 0.420166 1.101563 0.4326172 1.017578 0.4172363 0.01268768 0.5800781 -0.002447128 0.6235352 0.05767822 0.6230469 0.1339111 0.6225586 0.1550293 0.5820313 0.08703613 0.5854492 -0.00712204 0.4306641 0.06958008 0.420166 0.06958008 0.4338379 0.1008301 0.4306641 0.1463623 0.4296875 0.1726074 0.416748 0.04101563 0.4304199 0.9331055 0.4318848 1.016602 0.427002 0.918457 0.5883789 0.9975586 0.5864258 0.2580566 0.6635742 0.8144531 0.6635742 0.1647949 0.3815918 0.05508423 0.3845215 0.0158844 0.3967285 0.5429688 0.3967285 0.6230469 0.3815918 0.467041 0.3845215 0.4770508 0.6264648 0.6088867 0.6264648 -0.08996582 0.6767578 -0.1669922 0.6728516 -0.1582031 0.6728516 0.4182129 0.3779297 0.1809082 0.3779297 -0.02095032 0.3779297 -0.1676025 0.3779297 -0.244751 0.3779297 -0.2546387 0.3779297 1.253906 0.3779297 0.7895508 0.3779297 0.07421875 0.3779297 0.6679688 0.3779297 0.9052734 0.3779297 1.107422 0.3779297 1.25 0.3798828 1.326172 0.3798828 1.335938 0.3798828 1.331055 0.3779297 1.013672 0.5917969 0.9677734 0.5917969 0.9287109 0.5917969 0.8232422 0.5917969 0.7592773 0.5917969 0.6176758 0.5917969 0.4685059 0.5917969 0.3266602 0.5917969 0.2629395 0.5917969 0.1577148 0.5917969 0.0158844 0.6635742 0.1185913 0.5917969 0.0725708 0.5917969 0.06665039 0.5917969 0.09002686 0.5917969 0.395752 0.5917969 0.5429688 0.5917969 0.6904297 0.5917969 0.9960938 0.5917969 1.019531 0.5917969 -0.277832 0.6459961 0.04602051 0.6459961 -0.2619629 0.5942383 0.05960083 0.6005859 -0.2790527 0.6459961 0.05566406 0.5981445 -0.1287842 0.486084 -0.1553955 0.5029297 -0.144165 0.512207 -0.1695557 0.5966797 -0.144165 0.5664063 -0.2075195 0.5981445 -0.1013794 0.5004883 0.09246826 0.4838867 0.09246826 0.486084 -0.3989258 0.4838867 -0.1134644 0.5664063 -0.09039307 0.5961914 -0.1134644 0.512207 -0.3989258 0.486084 -0.3796387 0.5004883 -0.3596191 0.5185547 -0.3530273 0.4995117 -0.329834 0.5092773 -0.3256836 0.498291 -0.2573242 0.5986328 -0.2626953 0.5966797 -0.2792969 0.5927734 -0.309082 0.4831543 -0.2922363 0.6245117 -0.2744141 0.6416016 0.8623047 0.7416992 0.8696289 0.8828125 0.8798828 0.7802734 0.8798828 0.8447266 0.8242188 0.7802734 0.815918 0.8911133 0.8349609 0.7475586 0.8442383 0.7446289 0.8310547 0.8911133 1.030273 0.6889648 1.039063 0.652832 0.9638672 0.671875 0.7353516 0.6801758 0.6796875 0.6801758 0.8647461 0.7475586 0.9785156 0.671875 1.049805 0.652832 0.7495117 0.6801758 1.018555 0.6499023 0.8696289 1.070313 0.8798828 1.070313 0.9951172 0.6503906 0.7255859 0.9086914 0.7128906 0.9086914 0.8242188 1.070313 0.855957 1.135742 0.8300781 1.070313 0.7949219 1.019531 0.84375 1.135742 0.784668 1.019531 0.7001953 1.025391 0.6489258 1.047852 0.6630859 1.047852 1.125 0.9541016 1.158203 0.9541016 1.117188 0.8774414 1.166016 0.8662109 1.118164 0.9541016 1.117188 0.8662109 1.135742 1.008789 1.158203 0.8876953 1.125 0.8876953 1.148438 1.008789 1.163086 0.8808594 1.121094 0.8808594 1.120117 0.9350586 1.164063 0.9350586 1.125 0.6289063 1.158203 0.6289063 1.118164 0.6289063 1.165039 0.6289063 1.067383 0.3071289 1.264648 0.3105469 1.505859 0.3186035 0.9248047 0.3105469 1.072266 0.3105469 0.7602539 0.3181152 0.4111328 0.2966309 0.2939453 0.3034668 0.3139648 0.3061523 0.3349609 0.3034668 -0.04049683 0.3105469 0.1419678 0.3088379 0.3830566 0.3071289 0.4760742 0.3029785 0.7978516 0.3088379 0.9018555 0.3098145 0.9848633 0.3098145 1.162109 0.2617188 1.072266 0.2609863 0.7749023 0.3034668 -0.2132568 0.3105469 -0.3686523 0.3105469 -0.2460938 0.3105469 -0.3662109 0.3105469 0.4138184 0.3051758 0.5336914 0.2973633 0.5327148 0.2971191 0.6977539 0.2939453 0.8413086 0.2731934 0.8330078 0.2626953 0.9677734 0.3051758 0.9829102 0.2524414 0.3686523 0.3034668 0.4516602 0.3034668 0.5493164 0.3034668 0.6455078 0.3034668 0.7011719 0.3034668 0.04312134 0.3088379 0.4560547 0.2971191 0.7670898 0.2741699 0.8789063 0.2609863 0.09686279 0.3105469 0.02981567 0.3105469 0.1263428 0.3105469 -0.1947021 0.3105469 -0.1431885 0.3105469 0.004325867 0.3076172 0.1248169 0.3703613 -0.4150391 0.3703613 0.1248169 0.4755859 -0.4377441 0.4755859 0.2695313 0.3549805 -0.4377441 0.3549805 -0.421875 0.3625488 0.1248169 0.2990723 0.1248169 0.3686523 -0.4150391 0.3686523 0.2695313 0.3686523 -0.4150391 0.4755859 0.2695313 0.4755859 -0.4509277 0.4755859 -0.4509277 0.3549805 -0.5087891 0.3271484 1.523438 0.4755859 1.500977 0.3703613 0.9614258 0.4755859 1.523438 0.3549805 1.507813 0.3625488 0.8164063 0.3549805 1.500977 0.3686523 0.9614258 0.3686523 0.9614258 0.2990723 0.8164063 0.3686523 1.500977 0.4755859 0.8164063 0.4755859 1.537109 0.4755859 1.537109 0.3549805 1.595703 0.3271484 0.500061 0.2741699 0.5253906 0.2597656 0.5986328 0.2717285 0.5737305 0.2785645 0.4931641 0.3322754 0.4838867 0.3010254 0.5996094 0.2768555 0.5141602 0.2963867 0.4506836 0.3093262 0.5102539 0.3017578 0.454834 0.2976074 0.4672852 0.3249512 0.4755859 0.2854004 0.3654785 0.3110352 0.4128418 0.286377 0.3913574 0.3166504 0.40625 0.3098145 0.3642578 0.3405762 0.3586426 0.315918 0.4604492 0.3139648 0.4150391 0.3259277 0.4360352 0.2873535 0.3852539 0.2915039 0.8125 0.1768799 0.7382813 0.1888428 0.7646484 0.2115479 0.7836914 0.2008057 0.8510742 0.1929932 0.8735352 0.1722412 0.8671875 0.189209 0.8334961 0.1920166 0.855957 0.1744385 0.8535156 0.2406006 0.9204102 0.1693115 0.8979492 0.1783447 0.9145508 0.1547852 0.9477539 0.1452637 0.6630859 0.2108154 0.6289063 0.2148438 0.644043 0.2415771 1.135742 0.1914063 1.142578 0.253418 1.12793 0.2233887 1.152344 0.112915 1.193359 0.03701782 1.143555 0.2521973 1.165039 0.3015137 1.150391 0.2946777 1.136719 0.3110352 1.09375 0.1987305 1.141602 0.3249512 1.147461 0.2924805 1.079102 0.2880859 1.094727 0.2368164 1.043945 0.232666 1.099609 0.3044434 1.181641 0.04840088 1.211914 -0.06427002 1.112305 0.09106445 1.128906 0.08239746 1.101563 0.05712891 1.040039 0.1202393 1.00293 0.2924805 0.9658203 0.1762695 1.03418 0.1289063 1.044922 0.1524658 1.09375 0.2592773 0.9672852 0.279541 0.9814453 0.1083984 1.086914 0.021698 1.158203 -0.01734924 0.8886719 0.2836914 1.060547 0.0914917 1.010742 0.1351318 1.029297 0.2375488 1.078125 0.2834473 0.8491211 0.2775879 0.9970703 0.3078613 1.004883 0.309082 0.9501953 0.2131348 0.8754883 0.1923828 0.9238281 0.2949219 0.8256836 0.2529297 0.8481445 0.2156982 0.8837891 0.229248 0.9160156 0.2827148 0.8481445 0.2595215 0.7998047 0.3122559 0.8681641 0.2810059 1.130859 0.277832 1.170898 0.2670898 1.158203 0.3256836 1.176758 0.2196045 1.117188 0.2668457 1.129883 0.2423096 1.099609 0.2758789 1.125977 0.2585449 1.080078 0.3081055 1.136719 0.09381104 0.7626953 0.2526855 0.7670898 0.2717285 0.7822266 0.2624512 0.7578125 0.276123 0.715332 0.2207031 0.7373047 0.2924805 0.7177734 0.2834473 0.7255859 0.3051758 0.8154297 0.2873535 0.7998047 0.282959 0.8779297 0.3046875 0.8574219 0.2990723 0.934082 0.182373 0.8129883 0.2871094 0.840332 0.2849121 1.206055 0.3056641 1.223633 0.2890625 1.167969 0.2941895 1.189453 0.2849121 1.235352 0.2966309 1.148438 0.2817383 1.113281 0.3212891 1.1875 0.06726074 1.170898 0.1340332 1.143555 0.2310791 1.151367 0.1201172 0.7451172 0.2907715 0.6943359 0.1962891 0.5893555 0.3044434 0.7128906 0.2854004 0.6723633 0.2200928 0.6616211 0.2196045 0.5844727 0.267334 0.6020508 0.276123 0.5566406 0.2983398 0.5708008 0.2749023 0.5478516 0.3061523 0.7270508 0.2697754 0.7475586 0.2192383 0.7094727 0.2888184 0.6972656 0.2644043 0.5776367 0.2792969 0.581543 0.2521973 0.5732422 0.3056641 0.5751953 0.326416 0.7709961 0.2932129 0.7451172 0.291748 0.7514648 0.2998047 0.7548828 0.2770996 0.7851563 0.2154541 0.8618164 0.230835 0.8603516 0.2724609 0.6079102 0.2617188 0.5693359 0.2861328 0.565918 0.2543945 0.5249023 0.2700195 0.5678711 0.2521973 0.5219727 0.2897949 0.5126953 0.291748 0.4655762 0.309082 0.4931641 0.2893066 0.3527832 0.3093262 0.4064941 0.3173828 1.199219 0.2993164 1.245117 0.2467041 1.192383 0.2758789 1.176758 0.2658691 1.162109 0.2429199 1.213867 0.3181152 1.285156 0.3498535 1.117188 0.2307129 1.109375 0.2858887 1.130859 0.2700195 1.060547 0.2454834 1.058594 0.2363281 1.012695 0.2348633 1.024414 0.2127686 1.041992 0.2719727 1.010742 0.2578125 1.049805 0.2458496 1.137695 0.2998047 1.131836 0.2500305 0.4431152 0.2242432 0.4550781 0.2426758 0.369873 0.1871338 0.3818359 0.2055664 0.3813477 0.3181152 0.3574219 0.3068848 0.3933105 0.3364258 0.3693848 0.3251953 0.473877 0.2658691 0.5610352 0.1971436 0.4611816 0.1192017 0.550293 0.2026367 0.4714355 0.2634277 0.5483398 0.2543945 0.201416 0.4160156 0.1999512 0.2614746 0.2402344 0.4160156 0.2468262 0.2614746 0.1185913 0.2614746 0.1535645 0.4160156 0.1082764 0.2614746 0.1000366 0.4160156 0.1148071 0.4160156 0.2230225 0.4160156 0.2512207 0.4160156 0.1159668 0.2388916 0.1774902 0.2388916 0.1251221 0.2388916 0.1975098 0.2388916 0.2391357 0.2388916 0.5185547 0.2103271 0.5371094 0.2109375 0.3869629 0.1705322 0.5380859 0.2578125 0.4846191 0.3359375 0.5126953 0.2587891 0.4033203 0.2697754 0.4052734 0.3286133 0.3945313 0.3171387 0.4731445 0.3427734 0.5053711 0.2905273 0.06167603 0.2839355 0.1012573 0.1628418 -0.005485535 0.3007813 0.02331543 0.3015137 0.09185791 0.1373291 0.0227356 0.2337646 0.01742554 0.2651367 0.1396484 0.2073975 0.1061401 0.1558838 0.07336426 0.2441406 -0.4030762 0.2927246 0.8901367 0.2927246 1.491211 0.2927246 0.7753906 0.3703613 0.6538086 0.7109375 0.5615234 0.2563477 1.172852 0.2792969 1.239258 0.2746582 0.4394531 0.3215332 0.7075195 0.3190918 0.8154297 0.3029785 1.129883 0.09875488 1.108398 0.2648926 1.15332 -0.0165863 0.515625 0.2902832 0.4814453 0.6914063 -0.2758789 0.4682617 1.469727 0.4089355 1.501953 0.4069824 1.496094 0.4050293 0.940918 0.3745117 0.8613281 0.3703613 0.08544922 0.395752 0.04522705 0.3933105 -0.3388672 0.3813477 0.4799805 0.395752 0.3361816 0.2949219 1.185547 0.2885742 1.462891 0.3608398 1.410156 0.3317871 1.276367 0.3105469 1.188477 0.3737793 1.269531 0.3630371 0.3742676 0.3303223 0.5488281 0.2678223 0.5932617 0.2384033 0.8486328 0.192627 0.5283203 0.2751465 0.5859375 0.244873 0.6230469 0.2342529 0.6352539 0.2467041 1.46582 0.361084 -0.2021484 0.1622314 -0.2086182 0.2213135 -0.3259277 0.1011353 -0.2878418 0.2592773 -0.3039551 0.2602539 -0.2661133 0.2668457 -0.1911621 0.3303223 -0.2410889 0.2822266 -0.3781738 0.1417236 -0.4707031 0.06634521 -0.3972168 0.2409668 -0.4577637 0.09991455 -0.3198242 0.2980957 -0.4440918 -0.001052856 -0.1499023 0.1751709 -0.1813965 0.2785645 -0.2868652 0.2281494 -0.3037109 0.2144775 -0.2907715 0.2320557 -0.3024902 0.2358398 -0.4372559 0.1590576 -0.3439941 0.1989746 -0.3549805 0.2163086 -0.2687988 0.262207 -0.1520996 0.2819824 -0.1245728 0.255127 -0.4033203 0.08612061 -0.3266602 0.1544189 -0.3427734 0.1363525 -0.3435059 0.1026001 -0.373291 0.07318115 -0.4272461 0.04629517 -0.3039551 0.1506348 -0.2648926 0.2121582 -0.2269287 0.2186279 -0.2727051 0.196167 -0.239624 0.1815186 -0.1810303 0.2114258 -0.2020264 0.2341309 -0.2486572 0.2110596</float_array>
                    <technique_common>
                        <accessor count="1636" offset="0" source="main_ringShape-geometry-TEXCOORD1-array" stride="2">
                            <param name="S" type="float" />
                            <param name="T" type="float" />
                        </accessor>
                    </technique_common>
                </source>
                <source id="main_ringShape-geometry-COLOR">
                    <float_array id="main_ringShape-geometry-COLOR-array" count="4">1 1 1 1</float_array>
                    <technique_common>
                        <accessor count="1" offset="0" source="main_ringShape-geometry-COLOR-array" stride="4">
                            <param name="R" type="double" />
                            <param name="G" type="double" />
                            <param name="B" type="double" />
                            <param name="A" type="double" />
                        </accessor>
                    </technique_common>
                </source>
                <source id="main_ringShape-geometry-COLOR1">
                    <float_array id="main_ringShape-geometry-COLOR1-array" count="4">0 0 0 0</float_array>
                    <technique_common>
                        <accessor count="1" offset="0" source="main_ringShape-geometry-COLOR1-array" stride="4">
                            <param name="R" type="double" />
                            <param name="G" type="double" />
                            <param name="B" type="double" />
                            <param name="A" type="double" />
                        </accessor>
                    </technique_common>
                </source>
                <source id="main_ringShape-geometry-COLOR2">
                    <float_array id="main_ringShape-geometry-COLOR2-array" count="4">0 0 0 0</float_array>
                    <technique_common>
                        <accessor count="1" offset="0" source="main_ringShape-geometry-COLOR2-array" stride="4">
                            <param name="R" type="double" />
                            <param name="G" type="double" />
                            <param name="B" type="double" />
                            <param name="A" type="double" />
                        </accessor>
                    </technique_common>
                </source>
                <source id="main_ringShape-geometry-COLOR3">
                    <float_array id="main_ringShape-geometry-COLOR3-array" count="4">0 0 0 0</float_array>
                    <technique_common>
                        <accessor count="1" offset="0" source="main_ringShape-geometry-COLOR3-array" stride="4">
                            <param name="R" type="double" />
                            <param name="G" type="double" />
                            <param name="B" type="double" />
                            <param name="A" type="double" />
                        </accessor>
                    </technique_common>
                </source>
                <source id="main_ringShape-geometry-COLOR4">
                    <float_array id="main_ringShape-geometry-COLOR4-array" count="4">0 0 0 0</float_array>
                    <technique_common>
                        <accessor count="1" offset="0" source="main_ringShape-geometry-COLOR4-array" stride="4">
                            <param name="R" type="double" />
                            <param name="G" type="double" />
                            <param name="B" type="double" />
                            <param name="A" type="double" />
                        </accessor>
                    </technique_common>
                </source>
                <source id="main_ringShape-geometry-COLOR5">
                    <float_array id="main_ringShape-geometry-COLOR5-array" count="4">0 0 0 0</float_array>
                    <technique_common>
                        <accessor count="1" offset="0" source="main_ringShape-geometry-COLOR5-array" stride="4">
                            <param name="R" type="double" />
                            <param name="G" type="double" />
                            <param name="B" type="double" />
                            <param name="A" type="double" />
                        </accessor>
                    </technique_common>
                </source>
                <source id="main_ringShape-geometry-COLOR6">
                    <float_array id="main_ringShape-geometry-COLOR6-array" count="4">0 0 0 0</float_array>
                    <technique_common>
                        <accessor count="1" offset="0" source="main_ringShape-geometry-COLOR6-array" stride="4">
                            <param name="R" type="double" />
                            <param name="G" type="double" />
                            <param name="B" type="double" />
                            <param name="A" type="double" />
                        </accessor>
                    </technique_common>
                </source>
                <vertices id="main_ringShape-vertices">
                    <input semantic="POSITION" source="#main_ringShape-geometry-POSITION" />
                </vertices>
                <triangles count="3289" material="shader_transition01">
                    <input semantic="VERTEX" source="#main_ringShape-vertices" offset="0" set="0" />
                    <input semantic="NORMAL" source="#main_ringShape-geometry-NORMAL" offset="1" set="0" />
                    <input semantic="TEXCOORD" source="#main_ringShape-geometry-TEXCOORD" offset="2" set="0" />
                    <input semantic="TEXCOORD" source="#main_ringShape-geometry-TEXCOORD1" offset="3" set="1" />
                    <input semantic="COLOR" source="#main_ringShape-geometry-COLOR" offset="4" set="0" />
                    <input semantic="COLOR" source="#main_ringShape-geometry-COLOR1" offset="5" set="1" />
                    <input semantic="COLOR" source="#main_ringShape-geometry-COLOR2" offset="6" set="2" />
                    <input semantic="COLOR" source="#main_ringShape-geometry-COLOR3" offset="7" set="3" />
                    <input semantic="COLOR" source="#main_ringShape-geometry-COLOR4" offset="8" set="4" />
                    <input semantic="COLOR" source="#main_ringShape-geometry-COLOR5" offset="9" set="5" />
                    <input semantic="COLOR" source="#main_ringShape-geometry-COLOR6" offset="10" set="6" />
                    <p>43 20 39 39 0 0 0 0 0 0 0 0 0 0 0 0 0 0 0 0 0 0 2 0 2 2 0 0 0 0 0 0 0 42 19 38 38 0 0 0 0 0 0 0 0 0 0 0 0 0 0 0 0 0 0 43 20 39 39 0 0 0 0 0 0 0 0 0 0 0 0 0 0 0 0 0 0 1 1 1 1 0 0 0 0 0 0 0 2 0 2 2 0 0 0 0 0 0 0 1 1 1 1 0 0 0 0 0 0 0 4 2 4 4 0 0 0 0 0 0 0 3 1 3 3 0 0 0 0 0 0 0 2 0 2 2 0 0 0 0 0 0 0 1 1 1 1 0 0 0 0 0 0 0 3 1 3 3 0 0 0 0 0 0 0 4 2 4 4 0 0 0 0 0 0 0 6 3 6 6 0 0 0 0 0 0 0 5 2 5 5 0 0 0 0 0 0 0 3 1 3 3 0 0 0 0 0 0 0 4 2 4 4 0 0 0 0 0 0 0 5 2 5 5 0 0 0 0 0 0 0 6 3 6 6 0 0 0 0 0 0 0 8 4 8 8 0 0 0 0 0 0 0 7 3 7 7 0 0 0 0 0 0 0 5 2 5 5 0 0 0 0 0 0 0 6 3 6 6 0 0 0 0 0 0 0 7 3 7 7 0 0 0 0 0 0 0 8 4 8 8 0 0 0 0 0 0 0 10 5 10 10 0 0 0 0 0 0 0 9 4 9 9 0 0 0 0 0 0 0 7 3 7 7 0 0 0 0 0 0 0 8 4 8 8 0 0 0 0 0 0 0 9 4 9 9 0 0 0 0 0 0 0 10 5 10 10 0 0 0 0 0 0 0 12 6 12 12 0 0 0 0 0 0 0 11 5 11 11 0 0 0 0 0 0 0 9 4 9 9 0 0 0 0 0 0 0 10 5 10 10 0 0 0 0 0 0 0 11 5 11 11 0 0 0 0 0 0 0 12 6 12 12 0 0 0 0 0 0 0 14 7 14 14 0 0 0 0 0 0 0 13 6 13 13 0 0 0 0 0 0 0 11 5 11 11 0 0 0 0 0 0 0 12 6 12 12 0 0 0 0 0 0 0 13 6 13 13 0 0 0 0 0 0 0 14 7 14 14 0 0 0 0 0 0 0 16 8 16 16 0 0 0 0 0 0 0 15 7 15 15 0 0 0 0 0 0 0 13 6 13 13 0 0 0 0 0 0 0 14 7 14 14 0 0 0 0 0 0 0 15 7 15 15 0 0 0 0 0 0 0 16 8 16 16 0 0 0 0 0 0 0 18 9 18 18 0 0 0 0 0 0 0 17 8 17 17 0 0 0 0 0 0 0 15 7 15 15 0 0 0 0 0 0 0 16 8 16 16 0 0 0 0 0 0 0 17 8 17 17 0 0 0 0 0 0 0 17 8 17 17 0 0 0 0 0 0 0 18 9 18 18 0 0 0 0 0 0 0 19 9 19 19 0 0 0 0 0 0 0 20 9 18 18 0 0 0 0 0 0 0 21 10 20 20 0 0 0 0 0 0 0 22 9 19 19 0 0 0 0 0 0 0 21 10 20 20 0 0 0 0 0 0 0 24 11 22 22 0 0 0 0 0 0 0 23 10 21 21 0 0 0 0 0 0 0 22 9 19 19 0 0 0 0 0 0 0 21 10 20 20 0 0 0 0 0 0 0 23 10 21 21 0 0 0 0 0 0 0 24 11 22 22 0 0 0 0 0 0 0 26 12 24 24 0 0 0 0 0 0 0 25 11 23 23 0 0 0 0 0 0 0 23 10 21 21 0 0 0 0 0 0 0 24 11 22 22 0 0 0 0 0 0 0 25 11 23 23 0 0 0 0 0 0 0 26 12 24 24 0 0 0 0 0 0 0 28 13 26 26 0 0 0 0 0 0 0 27 12 25 25 0 0 0 0 0 0 0 25 11 23 23 0 0 0 0 0 0 0 26 12 24 24 0 0 0 0 0 0 0 27 12 25 25 0 0 0 0 0 0 0 28 13 26 26 0 0 0 0 0 0 0 30 14 28 28 0 0 0 0 0 0 0 29 13 27 27 0 0 0 0 0 0 0 27 12 25 25 0 0 0 0 0 0 0 28 13 26 26 0 0 0 0 0 0 0 29 13 27 27 0 0 0 0 0 0 0 30 14 28 28 0 0 0 0 0 0 0 32 15 30 30 0 0 0 0 0 0 0 31 14 29 29 0 0 0 0 0 0 0 29 13 27 27 0 0 0 0 0 0 0 30 14 28 28 0 0 0 0 0 0 0 31 14 29 29 0 0 0 0 0 0 0 32 15 30 30 0 0 0 0 0 0 0 34 16 32 32 0 0 0 0 0 0 0 33 15 31 31 0 0 0 0 0 0 0 31 14 29 29 0 0 0 0 0 0 0 32 15 30 30 0 0 0 0 0 0 0 33 15 31 31 0 0 0 0 0 0 0 34 16 32 32 0 0 0 0 0 0 0 36 17 34 34 0 0 0 0 0 0 0 35 16 33 33 0 0 0 0 0 0 0 33 15 31 31 0 0 0 0 0 0 0 34 16 32 32 0 0 0 0 0 0 0 35 16 33 33 0 0 0 0 0 0 0 36 17 34 34 0 0 0 0 0 0 0 38 18 36 36 0 0 0 0 0 0 0 37 17 35 35 0 0 0 0 0 0 0 35 16 33 33 0 0 0 0 0 0 0 36 17 34 34 0 0 0 0 0 0 0 37 17 35 35 0 0 0 0 0 0 0 38 18 36 36 0 0 0 0 0 0 0 40 19 38 38 0 0 0 0 0 0 0 39 18 37 37 0 0 0 0 0 0 0 37 17 35 35 0 0 0 0 0 0 0 38 18 36 36 0 0 0 0 0 0 0 39 18 37 37 0 0 0 0 0 0 0 39 18 37 37 0 0 0 0 0 0 0 40 19 38 38 0 0 0 0 0 0 0 41 20 39 39 0 0 0 0 0 0 0 44 21 19 19 0 0 0 0 0 0 0 46 21 39 39 0 0 0 0 0 0 0 48 21 17 17 0 0 0 0 0 0 0 44 21 19 19 0 0 0 0 0 0 0 45 21 21 21 0 0 0 0 0 0 0 46 21 39 39 0 0 0 0 0 0 0 48 21 17 17 0 0 0 0 0 0 0 46 21 39 39 0 0 0 0 0 0 0 49 21 2 2 0 0 0 0 0 0 0 46 21 39 39 0 0 0 0 0 0 0 45 21 21 21 0 0 0 0 0 0 0 47 21 37 37 0 0 0 0 0 0 0 48 21 17 17 0 0 0 0 0 0 0 49 21 2 2 0 0 0 0 0 0 0 50 21 15 15 0 0 0 0 0 0 0 50 21 15 15 0 0 0 0 0 0 0 49 21 2 2 0 0 0 0 0 0 0 51 21 3 3 0 0 0 0 0 0 0 50 21 15 15 0 0 0 0 0 0 0 51 21 3 3 0 0 0 0 0 0 0 52 21 13 13 0 0 0 0 0 0 0 52 21 13 13 0 0 0 0 0 0 0 51 21 3 3 0 0 0 0 0 0 0 53 21 5 5 0 0 0 0 0 0 0 52 21 13 13 0 0 0 0 0 0 0 53 21 5 5 0 0 0 0 0 0 0 54 21 11 11 0 0 0 0 0 0 0 54 21 11 11 0 0 0 0 0 0 0 53 21 5 5 0 0 0 0 0 0 0 55 21 7 7 0 0 0 0 0 0 0 54 21 11 11 0 0 0 0 0 0 0 55 21 7 7 0 0 0 0 0 0 0 56 21 9 9 0 0 0 0 0 0 0 47 21 37 37 0 0 0 0 0 0 0 45 21 21 21 0 0 0 0 0 0 0 57 21 35 35 0 0 0 0 0 0 0 57 21 35 35 0 0 0 0 0 0 0 45 21 21 21 0 0 0 0 0 0 0 58 21 23 23 0 0 0 0 0 0 0 57 21 35 35 0 0 0 0 0 0 0 58 21 23 23 0 0 0 0 0 0 0 59 21 33 33 0 0 0 0 0 0 0 59 21 33 33 0 0 0 0 0 0 0 58 21 23 23 0 0 0 0 0 0 0 60 21 25 25 0 0 0 0 0 0 0 59 21 33 33 0 0 0 0 0 0 0 60 21 25 25 0 0 0 0 0 0 0 61 21 31 31 0 0 0 0 0 0 0 61 21 31 31 0 0 0 0 0 0 0 60 21 25 25 0 0 0 0 0 0 0 62 21 27 27 0 0 0 0 0 0 0 61 21 31 31 0 0 0 0 0 0 0 62 21 27 27 0 0 0 0 0 0 0 63 21 29 29 0 0 0 0 0 0 0 64 22 40 40 0 0 0 0 0 0 0 69 27 45 45 0 0 0 0 0 0 0 65 23 41 41 0 0 0 0 0 0 0 68 26 44 44 0 0 0 0 0 0 0 69 27 45 45 0 0 0 0 0 0 0 64 22 40 40 0 0 0 0 0 0 0 64 22 40 40 0 0 0 0 0 0 0 65 23 41 41 0 0 0 0 0 0 0 66 24 42 42 0 0 0 0 0 0 0 71 29 47 47 0 0 0 0 0 0 0 67 25 43 43 0 0 0 0 0 0 0 69 27 45 45 0 0 0 0 0 0 0 69 27 45 45 0 0 0 0 0 0 0 67 25 43 43 0 0 0 0 0 0 0 65 23 41 41 0 0 0 0 0 0 0 68 26 44 44 0 0 0 0 0 0 0 71 29 47 47 0 0 0 0 0 0 0 69 27 45 45 0 0 0 0 0 0 0 66 24 42 42 0 0 0 0 0 0 0 65 23 41 41 0 0 0 0 0 0 0 67 25 43 43 0 0 0 0 0 0 0 118 61 64 64 0 0 0 0 0 0 0 67 25 43 43 0 0 0 0 0 0 0 117 59 41 41 0 0 0 0 0 0 0 117 59 41 41 0 0 0 0 0 0 0 67 25 43 43 0 0 0 0 0 0 0 116 57 45 45 0 0 0 0 0 0 0 116 57 45 45 0 0 0 0 0 0 0 67 25 43 43 0 0 0 0 0 0 0 115 55 49 49 0 0 0 0 0 0 0 115 55 49 49 0 0 0 0 0 0 0 67 25 43 43 0 0 0 0 0 0 0 114 53 51 51 0 0 0 0 0 0 0 114 53 51 51 0 0 0 0 0 0 0 67 25 43 43 0 0 0 0 0 0 0 113 51 52 52 0 0 0 0 0 0 0 113 51 52 52 0 0 0 0 0 0 0 67 25 43 43 0 0 0 0 0 0 0 112 49 54 54 0 0 0 0 0 0 0 112 49 54 54 0 0 0 0 0 0 0 67 25 43 43 0 0 0 0 0 0 0 111 48 62 62 0 0 0 0 0 0 0 111 48 62 62 0 0 0 0 0 0 0 67 25 43 43 0 0 0 0 0 0 0 110 46 57 57 0 0 0 0 0 0 0 110 46 57 57 0 0 0 0 0 0 0 67 25 43 43 0 0 0 0 0 0 0 109 44 59 59 0 0 0 0 0 0 0 109 44 59 59 0 0 0 0 0 0 0 67 25 43 43 0 0 0 0 0 0 0 85 42 61 61 0 0 0 0 0 0 0 85 42 61 61 0 0 0 0 0 0 0 67 25 43 43 0 0 0 0 0 0 0 83 41 59 59 0 0 0 0 0 0 0 83 41 59 59 0 0 0 0 0 0 0 67 25 43 43 0 0 0 0 0 0 0 81 39 57 57 0 0 0 0 0 0 0 81 39 57 57 0 0 0 0 0 0 0 67 25 43 43 0 0 0 0 0 0 0 78 36 54 54 0 0 0 0 0 0 0 78 36 54 54 0 0 0 0 0 0 0 67 25 43 43 0 0 0 0 0 0 0 76 34 52 52 0 0 0 0 0 0 0 76 34 52 52 0 0 0 0 0 0 0 67 25 43 43 0 0 0 0 0 0 0 75 33 51 51 0 0 0 0 0 0 0 75 33 51 51 0 0 0 0 0 0 0 67 25 43 43 0 0 0 0 0 0 0 73 31 49 49 0 0 0 0 0 0 0 73 31 49 49 0 0 0 0 0 0 0 67 25 43 43 0 0 0 0 0 0 0 71 29 47 47 0 0 0 0 0 0 0 70 28 46 46 0 0 0 0 0 0 0 73 31 49 49 0 0 0 0 0 0 0 71 29 47 47 0 0 0 0 0 0 0 70 28 46 46 0 0 0 0 0 0 0 71 29 47 47 0 0 0 0 0 0 0 68 26 44 44 0 0 0 0 0 0 0 72 30 48 48 0 0 0 0 0 0 0 75 33 51 51 0 0 0 0 0 0 0 73 31 49 49 0 0 0 0 0 0 0 72 30 48 48 0 0 0 0 0 0 0 73 31 49 49 0 0 0 0 0 0 0 70 28 46 46 0 0 0 0 0 0 0 77 35 53 53 0 0 0 0 0 0 0 75 33 51 51 0 0 0 0 0 0 0 74 32 50 50 0 0 0 0 0 0 0 76 34 52 52 0 0 0 0 0 0 0 75 33 51 51 0 0 0 0 0 0 0 77 35 53 53 0 0 0 0 0 0 0 74 32 50 50 0 0 0 0 0 0 0 75 33 51 51 0 0 0 0 0 0 0 72 30 48 48 0 0 0 0 0 0 0 79 37 55 55 0 0 0 0 0 0 0 76 34 52 52 0 0 0 0 0 0 0 77 35 53 53 0 0 0 0 0 0 0 78 36 54 54 0 0 0 0 0 0 0 76 34 52 52 0 0 0 0 0 0 0 79 37 55 55 0 0 0 0 0 0 0 79 37 55 55 0 0 0 0 0 0 0 81 39 57 57 0 0 0 0 0 0 0 78 36 54 54 0 0 0 0 0 0 0 80 38 56 56 0 0 0 0 0 0 0 83 41 59 59 0 0 0 0 0 0 0 81 39 57 57 0 0 0 0 0 0 0 80 38 56 56 0 0 0 0 0 0 0 81 39 57 57 0 0 0 0 0 0 0 79 37 55 55 0 0 0 0 0 0 0 82 40 58 58 0 0 0 0 0 0 0 85 42 61 61 0 0 0 0 0 0 0 83 41 59 59 0 0 0 0 0 0 0 82 40 58 58 0 0 0 0 0 0 0 83 41 59 59 0 0 0 0 0 0 0 80 38 56 56 0 0 0 0 0 0 0 84 9 60 60 0 0 0 0 0 0 0 85 42 61 61 0 0 0 0 0 0 0 82 40 58 58 0 0 0 0 0 0 0 86 43 58 58 0 0 0 0 0 0 0 91 46 57 57 0 0 0 0 0 0 0 87 44 59 59 0 0 0 0 0 0 0 90 45 56 56 0 0 0 0 0 0 0 91 46 57 57 0 0 0 0 0 0 0 86 43 58 58 0 0 0 0 0 0 0 86 43 58 58 0 0 0 0 0 0 0 87 44 59 59 0 0 0 0 0 0 0 88 9 60 60 0 0 0 0 0 0 0 90 45 56 56 0 0 0 0 0 0 0 93 48 62 62 0 0 0 0 0 0 0 91 46 57 57 0 0 0 0 0 0 0 92 47 55 55 0 0 0 0 0 0 0 93 48 62 62 0 0 0 0 0 0 0 90 45 56 56 0 0 0 0 0 0 0 94 49 54 54 0 0 0 0 0 0 0 93 48 62 62 0 0 0 0 0 0 0 92 47 55 55 0 0 0 0 0 0 0 92 47 55 55 0 0 0 0 0 0 0 96 51 52 52 0 0 0 0 0 0 0 94 49 54 54 0 0 0 0 0 0 0 95 50 53 53 0 0 0 0 0 0 0 96 51 52 52 0 0 0 0 0 0 0 92 47 55 55 0 0 0 0 0 0 0 95 50 53 53 0 0 0 0 0 0 0 98 53 51 51 0 0 0 0 0 0 0 96 51 52 52 0 0 0 0 0 0 0 97 52 50 50 0 0 0 0 0 0 0 98 53 51 51 0 0 0 0 0 0 0 95 50 53 53 0 0 0 0 0 0 0 97 52 50 50 0 0 0 0 0 0 0 100 55 49 49 0 0 0 0 0 0 0 98 53 51 51 0 0 0 0 0 0 0 99 54 48 48 0 0 0 0 0 0 0 100 55 49 49 0 0 0 0 0 0 0 97 52 50 50 0 0 0 0 0 0 0 99 54 48 48 0 0 0 0 0 0 0 102 57 45 45 0 0 0 0 0 0 0 100 55 49 49 0 0 0 0 0 0 0 101 56 44 44 0 0 0 0 0 0 0 102 57 45 45 0 0 0 0 0 0 0 99 54 48 48 0 0 0 0 0 0 0 101 56 44 44 0 0 0 0 0 0 0 104 59 41 41 0 0 0 0 0 0 0 102 57 45 45 0 0 0 0 0 0 0 103 58 40 40 0 0 0 0 0 0 0 104 59 41 41 0 0 0 0 0 0 0 101 56 44 44 0 0 0 0 0 0 0 103 58 40 40 0 0 0 0 0 0 0 106 61 64 64 0 0 0 0 0 0 0 104 59 41 41 0 0 0 0 0 0 0 105 60 63 63 0 0 0 0 0 0 0 106 61 64 64 0 0 0 0 0 0 0 103 58 40 40 0 0 0 0 0 0 0 105 60 63 63 0 0 0 0 0 0 0 108 25 43 43 0 0 0 0 0 0 0 106 61 64 64 0 0 0 0 0 0 0 107 24 42 42 0 0 0 0 0 0 0 108 25 43 43 0 0 0 0 0 0 0 105 60 63 63 0 0 0 0 0 0 0 88 9 60 60 0 0 0 0 0 0 0 87 44 59 59 0 0 0 0 0 0 0 89 42 61 61 0 0 0 0 0 0 0 119 62 65 65 0 0 0 0 0 0 0 234 138 112 112 0 0 0 0 0 0 0 2294 1523 1291 1291 0 0 0 0 0 0 0 2299 1528 1295 1295 0 0 0 0 0 0 0 119 62 65 65 0 0 0 0 0 0 0 2294 1523 1291 1291 0 0 0 0 0 0 0 124 67 68 68 0 0 0 0 0 0 0 119 62 65 65 0 0 0 0 0 0 0 2299 1528 1295 1295 0 0 0 0 0 0 0 119 62 65 65 0 0 0 0 0 0 0 233 137 111 111 0 0 0 0 0 0 0 234 138 112 112 0 0 0 0 0 0 0 232 64 66 66 0 0 0 0 0 0 0 233 137 111 111 0 0 0 0 0 0 0 119 62 65 65 0 0 0 0 0 0 0 124 67 68 68 0 0 0 0 0 0 0 120 63 65 65 0 0 0 0 0 0 0 119 62 65 65 0 0 0 0 0 0 0 119 62 65 65 0 0 0 0 0 0 0 120 63 65 65 0 0 0 0 0 0 0 121 64 66 66 0 0 0 0 0 0 0 2294 1523 1291 1291 0 0 0 0 0 0 0 234 138 112 112 0 0 0 0 0 0 0 2303 1530 1291 1291 0 0 0 0 0 0 0 234 138 112 112 0 0 0 0 0 0 0 233 137 111 111 0 0 0 0 0 0 0 2303 1530 1291 1291 0 0 0 0 0 0 0 2294 1523 1291 1291 0 0 0 0 0 0 0 2303 1530 1291 1291 0 0 0 0 0 0 0 2295 1524 1292 1292 0 0 0 0 0 0 0 2294 1523 1291 1291 0 0 0 0 0 0 0 2298 1527 608 608 0 0 0 0 0 0 0 2299 1528 1295 1295 0 0 0 0 0 0 0 2296 1525 1293 1293 0 0 0 0 0 0 0 2298 1527 608 608 0 0 0 0 0 0 0 2294 1523 1291 1291 0 0 0 0 0 0 0 2294 1523 1291 1291 0 0 0 0 0 0 0 2295 1524 1292 1292 0 0 0 0 0 0 0 2296 1525 1293 1293 0 0 0 0 0 0 0 2324 1548 1295 1295 0 0 0 0 0 0 0 124 67 68 68 0 0 0 0 0 0 0 2299 1528 1295 1295 0 0 0 0 0 0 0 2299 1528 1295 1295 0 0 0 0 0 0 0 2325 1547 1303 1303 0 0 0 0 0 0 0 2324 1548 1295 1295 0 0 0 0 0 0 0 2298 1527 608 608 0 0 0 0 0 0 0 2325 1547 1303 1303 0 0 0 0 0 0 0 2299 1528 1295 1295 0 0 0 0 0 0 0 123 66 68 68 0 0 0 0 0 0 0 124 67 68 68 0 0 0 0 0 0 0 2324 1548 1295 1295 0 0 0 0 0 0 0 123 66 68 68 0 0 0 0 0 0 0 120 63 65 65 0 0 0 0 0 0 0 124 67 68 68 0 0 0 0 0 0 0 123 66 68 68 0 0 0 0 0 0 0 125 68 65 65 0 0 0 0 0 0 0 120 63 65 65 0 0 0 0 0 0 0 120 63 65 65 0 0 0 0 0 0 0 125 68 65 65 0 0 0 0 0 0 0 122 65 67 67 0 0 0 0 0 0 0 121 64 66 66 0 0 0 0 0 0 0 120 63 65 65 0 0 0 0 0 0 0 122 65 67 67 0 0 0 0 0 0 0 2323 19 1295 1295 0 0 0 0 0 0 0 123 66 68 68 0 0 0 0 0 0 0 2324 1548 1295 1295 0 0 0 0 0 0 0 127 70 68 68 0 0 0 0 0 0 0 123 66 68 68 0 0 0 0 0 0 0 2323 19 1295 1295 0 0 0 0 0 0 0 127 70 68 68 0 0 0 0 0 0 0 125 68 65 65 0 0 0 0 0 0 0 123 66 68 68 0 0 0 0 0 0 0 2320 1547 1303 1303 0 0 0 0 0 0 0 2323 19 1295 1295 0 0 0 0 0 0 0 2324 1548 1295 1295 0 0 0 0 0 0 0 2323 19 1295 1295 0 0 0 0 0 0 0 132 73 68 68 0 0 0 0 0 0 0 127 70 68 68 0 0 0 0 0 0 0 2309 1536 1301 1301 0 0 0 0 0 0 0 132 73 68 68 0 0 0 0 0 0 0 2323 19 1295 1295 0 0 0 0 0 0 0 2317 1544 1303 1303 0 0 0 0 0 0 0 2323 19 1295 1295 0 0 0 0 0 0 0 2320 1547 1303 1303 0 0 0 0 0 0 0 2317 1544 1303 1303 0 0 0 0 0 0 0 2309 1536 1301 1301 0 0 0 0 0 0 0 2323 19 1295 1295 0 0 0 0 0 0 0 127 70 68 68 0 0 0 0 0 0 0 132 73 68 68 0 0 0 0 0 0 0 130 68 65 65 0 0 0 0 0 0 0 132 73 68 68 0 0 0 0 0 0 0 2309 1536 1301 1301 0 0 0 0 0 0 0 128 71 65 65 0 0 0 0 0 0 0 130 68 65 65 0 0 0 0 0 0 0 132 73 68 68 0 0 0 0 0 0 0 128 71 65 65 0 0 0 0 0 0 0 2314 1541 1303 1303 0 0 0 0 0 0 0 2309 1536 1301 1301 0 0 0 0 0 0 0 2317 1544 1303 1303 0 0 0 0 0 0 0 2314 1541 1303 1303 0 0 0 0 0 0 0 2310 1537 1299 1299 0 0 0 0 0 0 0 2309 1536 1301 1301 0 0 0 0 0 0 0 128 71 65 65 0 0 0 0 0 0 0 2309 1536 1301 1301 0 0 0 0 0 0 0 2310 1537 1299 1299 0 0 0 0 0 0 0 2317 1544 1303 1303 0 0 0 0 0 0 0 2320 1547 1303 1303 0 0 0 0 0 0 0 2316 1543 1293 1293 0 0 0 0 0 0 0 2311 1538 1293 1293 0 0 0 0 0 0 0 2317 1544 1303 1303 0 0 0 0 0 0 0 2316 1543 1293 1293 0 0 0 0 0 0 0 2314 1541 1303 1303 0 0 0 0 0 0 0 2317 1544 1303 1303 0 0 0 0 0 0 0 2311 1538 1293 1293 0 0 0 0 0 0 0 2320 1547 1303 1303 0 0 0 0 0 0 0 2298 1527 608 608 0 0 0 0 0 0 0 2321 1545 673 673 0 0 0 0 0 0 0 2316 1543 1293 1293 0 0 0 0 0 0 0 2320 1547 1303 1303 0 0 0 0 0 0 0 2318 1545 673 673 0 0 0 0 0 0 0 2321 1545 673 673 0 0 0 0 0 0 0 2298 1527 608 608 0 0 0 0 0 0 0 2296 1525 1293 1293 0 0 0 0 0 0 0 2296 1525 1293 1293 0 0 0 0 0 0 0 2297 1526 1294 1294 0 0 0 0 0 0 0 2321 1545 673 673 0 0 0 0 0 0 0 2296 1525 1293 1293 0 0 0 0 0 0 0 2295 1524 1292 1292 0 0 0 0 0 0 0 2297 1526 1294 1294 0 0 0 0 0 0 0 2295 1524 1292 1292 0 0 0 0 0 0 0 2302 1529 1296 1296 0 0 0 0 0 0 0 2297 1526 1294 1294 0 0 0 0 0 0 0 2295 1524 1292 1292 0 0 0 0 0 0 0 2304 1531 1297 1297 0 0 0 0 0 0 0 2302 1529 1296 1296 0 0 0 0 0 0 0 2295 1524 1292 1292 0 0 0 0 0 0 0 2303 1530 1291 1291 0 0 0 0 0 0 0 2304 1531 1297 1297 0 0 0 0 0 0 0 2303 1530 1291 1291 0 0 0 0 0 0 0 233 137 111 111 0 0 0 0 0 0 0 2304 1531 1297 1297 0 0 0 0 0 0 0 2300 64 66 66 0 0 0 0 0 0 0 2304 1531 1297 1297 0 0 0 0 0 0 0 233 137 111 111 0 0 0 0 0 0 0 2302 1529 1296 1296 0 0 0 0 0 0 0 2304 1531 1297 1297 0 0 0 0 0 0 0 2300 64 66 66 0 0 0 0 0 0 0 2302 1529 1296 1296 0 0 0 0 0 0 0 2301 77 71 71 0 0 0 0 0 0 0 2329 1551 1305 1305 0 0 0 0 0 0 0 2302 1529 1296 1296 0 0 0 0 0 0 0 2329 1551 1305 1305 0 0 0 0 0 0 0 2297 1526 1294 1294 0 0 0 0 0 0 0 2300 64 66 66 0 0 0 0 0 0 0 2301 77 71 71 0 0 0 0 0 0 0 2302 1529 1296 1296 0 0 0 0 0 0 0 2297 1526 1294 1294 0 0 0 0 0 0 0 2329 1551 1305 1305 0 0 0 0 0 0 0 2322 1546 1304 1304 0 0 0 0 0 0 0 2321 1545 673 673 0 0 0 0 0 0 0 2297 1526 1294 1294 0 0 0 0 0 0 0 2322 1546 1304 1304 0 0 0 0 0 0 0 122 65 67 67 0 0 0 0 0 0 0 2336 1552 1306 1306 0 0 0 0 0 0 0 2329 1551 1305 1305 0 0 0 0 0 0 0 2329 1551 1305 1305 0 0 0 0 0 0 0 2301 77 71 71 0 0 0 0 0 0 0 122 65 67 67 0 0 0 0 0 0 0 134 75 70 70 0 0 0 0 0 0 0 2336 1552 1306 1306 0 0 0 0 0 0 0 122 65 67 67 0 0 0 0 0 0 0 122 65 67 67 0 0 0 0 0 0 0 133 74 70 70 0 0 0 0 0 0 0 134 75 70 70 0 0 0 0 0 0 0 126 69 67 67 0 0 0 0 0 0 0 133 74 70 70 0 0 0 0 0 0 0 122 65 67 67 0 0 0 0 0 0 0 122 65 67 67 0 0 0 0 0 0 0 125 68 65 65 0 0 0 0 0 0 0 126 69 67 67 0 0 0 0 0 0 0 2318 1545 673 673 0 0 0 0 0 0 0 2319 1546 1304 1304 0 0 0 0 0 0 0 2316 1543 1293 1293 0 0 0 0 0 0 0 2316 1543 1293 1293 0 0 0 0 0 0 0 2319 1546 1304 1304 0 0 0 0 0 0 0 2315 1542 1294 1294 0 0 0 0 0 0 0 2311 1538 1293 1293 0 0 0 0 0 0 0 2316 1543 1293 1293 0 0 0 0 0 0 0 2312 1539 1302 1302 0 0 0 0 0 0 0 2315 1542 1294 1294 0 0 0 0 0 0 0 2312 1539 1302 1302 0 0 0 0 0 0 0 2316 1543 1293 1293 0 0 0 0 0 0 0 2311 1538 1293 1293 0 0 0 0 0 0 0 2310 1537 1299 1299 0 0 0 0 0 0 0 2314 1541 1303 1303 0 0 0 0 0 0 0 2311 1538 1293 1293 0 0 0 0 0 0 0 2312 1539 1302 1302 0 0 0 0 0 0 0 2310 1537 1299 1299 0 0 0 0 0 0 0 2310 1537 1299 1299 0 0 0 0 0 0 0 2308 1535 1300 1300 0 0 0 0 0 0 0 2306 1533 1299 1299 0 0 0 0 0 0 0 2313 1540 1300 1300 0 0 0 0 0 0 0 2308 1535 1300 1300 0 0 0 0 0 0 0 2310 1537 1299 1299 0 0 0 0 0 0 0 2310 1537 1299 1299 0 0 0 0 0 0 0 2305 1532 1298 1298 0 0 0 0 0 0 0 128 71 65 65 0 0 0 0 0 0 0 2306 1533 1299 1299 0 0 0 0 0 0 0 2305 1532 1298 1298 0 0 0 0 0 0 0 2310 1537 1299 1299 0 0 0 0 0 0 0 2310 1537 1299 1299 0 0 0 0 0 0 0 2312 1539 1302 1302 0 0 0 0 0 0 0 2313 1540 1300 1300 0 0 0 0 0 0 0 128 71 65 65 0 0 0 0 0 0 0 2305 1532 1298 1298 0 0 0 0 0 0 0 129 72 69 69 0 0 0 0 0 0 0 128 71 65 65 0 0 0 0 0 0 0 129 72 69 69 0 0 0 0 0 0 0 130 68 65 65 0 0 0 0 0 0 0 130 68 65 65 0 0 0 0 0 0 0 129 72 69 69 0 0 0 0 0 0 0 131 69 67 67 0 0 0 0 0 0 0 129 72 69 69 0 0 0 0 0 0 0 2307 1534 69 69 0 0 0 0 0 0 0 2313 1540 1300 1300 0 0 0 0 0 0 0 129 72 69 69 0 0 0 0 0 0 0 2305 1532 1298 1298 0 0 0 0 0 0 0 2307 1534 69 69 0 0 0 0 0 0 0 129 72 69 69 0 0 0 0 0 0 0 2327 1550 1296 1296 0 0 0 0 0 0 0 2331 76 71 71 0 0 0 0 0 0 0 2313 1540 1300 1300 0 0 0 0 0 0 0 2327 1550 1296 1296 0 0 0 0 0 0 0 129 72 69 69 0 0 0 0 0 0 0 2313 1540 1300 1300 0 0 0 0 0 0 0 2307 1534 69 69 0 0 0 0 0 0 0 2308 1535 1300 1300 0 0 0 0 0 0 0 2313 1540 1300 1300 0 0 0 0 0 0 0 2315 1542 1294 1294 0 0 0 0 0 0 0 2327 1550 1296 1296 0 0 0 0 0 0 0 2312 1539 1302 1302 0 0 0 0 0 0 0 2315 1542 1294 1294 0 0 0 0 0 0 0 2313 1540 1300 1300 0 0 0 0 0 0 0 2319 1546 1304 1304 0 0 0 0 0 0 0 2326 1549 1305 1305 0 0 0 0 0 0 0 2315 1542 1294 1294 0 0 0 0 0 0 0 2326 1549 1305 1305 0 0 0 0 0 0 0 2327 1550 1296 1296 0 0 0 0 0 0 0 2315 1542 1294 1294 0 0 0 0 0 0 0 2328 1551 1305 1305 0 0 0 0 0 0 0 2326 1549 1305 1305 0 0 0 0 0 0 0 2319 1546 1304 1304 0 0 0 0 0 0 0 2326 1549 1305 1305 0 0 0 0 0 0 0 2334 1553 1306 1306 0 0 0 0 0 0 0 2330 69 67 67 0 0 0 0 0 0 0 2326 1549 1305 1305 0 0 0 0 0 0 0 2332 1552 1306 1306 0 0 0 0 0 0 0 2334 1553 1306 1306 0 0 0 0 0 0 0 2328 1551 1305 1305 0 0 0 0 0 0 0 2332 1552 1306 1306 0 0 0 0 0 0 0 2326 1549 1305 1305 0 0 0 0 0 0 0 2326 1549 1305 1305 0 0 0 0 0 0 0 2330 69 67 67 0 0 0 0 0 0 0 2327 1550 1296 1296 0 0 0 0 0 0 0 2327 1550 1296 1296 0 0 0 0 0 0 0 2330 69 67 67 0 0 0 0 0 0 0 2331 76 71 71 0 0 0 0 0 0 0 2330 69 67 67 0 0 0 0 0 0 0 2334 1553 1306 1306 0 0 0 0 0 0 0 2335 74 70 70 0 0 0 0 0 0 0 2334 1553 1306 1306 0 0 0 0 0 0 0 2333 75 70 70 0 0 0 0 0 0 0 2335 74 70 70 0 0 0 0 0 0 0 2332 1552 1306 1306 0 0 0 0 0 0 0 2333 75 70 70 0 0 0 0 0 0 0 2334 1553 1306 1306 0 0 0 0 0 0 0 2307 1534 69 69 0 0 0 0 0 0 0 2306 1533 1299 1299 0 0 0 0 0 0 0 2308 1535 1300 1300 0 0 0 0 0 0 0 2305 1532 1298 1298 0 0 0 0 0 0 0 2306 1533 1299 1299 0 0 0 0 0 0 0 2307 1534 69 69 0 0 0 0 0 0 0 135 72 69 69 0 0 0 0 0 0 0 136 76 71 71 0 0 0 0 0 0 0 137 69 67 67 0 0 0 0 0 0 0 138 64 66 66 0 0 0 0 0 0 0 139 65 67 67 0 0 0 0 0 0 0 140 77 71 71 0 0 0 0 0 0 0 2384 1582 1321 1321 0 0 0 0 0 0 0 141 78 72 72 0 0 0 0 0 0 0 2377 1580 1320 1320 0 0 0 0 0 0 0 155 90 77 77 0 0 0 0 0 0 0 141 78 72 72 0 0 0 0 0 0 0 2384 1582 1321 1321 0 0 0 0 0 0 0 141 78 72 72 0 0 0 0 0 0 0 2341 93 78 78 0 0 0 0 0 0 0 2377 1580 1320 1320 0 0 0 0 0 0 0 141 78 72 72 0 0 0 0 0 0 0 156 91 77 77 0 0 0 0 0 0 0 147 84 72 72 0 0 0 0 0 0 0 155 90 77 77 0 0 0 0 0 0 0 156 91 77 77 0 0 0 0 0 0 0 141 78 72 72 0 0 0 0 0 0 0 141 78 72 72 0 0 0 0 0 0 0 148 85 73 73 0 0 0 0 0 0 0 142 79 73 73 0 0 0 0 0 0 0 147 84 72 72 0 0 0 0 0 0 0 148 85 73 73 0 0 0 0 0 0 0 141 78 72 72 0 0 0 0 0 0 0 141 78 72 72 0 0 0 0 0 0 0 142 79 73 73 0 0 0 0 0 0 0 143 80 74 74 0 0 0 0 0 0 0 143 80 74 74 0 0 0 0 0 0 0 142 79 73 73 0 0 0 0 0 0 0 144 81 73 73 0 0 0 0 0 0 0 148 85 73 73 0 0 0 0 0 0 0 145 82 75 75 0 0 0 0 0 0 0 142 79 73 73 0 0 0 0 0 0 0 142 79 73 73 0 0 0 0 0 0 0 146 83 75 75 0 0 0 0 0 0 0 144 81 73 73 0 0 0 0 0 0 0 145 82 75 75 0 0 0 0 0 0 0 146 83 75 75 0 0 0 0 0 0 0 142 79 73 73 0 0 0 0 0 0 0 149 86 75 75 0 0 0 0 0 0 0 145 82 75 75 0 0 0 0 0 0 0 148 85 73 73 0 0 0 0 0 0 0 2347 1561 1312 1312 0 0 0 0 0 0 0 145 82 75 75 0 0 0 0 0 0 0 2370 9 1312 1312 0 0 0 0 0 0 0 146 83 75 75 0 0 0 0 0 0 0 145 82 75 75 0 0 0 0 0 0 0 2347 1561 1312 1312 0 0 0 0 0 0 0 145 82 75 75 0 0 0 0 0 0 0 149 86 75 75 0 0 0 0 0 0 0 2370 9 1312 1312 0 0 0 0 0 0 0 146 83 75 75 0 0 0 0 0 0 0 2347 1561 1312 1312 0 0 0 0 0 0 0 144 81 73 73 0 0 0 0 0 0 0 144 81 73 73 0 0 0 0 0 0 0 2347 1561 1312 1312 0 0 0 0 0 0 0 2340 1557 341 341 0 0 0 0 0 0 0 2347 1561 1312 1312 0 0 0 0 0 0 0 2365 1575 1318 1318 0 0 0 0 0 0 0 2368 1576 1318 1318 0 0 0 0 0 0 0 2370 9 1312 1312 0 0 0 0 0 0 0 2365 1575 1318 1318 0 0 0 0 0 0 0 2347 1561 1312 1312 0 0 0 0 0 0 0 2368 1576 1318 1318 0 0 0 0 0 0 0 2340 1557 341 341 0 0 0 0 0 0 0 2347 1561 1312 1312 0 0 0 0 0 0 0 2370 9 1312 1312 0 0 0 0 0 0 0 149 86 75 75 0 0 0 0 0 0 0 2369 9 1312 1312 0 0 0 0 0 0 0 2370 9 1312 1312 0 0 0 0 0 0 0 2369 9 1312 1312 0 0 0 0 0 0 0 2365 1575 1318 1318 0 0 0 0 0 0 0 149 86 75 75 0 0 0 0 0 0 0 154 89 75 75 0 0 0 0 0 0 0 2369 9 1312 1312 0 0 0 0 0 0 0 151 85 73 73 0 0 0 0 0 0 0 154 89 75 75 0 0 0 0 0 0 0 149 86 75 75 0 0 0 0 0 0 0 2369 9 1312 1312 0 0 0 0 0 0 0 154 89 75 75 0 0 0 0 0 0 0 2353 1567 1316 1316 0 0 0 0 0 0 0 2365 1575 1318 1318 0 0 0 0 0 0 0 2369 9 1312 1312 0 0 0 0 0 0 0 2361 1573 1318 1318 0 0 0 0 0 0 0 2369 9 1312 1312 0 0 0 0 0 0 0 2353 1567 1316 1316 0 0 0 0 0 0 0 2361 1573 1318 1318 0 0 0 0 0 0 0 2363 510 1309 1309 0 0 0 0 0 0 0 2368 1576 1318 1318 0 0 0 0 0 0 0 2365 1575 1318 1318 0 0 0 0 0 0 0 2364 510 1309 1309 0 0 0 0 0 0 0 2365 1575 1318 1318 0 0 0 0 0 0 0 2366 1573 1318 1318 0 0 0 0 0 0 0 2363 510 1309 1309 0 0 0 0 0 0 0 2365 1575 1318 1318 0 0 0 0 0 0 0 2364 510 1309 1309 0 0 0 0 0 0 0 2339 1556 1309 1309 0 0 0 0 0 0 0 2340 1557 341 341 0 0 0 0 0 0 0 2368 1576 1318 1318 0 0 0 0 0 0 0 2339 1556 1309 1309 0 0 0 0 0 0 0 2368 1576 1318 1318 0 0 0 0 0 0 0 2363 510 1309 1309 0 0 0 0 0 0 0 2338 1555 1308 1308 0 0 0 0 0 0 0 2344 1559 348 348 0 0 0 0 0 0 0 2340 1557 341 341 0 0 0 0 0 0 0 2339 1556 1309 1309 0 0 0 0 0 0 0 2338 1555 1308 1308 0 0 0 0 0 0 0 2340 1557 341 341 0 0 0 0 0 0 0 2362 1574 1319 1319 0 0 0 0 0 0 0 2339 1556 1309 1309 0 0 0 0 0 0 0 2363 510 1309 1309 0 0 0 0 0 0 0 2367 1554 1307 1307 0 0 0 0 0 0 0 2339 1556 1309 1309 0 0 0 0 0 0 0 2362 1574 1319 1319 0 0 0 0 0 0 0 2337 1554 1307 1307 0 0 0 0 0 0 0 2338 1555 1308 1308 0 0 0 0 0 0 0 2339 1556 1309 1309 0 0 0 0 0 0 0 2359 1572 1319 1319 0 0 0 0 0 0 0 2363 510 1309 1309 0 0 0 0 0 0 0 2364 510 1309 1309 0 0 0 0 0 0 0 2362 1574 1319 1319 0 0 0 0 0 0 0 2363 510 1309 1309 0 0 0 0 0 0 0 2359 1572 1319 1319 0 0 0 0 0 0 0 2362 1574 1319 1319 0 0 0 0 0 0 0 2374 1579 1320 1320 0 0 0 0 0 0 0 2375 1580 1320 1320 0 0 0 0 0 0 0 2359 1572 1319 1319 0 0 0 0 0 0 0 2374 1579 1320 1320 0 0 0 0 0 0 0 2362 1574 1319 1319 0 0 0 0 0 0 0 2359 1572 1319 1319 0 0 0 0 0 0 0 2360 510 1309 1309 0 0 0 0 0 0 0 2356 1569 1317 1317 0 0 0 0 0 0 0 2360 510 1309 1309 0 0 0 0 0 0 0 2361 1573 1318 1318 0 0 0 0 0 0 0 2357 1570 1309 1309 0 0 0 0 0 0 0 2356 1569 1317 1317 0 0 0 0 0 0 0 2360 510 1309 1309 0 0 0 0 0 0 0 2357 1570 1309 1309 0 0 0 0 0 0 0 2361 1573 1318 1318 0 0 0 0 0 0 0 2353 1567 1316 1316 0 0 0 0 0 0 0 2358 1571 1318 1318 0 0 0 0 0 0 0 2357 1570 1309 1309 0 0 0 0 0 0 0 2361 1573 1318 1318 0 0 0 0 0 0 0 2358 1571 1318 1318 0 0 0 0 0 0 0 2353 1567 1316 1316 0 0 0 0 0 0 0 2352 1566 1314 1314 0 0 0 0 0 0 0 2358 1571 1318 1318 0 0 0 0 0 0 0 2354 87 73 73 0 0 0 0 0 0 0 2353 1567 1316 1316 0 0 0 0 0 0 0 154 89 75 75 0 0 0 0 0 0 0 2352 1566 1314 1314 0 0 0 0 0 0 0 2353 1567 1316 1316 0 0 0 0 0 0 0 2354 87 73 73 0 0 0 0 0 0 0 150 87 73 73 0 0 0 0 0 0 0 154 89 75 75 0 0 0 0 0 0 0 151 85 73 73 0 0 0 0 0 0 0 152 88 76 76 0 0 0 0 0 0 0 151 85 73 73 0 0 0 0 0 0 0 153 84 72 72 0 0 0 0 0 0 0 150 87 73 73 0 0 0 0 0 0 0 151 85 73 73 0 0 0 0 0 0 0 152 88 76 76 0 0 0 0 0 0 0 2372 1578 1310 1310 0 0 0 0 0 0 0 152 88 76 76 0 0 0 0 0 0 0 2378 92 78 78 0 0 0 0 0 0 0 2355 1568 1313 1313 0 0 0 0 0 0 0 152 88 76 76 0 0 0 0 0 0 0 2372 1578 1310 1310 0 0 0 0 0 0 0 2372 1578 1310 1310 0 0 0 0 0 0 0 2371 1577 1307 1307 0 0 0 0 0 0 0 2355 1568 1313 1313 0 0 0 0 0 0 0 2372 1578 1310 1310 0 0 0 0 0 0 0 2379 84 72 72 0 0 0 0 0 0 0 2374 1579 1320 1320 0 0 0 0 0 0 0 2378 92 78 78 0 0 0 0 0 0 0 2379 84 72 72 0 0 0 0 0 0 0 2372 1578 1310 1310 0 0 0 0 0 0 0 2373 1572 1319 1319 0 0 0 0 0 0 0 2372 1578 1310 1310 0 0 0 0 0 0 0 2374 1579 1320 1320 0 0 0 0 0 0 0 2371 1577 1307 1307 0 0 0 0 0 0 0 2372 1578 1310 1310 0 0 0 0 0 0 0 2373 1572 1319 1319 0 0 0 0 0 0 0 2379 84 72 72 0 0 0 0 0 0 0 2382 1581 1321 1321 0 0 0 0 0 0 0 2374 1579 1320 1320 0 0 0 0 0 0 0 2374 1579 1320 1320 0 0 0 0 0 0 0 2383 1582 1321 1321 0 0 0 0 0 0 0 2375 1580 1320 1320 0 0 0 0 0 0 0 2382 1581 1321 1321 0 0 0 0 0 0 0 2383 1582 1321 1321 0 0 0 0 0 0 0 2374 1579 1320 1320 0 0 0 0 0 0 0 2380 91 77 77 0 0 0 0 0 0 0 2382 1581 1321 1321 0 0 0 0 0 0 0 2379 84 72 72 0 0 0 0 0 0 0 2382 1581 1321 1321 0 0 0 0 0 0 0 2381 90 77 77 0 0 0 0 0 0 0 2383 1582 1321 1321 0 0 0 0 0 0 0 2380 91 77 77 0 0 0 0 0 0 0 2381 90 77 77 0 0 0 0 0 0 0 2382 1581 1321 1321 0 0 0 0 0 0 0 2373 1572 1319 1319 0 0 0 0 0 0 0 2356 1569 1317 1317 0 0 0 0 0 0 0 2371 1577 1307 1307 0 0 0 0 0 0 0 2355 1568 1313 1313 0 0 0 0 0 0 0 2371 1577 1307 1307 0 0 0 0 0 0 0 2356 1569 1317 1317 0 0 0 0 0 0 0 2352 1566 1314 1314 0 0 0 0 0 0 0 2356 1569 1317 1317 0 0 0 0 0 0 0 2357 1570 1309 1309 0 0 0 0 0 0 0 2355 1568 1313 1313 0 0 0 0 0 0 0 2356 1569 1317 1317 0 0 0 0 0 0 0 2352 1566 1314 1314 0 0 0 0 0 0 0 2358 1571 1318 1318 0 0 0 0 0 0 0 2352 1566 1314 1314 0 0 0 0 0 0 0 2357 1570 1309 1309 0 0 0 0 0 0 0 2351 1565 1315 1315 0 0 0 0 0 0 0 2352 1566 1314 1314 0 0 0 0 0 0 0 2354 87 73 73 0 0 0 0 0 0 0 2349 1563 1314 1314 0 0 0 0 0 0 0 2352 1566 1314 1314 0 0 0 0 0 0 0 2351 1565 1315 1315 0 0 0 0 0 0 0 2388 88 76 76 0 0 0 0 0 0 0 2351 1565 1315 1315 0 0 0 0 0 0 0 2354 87 73 73 0 0 0 0 0 0 0 2350 1564 76 76 0 0 0 0 0 0 0 2351 1565 1315 1315 0 0 0 0 0 0 0 2388 88 76 76 0 0 0 0 0 0 0 2350 1564 76 76 0 0 0 0 0 0 0 2349 1563 1314 1314 0 0 0 0 0 0 0 2351 1565 1315 1315 0 0 0 0 0 0 0 2349 1563 1314 1314 0 0 0 0 0 0 0 2348 1562 1313 1313 0 0 0 0 0 0 0 2389 1566 1314 1314 0 0 0 0 0 0 0 2348 1562 1313 1313 0 0 0 0 0 0 0 2349 1563 1314 1314 0 0 0 0 0 0 0 2350 1564 76 76 0 0 0 0 0 0 0 2390 1568 1313 1313 0 0 0 0 0 0 0 2350 1564 76 76 0 0 0 0 0 0 0 2388 88 76 76 0 0 0 0 0 0 0 2348 1562 1313 1313 0 0 0 0 0 0 0 2350 1564 76 76 0 0 0 0 0 0 0 2390 1568 1313 1313 0 0 0 0 0 0 0 2389 1566 1314 1314 0 0 0 0 0 0 0 2348 1562 1313 1313 0 0 0 0 0 0 0 2390 1568 1313 1313 0 0 0 0 0 0 0 2343 1558 1310 1310 0 0 0 0 0 0 0 2338 1555 1308 1308 0 0 0 0 0 0 0 2337 1554 1307 1307 0 0 0 0 0 0 0 2337 1554 1307 1307 0 0 0 0 0 0 0 2377 1580 1320 1320 0 0 0 0 0 0 0 2343 1558 1310 1310 0 0 0 0 0 0 0 2376 1574 1319 1319 0 0 0 0 0 0 0 2377 1580 1320 1320 0 0 0 0 0 0 0 2337 1554 1307 1307 0 0 0 0 0 0 0 2346 1560 1311 1311 0 0 0 0 0 0 0 2338 1555 1308 1308 0 0 0 0 0 0 0 2343 1558 1310 1310 0 0 0 0 0 0 0 2342 80 74 74 0 0 0 0 0 0 0 2346 1560 1311 1311 0 0 0 0 0 0 0 2343 1558 1310 1310 0 0 0 0 0 0 0 2377 1580 1320 1320 0 0 0 0 0 0 0 2341 93 78 78 0 0 0 0 0 0 0 2343 1558 1310 1310 0 0 0 0 0 0 0 2341 93 78 78 0 0 0 0 0 0 0 2342 80 74 74 0 0 0 0 0 0 0 2343 1558 1310 1310 0 0 0 0 0 0 0 2346 1560 1311 1311 0 0 0 0 0 0 0 2344 1559 348 348 0 0 0 0 0 0 0 2338 1555 1308 1308 0 0 0 0 0 0 0 2345 140 114 114 0 0 0 0 0 0 0 2346 1560 1311 1311 0 0 0 0 0 0 0 2342 80 74 74 0 0 0 0 0 0 0 2345 140 114 114 0 0 0 0 0 0 0 2344 1559 348 348 0 0 0 0 0 0 0 2346 1560 1311 1311 0 0 0 0 0 0 0 235 139 113 113 0 0 0 0 0 0 0 2344 1559 348 348 0 0 0 0 0 0 0 2345 140 114 114 0 0 0 0 0 0 0 235 139 113 113 0 0 0 0 0 0 0 2385 81 73 73 0 0 0 0 0 0 0 2386 1559 348 348 0 0 0 0 0 0 0 235 139 113 113 0 0 0 0 0 0 0 236 140 114 114 0 0 0 0 0 0 0 237 81 73 73 0 0 0 0 0 0 0 2386 1559 348 348 0 0 0 0 0 0 0 2385 81 73 73 0 0 0 0 0 0 0 2387 1557 341 341 0 0 0 0 0 0 0 237 81 73 73 0 0 0 0 0 0 0 236 140 114 114 0 0 0 0 0 0 0 238 80 74 74 0 0 0 0 0 0 0 157 92 78 78 0 0 0 0 0 0 0 158 88 76 76 0 0 0 0 0 0 0 159 84 72 72 0 0 0 0 0 0 0 160 78 72 72 0 0 0 0 0 0 0 161 80 74 74 0 0 0 0 0 0 0 162 93 78 78 0 0 0 0 0 0 0 163 94 69 69 0 0 0 0 0 0 0 164 94 79 79 0 0 0 0 0 0 0 165 94 71 71 0 0 0 0 0 0 0 166 95 80 80 0 0 0 0 0 0 0 2849 1914 57 57 0 0 0 0 0 0 0 167 96 80 80 0 0 0 0 0 0 0 166 95 80 80 0 0 0 0 0 0 0 167 96 80 80 0 0 0 0 0 0 0 168 97 81 81 0 0 0 0 0 0 0 167 96 80 80 0 0 0 0 0 0 0 2849 1914 57 57 0 0 0 0 0 0 0 168 97 81 81 0 0 0 0 0 0 0 169 98 82 82 0 0 0 0 0 0 0 2863 1920 41 41 0 0 0 0 0 0 0 176 102 84 84 0 0 0 0 0 0 0 171 100 83 83 0 0 0 0 0 0 0 2863 1920 41 41 0 0 0 0 0 0 0 169 98 82 82 0 0 0 0 0 0 0 176 102 84 84 0 0 0 0 0 0 0 170 99 40 40 0 0 0 0 0 0 0 169 98 82 82 0 0 0 0 0 0 0 169 98 82 82 0 0 0 0 0 0 0 170 99 40 40 0 0 0 0 0 0 0 171 100 83 83 0 0 0 0 0 0 0 174 101 82 82 0 0 0 0 0 0 0 2864 1920 41 41 0 0 0 0 0 0 0 172 100 83 83 0 0 0 0 0 0 0 172 100 83 83 0 0 0 0 0 0 0 173 99 40 40 0 0 0 0 0 0 0 174 101 82 82 0 0 0 0 0 0 0 175 102 84 84 0 0 0 0 0 0 0 2864 1920 41 41 0 0 0 0 0 0 0 174 101 82 82 0 0 0 0 0 0 0 174 101 82 82 0 0 0 0 0 0 0 173 99 40 40 0 0 0 0 0 0 0 175 102 84 84 0 0 0 0 0 0 0 177 103 76 76 0 0 0 0 0 0 0 178 104 85 85 0 0 0 0 0 0 0 179 105 78 78 0 0 0 0 0 0 0 2875 104 85 85 0 0 0 0 0 0 0 181 106 86 86 0 0 0 0 0 0 0 180 105 78 78 0 0 0 0 0 0 0 180 105 78 78 0 0 0 0 0 0 0 181 106 86 86 0 0 0 0 0 0 0 182 103 76 76 0 0 0 0 0 0 0 182 103 76 76 0 0 0 0 0 0 0 181 106 86 86 0 0 0 0 0 0 0 2875 104 85 85 0 0 0 0 0 0 0 183 107 57 57 0 0 0 0 0 0 0 185 109 88 88 0 0 0 0 0 0 0 2885 110 79 79 0 0 0 0 0 0 0 183 107 57 57 0 0 0 0 0 0 0 184 108 87 87 0 0 0 0 0 0 0 185 109 88 88 0 0 0 0 0 0 0 186 107 57 57 0 0 0 0 0 0 0 187 110 79 79 0 0 0 0 0 0 0 188 108 87 87 0 0 0 0 0 0 0 189 109 88 88 0 0 0 0 0 0 0 188 108 87 87 0 0 0 0 0 0 0 187 110 79 79 0 0 0 0 0 0 0 190 111 48 48 0 0 0 0 0 0 0 219 128 102 102 0 0 0 0 0 0 0 191 112 89 89 0 0 0 0 0 0 0 218 131 105 105 0 0 0 0 0 0 0 219 128 102 102 0 0 0 0 0 0 0 190 111 48 48 0 0 0 0 0 0 0 190 111 48 48 0 0 0 0 0 0 0 191 112 89 89 0 0 0 0 0 0 0 192 113 90 90 0 0 0 0 0 0 0 193 114 91 91 0 0 0 0 0 0 0 194 115 44 44 0 0 0 0 0 0 0 195 116 92 92 0 0 0 0 0 0 0 194 115 44 44 0 0 0 0 0 0 0 228 129 103 103 0 0 0 0 0 0 0 196 117 93 93 0 0 0 0 0 0 0 227 113 90 90 0 0 0 0 0 0 0 228 129 103 103 0 0 0 0 0 0 0 194 115 44 44 0 0 0 0 0 0 0 195 116 92 92 0 0 0 0 0 0 0 194 115 44 44 0 0 0 0 0 0 0 196 117 93 93 0 0 0 0 0 0 0 667 427 345 345 0 0 0 0 0 0 0 197 118 94 94 0 0 0 0 0 0 0 689 436 354 354 0 0 0 0 0 0 0 198 119 95 95 0 0 0 0 0 0 0 197 118 94 94 0 0 0 0 0 0 0 667 427 345 345 0 0 0 0 0 0 0 687 430 348 348 0 0 0 0 0 0 0 197 118 94 94 0 0 0 0 0 0 0 685 116 92 92 0 0 0 0 0 0 0 689 436 354 354 0 0 0 0 0 0 0 197 118 94 94 0 0 0 0 0 0 0 687 430 348 348 0 0 0 0 0 0 0 197 118 94 94 0 0 0 0 0 0 0 198 119 95 95 0 0 0 0 0 0 0 199 120 40 40 0 0 0 0 0 0 0 689 436 354 354 0 0 0 0 0 0 0 690 437 338 338 0 0 0 0 0 0 0 667 427 345 345 0 0 0 0 0 0 0 667 427 345 345 0 0 0 0 0 0 0 668 428 346 346 0 0 0 0 0 0 0 198 119 95 95 0 0 0 0 0 0 0 198 119 95 95 0 0 0 0 0 0 0 668 428 346 346 0 0 0 0 0 0 0 669 424 342 342 0 0 0 0 0 0 0 199 120 40 40 0 0 0 0 0 0 0 198 119 95 95 0 0 0 0 0 0 0 200 121 96 96 0 0 0 0 0 0 0 685 116 92 92 0 0 0 0 0 0 0 686 117 93 93 0 0 0 0 0 0 0 687 430 348 348 0 0 0 0 0 0 0 687 430 348 348 0 0 0 0 0 0 0 686 117 93 93 0 0 0 0 0 0 0 688 431 349 349 0 0 0 0 0 0 0 688 431 349 349 0 0 0 0 0 0 0 686 117 93 93 0 0 0 0 0 0 0 700 129 103 103 0 0 0 0 0 0 0 700 129 103 103 0 0 0 0 0 0 0 3120 429 347 347 0 0 0 0 0 0 0 688 431 349 349 0 0 0 0 0 0 0 201 122 97 97 0 0 0 0 0 0 0 717 454 370 370 0 0 0 0 0 0 0 209 126 100 100 0 0 0 0 0 0 0 209 126 100 100 0 0 0 0 0 0 0 210 123 98 98 0 0 0 0 0 0 0 201 122 97 97 0 0 0 0 0 0 0 201 122 97 97 0 0 0 0 0 0 0 202 123 98 98 0 0 0 0 0 0 0 203 124 62 62 0 0 0 0 0 0 0 717 454 370 370 0 0 0 0 0 0 0 718 451 367 367 0 0 0 0 0 0 0 209 126 100 100 0 0 0 0 0 0 0 3118 1990 54 54 0 0 0 0 0 0 0 203 124 62 62 0 0 0 0 0 0 0 204 125 99 99 0 0 0 0 0 0 0 203 124 62 62 0 0 0 0 0 0 0 202 123 98 98 0 0 0 0 0 0 0 204 125 99 99 0 0 0 0 0 0 0 711 450 366 366 0 0 0 0 0 0 0 202 123 98 98 0 0 0 0 0 0 0 708 448 364 364 0 0 0 0 0 0 0 204 125 99 99 0 0 0 0 0 0 0 202 123 98 98 0 0 0 0 0 0 0 711 450 366 366 0 0 0 0 0 0 0 709 449 365 365 0 0 0 0 0 0 0 202 123 98 98 0 0 0 0 0 0 0 710 126 100 100 0 0 0 0 0 0 0 708 448 364 364 0 0 0 0 0 0 0 202 123 98 98 0 0 0 0 0 0 0 709 449 365 365 0 0 0 0 0 0 0 204 125 99 99 0 0 0 0 0 0 0 3117 1989 1580 1580 0 0 0 0 0 0 0 3118 1990 54 54 0 0 0 0 0 0 0 204 125 99 99 0 0 0 0 0 0 0 711 450 366 366 0 0 0 0 0 0 0 3116 434 352 352 0 0 0 0 0 0 0 714 453 369 369 0 0 0 0 0 0 0 711 450 366 366 0 0 0 0 0 0 0 708 448 364 364 0 0 0 0 0 0 0 710 126 100 100 0 0 0 0 0 0 0 713 452 368 368 0 0 0 0 0 0 0 709 449 365 365 0 0 0 0 0 0 0 712 451 367 367 0 0 0 0 0 0 0 713 452 368 368 0 0 0 0 0 0 0 710 126 100 100 0 0 0 0 0 0 0 205 114 91 91 0 0 0 0 0 0 0 206 116 92 92 0 0 0 0 0 0 0 207 120 40 40 0 0 0 0 0 0 0 207 120 40 40 0 0 0 0 0 0 0 206 116 92 92 0 0 0 0 0 0 0 208 118 94 94 0 0 0 0 0 0 0 226 135 109 109 0 0 0 0 0 0 0 212 127 101 101 0 0 0 0 0 0 0 211 50 53 53 0 0 0 0 0 0 0 213 128 102 102 0 0 0 0 0 0 0 3174 52 50 50 0 0 0 0 0 0 0 211 50 53 53 0 0 0 0 0 0 0 211 50 53 53 0 0 0 0 0 0 0 212 127 101 101 0 0 0 0 0 0 0 213 128 102 102 0 0 0 0 0 0 0 226 135 109 109 0 0 0 0 0 0 0 3173 1989 1580 1580 0 0 0 0 0 0 0 225 125 99 99 0 0 0 0 0 0 0 225 125 99 99 0 0 0 0 0 0 0 212 127 101 101 0 0 0 0 0 0 0 226 135 109 109 0 0 0 0 0 0 0 192 113 90 90 0 0 0 0 0 0 0 214 112 89 89 0 0 0 0 0 0 0 215 129 103 103 0 0 0 0 0 0 0 216 130 104 104 0 0 0 0 0 0 0 214 112 89 89 0 0 0 0 0 0 0 217 128 102 102 0 0 0 0 0 0 0 215 129 103 103 0 0 0 0 0 0 0 214 112 89 89 0 0 0 0 0 0 0 216 130 104 104 0 0 0 0 0 0 0 224 134 108 108 0 0 0 0 0 0 0 666 426 344 344 0 0 0 0 0 0 0 215 129 103 103 0 0 0 0 0 0 0 216 130 104 104 0 0 0 0 0 0 0 224 134 108 108 0 0 0 0 0 0 0 215 129 103 103 0 0 0 0 0 0 0 217 128 102 102 0 0 0 0 0 0 0 677 432 350 350 0 0 0 0 0 0 0 216 130 104 104 0 0 0 0 0 0 0 677 432 350 350 0 0 0 0 0 0 0 665 425 343 343 0 0 0 0 0 0 0 216 130 104 104 0 0 0 0 0 0 0 216 130 104 104 0 0 0 0 0 0 0 665 425 343 343 0 0 0 0 0 0 0 224 134 108 108 0 0 0 0 0 0 0 701 445 361 361 0 0 0 0 0 0 0 677 432 350 350 0 0 0 0 0 0 0 217 128 102 102 0 0 0 0 0 0 0 217 128 102 102 0 0 0 0 0 0 0 220 127 101 101 0 0 0 0 0 0 0 701 445 361 361 0 0 0 0 0 0 0 677 432 350 350 0 0 0 0 0 0 0 702 445 361 361 0 0 0 0 0 0 0 703 446 362 362 0 0 0 0 0 0 0 680 435 353 353 0 0 0 0 0 0 0 704 447 363 363 0 0 0 0 0 0 0 702 445 361 361 0 0 0 0 0 0 0 703 446 362 362 0 0 0 0 0 0 0 702 445 361 361 0 0 0 0 0 0 0 704 447 363 363 0 0 0 0 0 0 0 680 435 353 353 0 0 0 0 0 0 0 698 443 359 359 0 0 0 0 0 0 0 704 447 363 363 0 0 0 0 0 0 0 699 444 360 360 0 0 0 0 0 0 0 680 435 353 353 0 0 0 0 0 0 0 679 434 352 352 0 0 0 0 0 0 0 698 443 359 359 0 0 0 0 0 0 0 680 435 353 353 0 0 0 0 0 0 0 699 444 360 360 0 0 0 0 0 0 0 678 433 351 351 0 0 0 0 0 0 0 679 434 352 352 0 0 0 0 0 0 0 680 435 353 353 0 0 0 0 0 0 0 682 133 107 107 0 0 0 0 0 0 0 679 434 352 352 0 0 0 0 0 0 0 678 433 351 351 0 0 0 0 0 0 0 715 453 369 369 0 0 0 0 0 0 0 679 434 352 352 0 0 0 0 0 0 0 716 450 366 366 0 0 0 0 0 0 0 699 444 360 360 0 0 0 0 0 0 0 679 434 352 352 0 0 0 0 0 0 0 715 453 369 369 0 0 0 0 0 0 0 681 125 99 99 0 0 0 0 0 0 0 679 434 352 352 0 0 0 0 0 0 0 682 133 107 107 0 0 0 0 0 0 0 701 445 361 361 0 0 0 0 0 0 0 220 127 101 101 0 0 0 0 0 0 0 229 136 110 110 0 0 0 0 0 0 0 222 132 106 106 0 0 0 0 0 0 0 229 136 110 110 0 0 0 0 0 0 0 220 127 101 101 0 0 0 0 0 0 0 220 127 101 101 0 0 0 0 0 0 0 221 125 99 99 0 0 0 0 0 0 0 222 132 106 106 0 0 0 0 0 0 0 701 445 361 361 0 0 0 0 0 0 0 222 132 106 106 0 0 0 0 0 0 0 683 435 353 353 0 0 0 0 0 0 0 229 136 110 110 0 0 0 0 0 0 0 222 132 106 106 0 0 0 0 0 0 0 701 445 361 361 0 0 0 0 0 0 0 222 132 106 106 0 0 0 0 0 0 0 223 133 107 107 0 0 0 0 0 0 0 683 435 353 353 0 0 0 0 0 0 0 222 132 106 106 0 0 0 0 0 0 0 221 125 99 99 0 0 0 0 0 0 0 223 133 107 107 0 0 0 0 0 0 0 683 435 353 353 0 0 0 0 0 0 0 223 133 107 107 0 0 0 0 0 0 0 684 433 351 351 0 0 0 0 0 0 0 224 134 108 108 0 0 0 0 0 0 0 665 425 343 343 0 0 0 0 0 0 0 666 426 344 344 0 0 0 0 0 0 0 218 131 105 105 0 0 0 0 0 0 0 230 52 50 50 0 0 0 0 0 0 0 231 128 102 102 0 0 0 0 0 0 0 239 141 115 115 0 0 0 0 0 0 0 243 145 119 119 0 0 0 0 0 0 0 246 147 121 121 0 0 0 0 0 0 0 244 146 120 120 0 0 0 0 0 0 0 239 141 115 115 0 0 0 0 0 0 0 245 143 117 117 0 0 0 0 0 0 0 243 145 119 119 0 0 0 0 0 0 0 239 141 115 115 0 0 0 0 0 0 0 244 146 120 120 0 0 0 0 0 0 0 239 141 115 115 0 0 0 0 0 0 0 240 142 116 116 0 0 0 0 0 0 0 241 143 117 117 0 0 0 0 0 0 0 244 146 120 120 0 0 0 0 0 0 0 274 161 119 119 0 0 0 0 0 0 0 243 145 119 119 0 0 0 0 0 0 0 274 161 119 119 0 0 0 0 0 0 0 249 149 122 122 0 0 0 0 0 0 0 243 145 119 119 0 0 0 0 0 0 0 246 147 121 121 0 0 0 0 0 0 0 243 145 119 119 0 0 0 0 0 0 0 249 149 122 122 0 0 0 0 0 0 0 249 149 122 122 0 0 0 0 0 0 0 250 150 123 123 0 0 0 0 0 0 0 246 147 121 121 0 0 0 0 0 0 0 246 147 121 121 0 0 0 0 0 0 0 247 148 121 121 0 0 0 0 0 0 0 248 141 115 115 0 0 0 0 0 0 0 273 160 131 131 0 0 0 0 0 0 0 249 149 122 122 0 0 0 0 0 0 0 274 161 119 119 0 0 0 0 0 0 0 253 152 124 124 0 0 0 0 0 0 0 250 150 123 123 0 0 0 0 0 0 0 249 149 122 122 0 0 0 0 0 0 0 275 163 120 120 0 0 0 0 0 0 0 274 161 119 119 0 0 0 0 0 0 0 244 146 120 120 0 0 0 0 0 0 0 269 159 124 124 0 0 0 0 0 0 0 257 155 127 127 0 0 0 0 0 0 0 253 152 124 124 0 0 0 0 0 0 0 256 154 126 126 0 0 0 0 0 0 0 253 152 124 124 0 0 0 0 0 0 0 257 155 127 127 0 0 0 0 0 0 0 250 150 123 123 0 0 0 0 0 0 0 253 152 124 124 0 0 0 0 0 0 0 256 154 126 126 0 0 0 0 0 0 0 256 154 126 126 0 0 0 0 0 0 0 255 151 123 123 0 0 0 0 0 0 0 250 150 123 123 0 0 0 0 0 0 0 250 150 123 123 0 0 0 0 0 0 0 251 151 123 123 0 0 0 0 0 0 0 252 147 121 121 0 0 0 0 0 0 0 258 156 128 128 0 0 0 0 0 0 0 256 154 126 126 0 0 0 0 0 0 0 257 155 127 127 0 0 0 0 0 0 0 256 154 126 126 0 0 0 0 0 0 0 258 156 128 128 0 0 0 0 0 0 0 259 153 125 125 0 0 0 0 0 0 0 254 153 125 125 0 0 0 0 0 0 0 255 151 123 123 0 0 0 0 0 0 0 256 154 126 126 0 0 0 0 0 0 0 261 158 130 130 0 0 0 0 0 0 0 257 155 127 127 0 0 0 0 0 0 0 269 159 124 124 0 0 0 0 0 0 0 260 157 129 129 0 0 0 0 0 0 0 257 155 127 127 0 0 0 0 0 0 0 261 158 130 130 0 0 0 0 0 0 0 269 159 124 124 0 0 0 0 0 0 0 270 152 124 124 0 0 0 0 0 0 0 271 160 131 131 0 0 0 0 0 0 0 271 160 131 131 0 0 0 0 0 0 0 270 152 124 124 0 0 0 0 0 0 0 272 149 122 122 0 0 0 0 0 0 0 260 157 129 129 0 0 0 0 0 0 0 261 158 130 130 0 0 0 0 0 0 0 264 156 128 128 0 0 0 0 0 0 0 262 158 130 130 0 0 0 0 0 0 0 251 151 123 123 0 0 0 0 0 0 0 254 153 125 125 0 0 0 0 0 0 0 262 158 130 130 0 0 0 0 0 0 0 254 153 125 125 0 0 0 0 0 0 0 263 156 128 128 0 0 0 0 0 0 0 266 160 131 131 0 0 0 0 0 0 0 251 151 123 123 0 0 0 0 0 0 0 265 159 124 124 0 0 0 0 0 0 0 247 148 121 121 0 0 0 0 0 0 0 251 151 123 123 0 0 0 0 0 0 0 266 160 131 131 0 0 0 0 0 0 0 265 159 124 124 0 0 0 0 0 0 0 251 151 123 123 0 0 0 0 0 0 0 262 158 130 130 0 0 0 0 0 0 0 252 147 121 121 0 0 0 0 0 0 0 251 151 123 123 0 0 0 0 0 0 0 247 148 121 121 0 0 0 0 0 0 0 267 161 119 119 0 0 0 0 0 0 0 247 148 121 121 0 0 0 0 0 0 0 266 160 131 131 0 0 0 0 0 0 0 240 142 116 116 0 0 0 0 0 0 0 247 148 121 121 0 0 0 0 0 0 0 267 161 119 119 0 0 0 0 0 0 0 248 141 115 115 0 0 0 0 0 0 0 247 148 121 121 0 0 0 0 0 0 0 240 142 116 116 0 0 0 0 0 0 0 267 161 119 119 0 0 0 0 0 0 0 242 144 118 118 0 0 0 0 0 0 0 240 142 116 116 0 0 0 0 0 0 0 268 162 120 120 0 0 0 0 0 0 0 242 144 118 118 0 0 0 0 0 0 0 267 161 119 119 0 0 0 0 0 0 0 241 143 117 117 0 0 0 0 0 0 0 240 142 116 116 0 0 0 0 0 0 0 242 144 118 118 0 0 0 0 0 0 0 328 182 150 150 0 0 0 0 0 0 0 296 177 145 145 0 0 0 0 0 0 0 276 164 132 132 0 0 0 0 0 0 0 328 182 150 150 0 0 0 0 0 0 0 276 164 132 132 0 0 0 0 0 0 0 329 187 155 155 0 0 0 0 0 0 0 277 165 133 133 0 0 0 0 0 0 0 276 164 132 132 0 0 0 0 0 0 0 296 177 145 145 0 0 0 0 0 0 0 276 164 132 132 0 0 0 0 0 0 0 277 165 133 133 0 0 0 0 0 0 0 278 166 134 134 0 0 0 0 0 0 0 278 166 134 134 0 0 0 0 0 0 0 277 165 133 133 0 0 0 0 0 0 0 3169 183 151 151 0 0 0 0 0 0 0 278 166 134 134 0 0 0 0 0 0 0 3169 183 151 151 0 0 0 0 0 0 0 325 176 144 144 0 0 0 0 0 0 0 324 175 143 143 0 0 0 0 0 0 0 278 166 134 134 0 0 0 0 0 0 0 325 176 144 144 0 0 0 0 0 0 0 279 166 134 134 0 0 0 0 0 0 0 293 175 143 143 0 0 0 0 0 0 0 288 173 141 141 0 0 0 0 0 0 0 288 173 141 141 0 0 0 0 0 0 0 289 167 135 135 0 0 0 0 0 0 0 279 166 134 134 0 0 0 0 0 0 0 279 166 134 134 0 0 0 0 0 0 0 280 167 135 135 0 0 0 0 0 0 0 281 164 132 132 0 0 0 0 0 0 0 293 175 143 143 0 0 0 0 0 0 0 295 176 144 144 0 0 0 0 0 0 0 294 174 142 142 0 0 0 0 0 0 0 288 173 141 141 0 0 0 0 0 0 0 293 175 143 143 0 0 0 0 0 0 0 294 174 142 142 0 0 0 0 0 0 0 295 176 144 144 0 0 0 0 0 0 0 302 183 151 151 0 0 0 0 0 0 0 313 193 161 161 0 0 0 0 0 0 0 300 181 149 149 0 0 0 0 0 0 0 295 176 144 144 0 0 0 0 0 0 0 313 193 161 161 0 0 0 0 0 0 0 294 174 142 142 0 0 0 0 0 0 0 295 176 144 144 0 0 0 0 0 0 0 300 181 149 149 0 0 0 0 0 0 0 313 193 161 161 0 0 0 0 0 0 0 302 183 151 151 0 0 0 0 0 0 0 301 182 150 150 0 0 0 0 0 0 0 301 182 150 150 0 0 0 0 0 0 0 302 183 151 151 0 0 0 0 0 0 0 303 165 133 133 0 0 0 0 0 0 0 306 186 154 154 0 0 0 0 0 0 0 313 193 161 161 0 0 0 0 0 0 0 307 187 155 155 0 0 0 0 0 0 0 307 187 155 155 0 0 0 0 0 0 0 313 193 161 161 0 0 0 0 0 0 0 301 182 150 150 0 0 0 0 0 0 0 300 181 149 149 0 0 0 0 0 0 0 313 193 161 161 0 0 0 0 0 0 0 314 172 140 140 0 0 0 0 0 0 0 301 182 150 150 0 0 0 0 0 0 0 303 165 133 133 0 0 0 0 0 0 0 330 177 145 145 0 0 0 0 0 0 0 307 187 155 155 0 0 0 0 0 0 0 322 195 163 163 0 0 0 0 0 0 0 308 188 156 156 0 0 0 0 0 0 0 322 195 163 163 0 0 0 0 0 0 0 307 187 155 155 0 0 0 0 0 0 0 323 179 147 147 0 0 0 0 0 0 0 306 186 154 154 0 0 0 0 0 0 0 307 187 155 155 0 0 0 0 0 0 0 308 188 156 156 0 0 0 0 0 0 0 311 191 159 159 0 0 0 0 0 0 0 306 186 154 154 0 0 0 0 0 0 0 308 188 156 156 0 0 0 0 0 0 0 306 186 154 154 0 0 0 0 0 0 0 311 191 159 159 0 0 0 0 0 0 0 312 192 160 160 0 0 0 0 0 0 0 308 188 156 156 0 0 0 0 0 0 0 322 195 163 163 0 0 0 0 0 0 0 333 196 164 164 0 0 0 0 0 0 0 308 188 156 156 0 0 0 0 0 0 0 336 198 166 166 0 0 0 0 0 0 0 311 191 159 159 0 0 0 0 0 0 0 333 196 164 164 0 0 0 0 0 0 0 336 198 166 166 0 0 0 0 0 0 0 308 188 156 156 0 0 0 0 0 0 0 333 196 164 164 0 0 0 0 0 0 0 322 195 163 163 0 0 0 0 0 0 0 331 178 146 146 0 0 0 0 0 0 0 336 198 166 166 0 0 0 0 0 0 0 333 196 164 164 0 0 0 0 0 0 0 332 184 152 152 0 0 0 0 0 0 0 331 178 146 146 0 0 0 0 0 0 0 332 184 152 152 0 0 0 0 0 0 0 333 196 164 164 0 0 0 0 0 0 0 332 184 152 152 0 0 0 0 0 0 0 334 197 165 165 0 0 0 0 0 0 0 336 198 166 166 0 0 0 0 0 0 0 337 199 167 167 0 0 0 0 0 0 0 336 198 166 166 0 0 0 0 0 0 0 334 197 165 165 0 0 0 0 0 0 0 311 191 159 159 0 0 0 0 0 0 0 336 198 166 166 0 0 0 0 0 0 0 337 199 167 167 0 0 0 0 0 0 0 311 191 159 159 0 0 0 0 0 0 0 3168 194 162 162 0 0 0 0 0 0 0 312 192 160 160 0 0 0 0 0 0 0 334 197 165 165 0 0 0 0 0 0 0 332 184 152 152 0 0 0 0 0 0 0 335 189 157 157 0 0 0 0 0 0 0 281 164 132 132 0 0 0 0 0 0 0 280 167 135 135 0 0 0 0 0 0 0 282 168 136 136 0 0 0 0 0 0 0 280 167 135 135 0 0 0 0 0 0 0 292 174 142 142 0 0 0 0 0 0 0 287 172 140 140 0 0 0 0 0 0 0 280 167 135 135 0 0 0 0 0 0 0 291 173 141 141 0 0 0 0 0 0 0 292 174 142 142 0 0 0 0 0 0 0 282 168 136 136 0 0 0 0 0 0 0 280 167 135 135 0 0 0 0 0 0 0 287 172 140 140 0 0 0 0 0 0 0 282 168 136 136 0 0 0 0 0 0 0 3285 170 138 138 0 0 0 0 0 0 0 3286 169 137 137 0 0 0 0 0 0 0 286 171 139 139 0 0 0 0 0 0 0 3285 170 138 138 0 0 0 0 0 0 0 282 168 136 136 0 0 0 0 0 0 0 286 171 139 139 0 0 0 0 0 0 0 282 168 136 136 0 0 0 0 0 0 0 287 172 140 140 0 0 0 0 0 0 0 292 174 142 142 0 0 0 0 0 0 0 3287 181 149 149 0 0 0 0 0 0 0 287 172 140 140 0 0 0 0 0 0 0 298 179 147 147 0 0 0 0 0 0 0 286 171 139 139 0 0 0 0 0 0 0 287 172 140 140 0 0 0 0 0 0 0 299 180 148 148 0 0 0 0 0 0 0 298 179 147 147 0 0 0 0 0 0 0 287 172 140 140 0 0 0 0 0 0 0 286 171 139 139 0 0 0 0 0 0 0 298 179 147 147 0 0 0 0 0 0 0 3167 187 155 155 0 0 0 0 0 0 0 298 179 147 147 0 0 0 0 0 0 0 297 178 146 146 0 0 0 0 0 0 0 3166 195 163 163 0 0 0 0 0 0 0 297 178 146 146 0 0 0 0 0 0 0 298 179 147 147 0 0 0 0 0 0 0 299 180 148 148 0 0 0 0 0 0 0 299 180 148 148 0 0 0 0 0 0 0 320 192 160 160 0 0 0 0 0 0 0 305 185 153 153 0 0 0 0 0 0 0 319 186 154 154 0 0 0 0 0 0 0 320 192 160 160 0 0 0 0 0 0 0 299 180 148 148 0 0 0 0 0 0 0 305 185 153 153 0 0 0 0 0 0 0 297 178 146 146 0 0 0 0 0 0 0 299 180 148 148 0 0 0 0 0 0 0 304 184 152 152 0 0 0 0 0 0 0 297 178 146 146 0 0 0 0 0 0 0 305 185 153 153 0 0 0 0 0 0 0 321 194 162 162 0 0 0 0 0 0 0 305 185 153 153 0 0 0 0 0 0 0 320 192 160 160 0 0 0 0 0 0 0 310 190 158 158 0 0 0 0 0 0 0 305 185 153 153 0 0 0 0 0 0 0 321 194 162 162 0 0 0 0 0 0 0 310 190 158 158 0 0 0 0 0 0 0 304 184 152 152 0 0 0 0 0 0 0 305 185 153 153 0 0 0 0 0 0 0 309 189 157 157 0 0 0 0 0 0 0 304 184 152 152 0 0 0 0 0 0 0 310 190 158 158 0 0 0 0 0 0 0 283 169 137 137 0 0 0 0 0 0 0 285 164 132 132 0 0 0 0 0 0 0 290 168 136 136 0 0 0 0 0 0 0 283 169 137 137 0 0 0 0 0 0 0 284 170 138 138 0 0 0 0 0 0 0 285 164 132 132 0 0 0 0 0 0 0 326 171 139 139 0 0 0 0 0 0 0 285 164 132 132 0 0 0 0 0 0 0 284 170 138 138 0 0 0 0 0 0 0 285 164 132 132 0 0 0 0 0 0 0 326 171 139 139 0 0 0 0 0 0 0 327 187 155 155 0 0 0 0 0 0 0 315 193 161 161 0 0 0 0 0 0 0 316 186 154 154 0 0 0 0 0 0 0 317 172 140 140 0 0 0 0 0 0 0 317 172 140 140 0 0 0 0 0 0 0 316 186 154 154 0 0 0 0 0 0 0 318 180 148 148 0 0 0 0 0 0 0 338 200 168 168 0 0 0 0 0 0 0 340 202 170 170 0 0 0 0 0 0 0 342 204 172 172 0 0 0 0 0 0 0 342 204 172 172 0 0 0 0 0 0 0 343 205 173 173 0 0 0 0 0 0 0 338 200 168 168 0 0 0 0 0 0 0 338 200 168 168 0 0 0 0 0 0 0 339 201 169 169 0 0 0 0 0 0 0 340 202 170 170 0 0 0 0 0 0 0 340 202 170 170 0 0 0 0 0 0 0 345 207 174 174 0 0 0 0 0 0 0 342 204 172 172 0 0 0 0 0 0 0 341 203 171 171 0 0 0 0 0 0 0 345 207 174 174 0 0 0 0 0 0 0 340 202 170 170 0 0 0 0 0 0 0 340 202 170 170 0 0 0 0 0 0 0 339 201 169 169 0 0 0 0 0 0 0 341 203 171 171 0 0 0 0 0 0 0 345 207 174 174 0 0 0 0 0 0 0 341 203 171 171 0 0 0 0 0 0 0 339 201 169 169 0 0 0 0 0 0 0 339 201 169 169 0 0 0 0 0 0 0 344 206 174 174 0 0 0 0 0 0 0 345 207 174 174 0 0 0 0 0 0 0 345 207 174 174 0 0 0 0 0 0 0 346 206 174 174 0 0 0 0 0 0 0 347 204 172 172 0 0 0 0 0 0 0 346 206 174 174 0 0 0 0 0 0 0 350 200 168 168 0 0 0 0 0 0 0 348 205 173 173 0 0 0 0 0 0 0 349 201 169 169 0 0 0 0 0 0 0 350 200 168 168 0 0 0 0 0 0 0 346 206 174 174 0 0 0 0 0 0 0 347 204 172 172 0 0 0 0 0 0 0 346 206 174 174 0 0 0 0 0 0 0 348 205 173 173 0 0 0 0 0 0 0 352 209 175 175 0 0 0 0 0 0 0 351 208 175 175 0 0 0 0 0 0 0 3165 213 179 179 0 0 0 0 0 0 0 351 208 175 175 0 0 0 0 0 0 0 352 209 175 175 0 0 0 0 0 0 0 353 210 176 176 0 0 0 0 0 0 0 359 215 179 179 0 0 0 0 0 0 0 354 211 177 177 0 0 0 0 0 0 0 352 209 175 175 0 0 0 0 0 0 0 353 210 176 176 0 0 0 0 0 0 0 352 209 175 175 0 0 0 0 0 0 0 354 211 177 177 0 0 0 0 0 0 0 353 210 176 176 0 0 0 0 0 0 0 358 214 180 180 0 0 0 0 0 0 0 3164 216 180 180 0 0 0 0 0 0 0 353 210 176 176 0 0 0 0 0 0 0 354 211 177 177 0 0 0 0 0 0 0 358 214 180 180 0 0 0 0 0 0 0 358 214 180 180 0 0 0 0 0 0 0 354 211 177 177 0 0 0 0 0 0 0 359 215 179 179 0 0 0 0 0 0 0 358 214 180 180 0 0 0 0 0 0 0 359 215 179 179 0 0 0 0 0 0 0 360 212 178 178 0 0 0 0 0 0 0 355 208 175 175 0 0 0 0 0 0 0 3162 210 176 176 0 0 0 0 0 0 0 361 216 180 180 0 0 0 0 0 0 0 361 216 180 180 0 0 0 0 0 0 0 356 212 178 178 0 0 0 0 0 0 0 355 208 175 175 0 0 0 0 0 0 0 355 208 175 175 0 0 0 0 0 0 0 356 212 178 178 0 0 0 0 0 0 0 357 213 179 179 0 0 0 0 0 0 0 356 212 178 178 0 0 0 0 0 0 0 361 216 180 180 0 0 0 0 0 0 0 3163 214 180 180 0 0 0 0 0 0 0 363 218 182 182 0 0 0 0 0 0 0 362 217 181 181 0 0 0 0 0 0 0 366 221 184 184 0 0 0 0 0 0 0 362 217 181 181 0 0 0 0 0 0 0 364 219 183 183 0 0 0 0 0 0 0 366 221 184 184 0 0 0 0 0 0 0 362 217 181 181 0 0 0 0 0 0 0 363 218 182 182 0 0 0 0 0 0 0 364 219 183 183 0 0 0 0 0 0 0 366 221 184 184 0 0 0 0 0 0 0 367 222 185 185 0 0 0 0 0 0 0 363 218 182 182 0 0 0 0 0 0 0 364 219 183 183 0 0 0 0 0 0 0 363 218 182 182 0 0 0 0 0 0 0 365 220 175 175 0 0 0 0 0 0 0 366 221 184 184 0 0 0 0 0 0 0 364 219 183 183 0 0 0 0 0 0 0 377 224 178 178 0 0 0 0 0 0 0 377 224 178 178 0 0 0 0 0 0 0 364 219 183 183 0 0 0 0 0 0 0 365 220 175 175 0 0 0 0 0 0 0 368 220 175 175 0 0 0 0 0 0 0 369 223 179 179 0 0 0 0 0 0 0 370 224 178 178 0 0 0 0 0 0 0 371 224 178 178 0 0 0 0 0 0 0 372 225 179 179 0 0 0 0 0 0 0 373 221 184 184 0 0 0 0 0 0 0 372 225 179 179 0 0 0 0 0 0 0 375 220 175 175 0 0 0 0 0 0 0 374 222 185 185 0 0 0 0 0 0 0 373 221 184 184 0 0 0 0 0 0 0 372 225 179 179 0 0 0 0 0 0 0 374 222 185 185 0 0 0 0 0 0 0 374 222 185 185 0 0 0 0 0 0 0 375 220 175 175 0 0 0 0 0 0 0 376 218 182 182 0 0 0 0 0 0 0 378 226 186 186 0 0 0 0 0 0 0 390 232 192 192 0 0 0 0 0 0 0 391 233 193 193 0 0 0 0 0 0 0 389 235 195 195 0 0 0 0 0 0 0 390 232 192 192 0 0 0 0 0 0 0 378 226 186 186 0 0 0 0 0 0 0 380 228 188 188 0 0 0 0 0 0 0 389 235 195 195 0 0 0 0 0 0 0 378 226 186 186 0 0 0 0 0 0 0 378 226 186 186 0 0 0 0 0 0 0 379 227 187 187 0 0 0 0 0 0 0 380 228 188 188 0 0 0 0 0 0 0 388 234 194 194 0 0 0 0 0 0 0 389 235 195 195 0 0 0 0 0 0 0 380 228 188 188 0 0 0 0 0 0 0 384 231 191 191 0 0 0 0 0 0 0 382 228 188 188 0 0 0 0 0 0 0 381 229 189 189 0 0 0 0 0 0 0 385 232 192 192 0 0 0 0 0 0 0 381 229 189 189 0 0 0 0 0 0 0 386 233 193 193 0 0 0 0 0 0 0 384 231 191 191 0 0 0 0 0 0 0 381 229 189 189 0 0 0 0 0 0 0 385 232 192 192 0 0 0 0 0 0 0 381 229 189 189 0 0 0 0 0 0 0 382 228 188 188 0 0 0 0 0 0 0 383 230 190 190 0 0 0 0 0 0 0 384 231 191 191 0 0 0 0 0 0 0 3284 235 195 195 0 0 0 0 0 0 0 387 234 194 194 0 0 0 0 0 0 0 385 232 192 192 0 0 0 0 0 0 0 3284 235 195 195 0 0 0 0 0 0 0 384 231 191 191 0 0 0 0 0 0 0 387 234 194 194 0 0 0 0 0 0 0 382 228 188 188 0 0 0 0 0 0 0 384 231 191 191 0 0 0 0 0 0 0 422 242 202 202 0 0 0 0 0 0 0 393 237 197 197 0 0 0 0 0 0 0 392 236 196 196 0 0 0 0 0 0 0 3161 240 200 200 0 0 0 0 0 0 0 422 242 202 202 0 0 0 0 0 0 0 392 236 196 196 0 0 0 0 0 0 0 392 236 196 196 0 0 0 0 0 0 0 393 237 197 197 0 0 0 0 0 0 0 394 238 198 198 0 0 0 0 0 0 0 422 242 202 202 0 0 0 0 0 0 0 401 244 204 204 0 0 0 0 0 0 0 393 237 197 197 0 0 0 0 0 0 0 395 239 199 199 0 0 0 0 0 0 0 393 237 197 197 0 0 0 0 0 0 0 401 244 204 204 0 0 0 0 0 0 0 394 238 198 198 0 0 0 0 0 0 0 393 237 197 197 0 0 0 0 0 0 0 395 239 199 199 0 0 0 0 0 0 0 394 238 198 198 0 0 0 0 0 0 0 395 239 199 199 0 0 0 0 0 0 0 408 245 205 205 0 0 0 0 0 0 0 407 247 207 207 0 0 0 0 0 0 0 394 238 198 198 0 0 0 0 0 0 0 408 245 205 205 0 0 0 0 0 0 0 408 245 205 205 0 0 0 0 0 0 0 395 239 199 199 0 0 0 0 0 0 0 401 244 204 204 0 0 0 0 0 0 0 396 240 200 200 0 0 0 0 0 0 0 399 243 203 203 0 0 0 0 0 0 0 397 241 201 201 0 0 0 0 0 0 0 396 240 200 200 0 0 0 0 0 0 0 397 241 201 201 0 0 0 0 0 0 0 398 242 202 202 0 0 0 0 0 0 0 399 243 203 203 0 0 0 0 0 0 0 405 248 208 208 0 0 0 0 0 0 0 406 249 209 209 0 0 0 0 0 0 0 397 241 201 201 0 0 0 0 0 0 0 399 243 203 203 0 0 0 0 0 0 0 406 249 209 209 0 0 0 0 0 0 0 400 244 204 204 0 0 0 0 0 0 0 397 241 201 201 0 0 0 0 0 0 0 406 249 209 209 0 0 0 0 0 0 0 398 242 202 202 0 0 0 0 0 0 0 397 241 201 201 0 0 0 0 0 0 0 400 244 204 204 0 0 0 0 0 0 0 406 249 209 209 0 0 0 0 0 0 0 403 246 206 206 0 0 0 0 0 0 0 400 244 204 204 0 0 0 0 0 0 0 406 249 209 209 0 0 0 0 0 0 0 405 248 208 208 0 0 0 0 0 0 0 403 246 206 206 0 0 0 0 0 0 0 404 247 207 207 0 0 0 0 0 0 0 403 246 206 206 0 0 0 0 0 0 0 405 248 208 208 0 0 0 0 0 0 0 402 245 205 205 0 0 0 0 0 0 0 400 244 204 204 0 0 0 0 0 0 0 403 246 206 206 0 0 0 0 0 0 0 402 245 205 205 0 0 0 0 0 0 0 403 246 206 206 0 0 0 0 0 0 0 404 247 207 207 0 0 0 0 0 0 0 409 250 210 210 0 0 0 0 0 0 0 413 254 214 214 0 0 0 0 0 0 0 414 255 215 215 0 0 0 0 0 0 0 411 252 212 212 0 0 0 0 0 0 0 413 254 214 214 0 0 0 0 0 0 0 409 250 210 210 0 0 0 0 0 0 0 409 250 210 210 0 0 0 0 0 0 0 412 253 213 213 0 0 0 0 0 0 0 410 251 211 211 0 0 0 0 0 0 0 409 250 210 210 0 0 0 0 0 0 0 410 251 211 211 0 0 0 0 0 0 0 411 252 212 212 0 0 0 0 0 0 0 415 253 213 213 0 0 0 0 0 0 0 416 256 216 216 0 0 0 0 0 0 0 417 251 211 211 0 0 0 0 0 0 0 416 256 216 216 0 0 0 0 0 0 0 420 255 215 215 0 0 0 0 0 0 0 419 254 214 214 0 0 0 0 0 0 0 416 256 216 216 0 0 0 0 0 0 0 419 254 214 214 0 0 0 0 0 0 0 418 257 217 217 0 0 0 0 0 0 0 417 251 211 211 0 0 0 0 0 0 0 416 256 216 216 0 0 0 0 0 0 0 418 257 217 217 0 0 0 0 0 0 0 418 257 217 217 0 0 0 0 0 0 0 421 252 212 212 0 0 0 0 0 0 0 417 251 211 211 0 0 0 0 0 0 0 419 254 214 214 0 0 0 0 0 0 0 421 252 212 212 0 0 0 0 0 0 0 418 257 217 217 0 0 0 0 0 0 0 440 266 226 226 0 0 0 0 0 0 0 424 259 219 219 0 0 0 0 0 0 0 423 258 218 218 0 0 0 0 0 0 0 423 258 218 218 0 0 0 0 0 0 0 424 259 219 219 0 0 0 0 0 0 0 425 260 220 220 0 0 0 0 0 0 0 440 266 226 226 0 0 0 0 0 0 0 443 275 234 234 0 0 0 0 0 0 0 441 273 232 232 0 0 0 0 0 0 0 440 266 226 226 0 0 0 0 0 0 0 441 273 232 232 0 0 0 0 0 0 0 424 259 219 219 0 0 0 0 0 0 0 439 272 231 231 0 0 0 0 0 0 0 424 259 219 219 0 0 0 0 0 0 0 441 273 232 232 0 0 0 0 0 0 0 438 271 230 230 0 0 0 0 0 0 0 424 259 219 219 0 0 0 0 0 0 0 439 272 231 231 0 0 0 0 0 0 0 442 274 233 233 0 0 0 0 0 0 0 424 259 219 219 0 0 0 0 0 0 0 438 271 230 230 0 0 0 0 0 0 0 425 260 220 220 0 0 0 0 0 0 0 424 259 219 219 0 0 0 0 0 0 0 442 274 233 233 0 0 0 0 0 0 0 444 276 235 235 0 0 0 0 0 0 0 439 272 231 231 0 0 0 0 0 0 0 441 273 232 232 0 0 0 0 0 0 0 443 275 234 234 0 0 0 0 0 0 0 444 276 235 235 0 0 0 0 0 0 0 441 273 232 232 0 0 0 0 0 0 0 444 276 235 235 0 0 0 0 0 0 0 437 270 229 229 0 0 0 0 0 0 0 439 272 231 231 0 0 0 0 0 0 0 437 270 229 229 0 0 0 0 0 0 0 438 271 230 230 0 0 0 0 0 0 0 439 272 231 231 0 0 0 0 0 0 0 442 274 233 233 0 0 0 0 0 0 0 438 271 230 230 0 0 0 0 0 0 0 437 270 229 229 0 0 0 0 0 0 0 442 274 233 233 0 0 0 0 0 0 0 437 270 229 229 0 0 0 0 0 0 0 447 278 237 237 0 0 0 0 0 0 0 437 270 229 229 0 0 0 0 0 0 0 444 276 235 235 0 0 0 0 0 0 0 448 267 227 227 0 0 0 0 0 0 0 447 278 237 237 0 0 0 0 0 0 0 437 270 229 229 0 0 0 0 0 0 0 448 267 227 227 0 0 0 0 0 0 0 448 267 227 227 0 0 0 0 0 0 0 444 276 235 235 0 0 0 0 0 0 0 449 277 236 236 0 0 0 0 0 0 0 444 276 235 235 0 0 0 0 0 0 0 446 275 234 234 0 0 0 0 0 0 0 445 277 236 236 0 0 0 0 0 0 0 445 277 236 236 0 0 0 0 0 0 0 446 275 234 234 0 0 0 0 0 0 0 429 264 224 224 0 0 0 0 0 0 0 432 266 226 226 0 0 0 0 0 0 0 429 264 224 224 0 0 0 0 0 0 0 446 275 234 234 0 0 0 0 0 0 0 445 277 236 236 0 0 0 0 0 0 0 435 268 227 227 0 0 0 0 0 0 0 434 267 227 227 0 0 0 0 0 0 0 430 265 225 225 0 0 0 0 0 0 0 445 277 236 236 0 0 0 0 0 0 0 429 264 224 224 0 0 0 0 0 0 0 435 268 227 227 0 0 0 0 0 0 0 445 277 236 236 0 0 0 0 0 0 0 430 265 225 225 0 0 0 0 0 0 0 427 262 222 222 0 0 0 0 0 0 0 429 264 224 224 0 0 0 0 0 0 0 432 266 226 226 0 0 0 0 0 0 0 429 264 224 224 0 0 0 0 0 0 0 427 262 222 222 0 0 0 0 0 0 0 430 265 225 225 0 0 0 0 0 0 0 432 266 226 226 0 0 0 0 0 0 0 428 263 223 223 0 0 0 0 0 0 0 427 262 222 222 0 0 0 0 0 0 0 431 260 220 220 0 0 0 0 0 0 0 428 263 223 223 0 0 0 0 0 0 0 432 266 226 226 0 0 0 0 0 0 0 431 260 220 220 0 0 0 0 0 0 0 432 266 226 226 0 0 0 0 0 0 0 433 258 218 218 0 0 0 0 0 0 0 427 262 222 222 0 0 0 0 0 0 0 426 261 221 221 0 0 0 0 0 0 0 430 265 225 225 0 0 0 0 0 0 0 426 261 221 221 0 0 0 0 0 0 0 427 262 222 222 0 0 0 0 0 0 0 428 263 223 223 0 0 0 0 0 0 0 436 269 228 228 0 0 0 0 0 0 0 430 265 225 225 0 0 0 0 0 0 0 426 261 221 221 0 0 0 0 0 0 0 435 268 227 227 0 0 0 0 0 0 0 430 265 225 225 0 0 0 0 0 0 0 436 269 228 228 0 0 0 0 0 0 0 434 267 227 227 0 0 0 0 0 0 0 435 268 227 227 0 0 0 0 0 0 0 436 269 228 228 0 0 0 0 0 0 0 450 278 237 237 0 0 0 0 0 0 0 434 267 227 227 0 0 0 0 0 0 0 436 269 228 228 0 0 0 0 0 0 0 453 281 115 115 0 0 0 0 0 0 0 483 296 253 253 0 0 0 0 0 0 0 451 279 238 238 0 0 0 0 0 0 0 451 279 238 238 0 0 0 0 0 0 0 452 280 239 239 0 0 0 0 0 0 0 453 281 115 115 0 0 0 0 0 0 0 453 281 115 115 0 0 0 0 0 0 0 452 280 239 239 0 0 0 0 0 0 0 481 301 257 257 0 0 0 0 0 0 0 481 301 257 257 0 0 0 0 0 0 0 482 302 242 242 0 0 0 0 0 0 0 453 281 115 115 0 0 0 0 0 0 0 453 281 115 115 0 0 0 0 0 0 0 482 302 242 242 0 0 0 0 0 0 0 483 296 253 253 0 0 0 0 0 0 0 486 304 256 256 0 0 0 0 0 0 0 452 280 239 239 0 0 0 0 0 0 0 473 295 252 252 0 0 0 0 0 0 0 481 301 257 257 0 0 0 0 0 0 0 452 280 239 239 0 0 0 0 0 0 0 485 304 256 256 0 0 0 0 0 0 0 484 303 243 243 0 0 0 0 0 0 0 481 301 257 257 0 0 0 0 0 0 0 480 298 244 244 0 0 0 0 0 0 0 484 303 243 243 0 0 0 0 0 0 0 482 302 242 242 0 0 0 0 0 0 0 481 301 257 257 0 0 0 0 0 0 0 479 299 255 255 0 0 0 0 0 0 0 480 298 244 244 0 0 0 0 0 0 0 481 301 257 257 0 0 0 0 0 0 0 465 292 249 249 0 0 0 0 0 0 0 473 295 252 252 0 0 0 0 0 0 0 466 293 250 250 0 0 0 0 0 0 0 478 300 256 256 0 0 0 0 0 0 0 486 304 256 256 0 0 0 0 0 0 0 473 295 252 252 0 0 0 0 0 0 0 462 290 247 247 0 0 0 0 0 0 0 473 295 252 252 0 0 0 0 0 0 0 465 292 249 249 0 0 0 0 0 0 0 462 290 247 247 0 0 0 0 0 0 0 478 300 256 256 0 0 0 0 0 0 0 473 295 252 252 0 0 0 0 0 0 0 466 293 250 250 0 0 0 0 0 0 0 473 295 252 252 0 0 0 0 0 0 0 474 296 253 253 0 0 0 0 0 0 0 475 297 254 254 0 0 0 0 0 0 0 486 304 256 256 0 0 0 0 0 0 0 478 300 256 256 0 0 0 0 0 0 0 478 300 256 256 0 0 0 0 0 0 0 476 298 244 244 0 0 0 0 0 0 0 475 297 254 254 0 0 0 0 0 0 0 478 300 256 256 0 0 0 0 0 0 0 462 290 247 247 0 0 0 0 0 0 0 476 298 244 244 0 0 0 0 0 0 0 471 294 251 251 0 0 0 0 0 0 0 476 298 244 244 0 0 0 0 0 0 0 462 290 247 247 0 0 0 0 0 0 0 462 290 247 247 0 0 0 0 0 0 0 472 288 245 245 0 0 0 0 0 0 0 471 294 251 251 0 0 0 0 0 0 0 461 289 246 246 0 0 0 0 0 0 0 472 288 245 245 0 0 0 0 0 0 0 462 290 247 247 0 0 0 0 0 0 0 461 289 246 246 0 0 0 0 0 0 0 462 290 247 247 0 0 0 0 0 0 0 463 291 248 248 0 0 0 0 0 0 0 475 297 254 254 0 0 0 0 0 0 0 476 298 244 244 0 0 0 0 0 0 0 477 299 255 255 0 0 0 0 0 0 0 470 287 244 244 0 0 0 0 0 0 0 471 294 251 251 0 0 0 0 0 0 0 472 288 245 245 0 0 0 0 0 0 0 464 291 248 248 0 0 0 0 0 0 0 465 292 249 249 0 0 0 0 0 0 0 466 293 250 250 0 0 0 0 0 0 0 454 282 117 117 0 0 0 0 0 0 0 455 283 240 240 0 0 0 0 0 0 0 456 284 241 241 0 0 0 0 0 0 0 455 283 240 240 0 0 0 0 0 0 0 457 285 242 242 0 0 0 0 0 0 0 456 284 241 241 0 0 0 0 0 0 0 456 284 241 241 0 0 0 0 0 0 0 458 286 243 243 0 0 0 0 0 0 0 460 288 245 245 0 0 0 0 0 0 0 457 285 242 242 0 0 0 0 0 0 0 458 286 243 243 0 0 0 0 0 0 0 456 284 241 241 0 0 0 0 0 0 0 458 286 243 243 0 0 0 0 0 0 0 459 287 244 244 0 0 0 0 0 0 0 460 288 245 245 0 0 0 0 0 0 0 467 283 240 240 0 0 0 0 0 0 0 491 296 253 253 0 0 0 0 0 0 0 501 311 260 260 0 0 0 0 0 0 0 491 296 253 253 0 0 0 0 0 0 0 467 283 240 240 0 0 0 0 0 0 0 469 293 250 250 0 0 0 0 0 0 0 467 283 240 240 0 0 0 0 0 0 0 468 291 248 248 0 0 0 0 0 0 0 469 293 250 250 0 0 0 0 0 0 0 502 305 258 258 0 0 0 0 0 0 0 501 311 260 260 0 0 0 0 0 0 0 491 296 253 253 0 0 0 0 0 0 0 487 295 252 252 0 0 0 0 0 0 0 488 280 239 239 0 0 0 0 0 0 0 489 296 253 253 0 0 0 0 0 0 0 489 296 253 253 0 0 0 0 0 0 0 488 280 239 239 0 0 0 0 0 0 0 490 279 238 238 0 0 0 0 0 0 0 494 283 240 240 0 0 0 0 0 0 0 3157 311 260 260 0 0 0 0 0 0 0 492 305 258 258 0 0 0 0 0 0 0 492 305 258 258 0 0 0 0 0 0 0 493 285 242 242 0 0 0 0 0 0 0 494 283 240 240 0 0 0 0 0 0 0 495 306 259 259 0 0 0 0 0 0 0 496 307 243 243 0 0 0 0 0 0 0 497 308 242 242 0 0 0 0 0 0 0 498 309 258 258 0 0 0 0 0 0 0 499 310 242 242 0 0 0 0 0 0 0 500 307 243 243 0 0 0 0 0 0 0 503 305 258 258 0 0 0 0 0 0 0 504 296 253 253 0 0 0 0 0 0 0 505 302 242 242 0 0 0 0 0 0 0 508 314 244 244 0 0 0 0 0 0 0 509 315 243 243 0 0 0 0 0 0 0 506 312 261 261 0 0 0 0 0 0 0 506 312 261 261 0 0 0 0 0 0 0 509 315 243 243 0 0 0 0 0 0 0 507 313 251 251 0 0 0 0 0 0 0 506 312 261 261 0 0 0 0 0 0 0 507 313 251 251 0 0 0 0 0 0 0 508 314 244 244 0 0 0 0 0 0 0 510 315 243 243 0 0 0 0 0 0 0 511 316 244 244 0 0 0 0 0 0 0 512 313 251 251 0 0 0 0 0 0 0 515 319 257 257 0 0 0 0 0 0 0 536 335 238 238 0 0 0 0 0 0 0 513 317 262 262 0 0 0 0 0 0 0 513 317 262 262 0 0 0 0 0 0 0 531 333 275 275 0 0 0 0 0 0 0 514 318 263 263 0 0 0 0 0 0 0 530 332 274 274 0 0 0 0 0 0 0 513 317 262 262 0 0 0 0 0 0 0 536 335 238 238 0 0 0 0 0 0 0 513 317 262 262 0 0 0 0 0 0 0 530 332 274 274 0 0 0 0 0 0 0 528 331 273 273 0 0 0 0 0 0 0 528 331 273 273 0 0 0 0 0 0 0 529 326 270 270 0 0 0 0 0 0 0 513 317 262 262 0 0 0 0 0 0 0 513 317 262 262 0 0 0 0 0 0 0 514 318 263 263 0 0 0 0 0 0 0 515 319 257 257 0 0 0 0 0 0 0 530 332 274 274 0 0 0 0 0 0 0 537 334 253 253 0 0 0 0 0 0 0 528 331 273 273 0 0 0 0 0 0 0 536 335 238 238 0 0 0 0 0 0 0 537 334 253 253 0 0 0 0 0 0 0 530 332 274 274 0 0 0 0 0 0 0 531 333 275 275 0 0 0 0 0 0 0 521 325 269 269 0 0 0 0 0 0 0 514 318 263 263 0 0 0 0 0 0 0 521 325 269 269 0 0 0 0 0 0 0 520 324 268 268 0 0 0 0 0 0 0 514 318 263 263 0 0 0 0 0 0 0 519 323 267 267 0 0 0 0 0 0 0 520 324 268 268 0 0 0 0 0 0 0 521 325 269 269 0 0 0 0 0 0 0 535 324 268 268 0 0 0 0 0 0 0 519 323 267 267 0 0 0 0 0 0 0 527 330 272 272 0 0 0 0 0 0 0 525 329 271 271 0 0 0 0 0 0 0 527 330 272 272 0 0 0 0 0 0 0 519 323 267 267 0 0 0 0 0 0 0 526 325 269 269 0 0 0 0 0 0 0 525 329 271 271 0 0 0 0 0 0 0 519 323 267 267 0 0 0 0 0 0 0 535 324 268 268 0 0 0 0 0 0 0 527 330 272 272 0 0 0 0 0 0 0 516 320 264 264 0 0 0 0 0 0 0 516 320 264 264 0 0 0 0 0 0 0 534 318 263 263 0 0 0 0 0 0 0 535 324 268 268 0 0 0 0 0 0 0 527 330 272 272 0 0 0 0 0 0 0 525 329 271 271 0 0 0 0 0 0 0 516 320 264 264 0 0 0 0 0 0 0 525 329 271 271 0 0 0 0 0 0 0 517 321 265 265 0 0 0 0 0 0 0 516 320 264 264 0 0 0 0 0 0 0 525 329 271 271 0 0 0 0 0 0 0 524 328 256 256 0 0 0 0 0 0 0 517 321 265 265 0 0 0 0 0 0 0 524 328 256 256 0 0 0 0 0 0 0 525 329 271 271 0 0 0 0 0 0 0 526 325 269 269 0 0 0 0 0 0 0 524 328 256 256 0 0 0 0 0 0 0 526 325 269 269 0 0 0 0 0 0 0 522 326 270 270 0 0 0 0 0 0 0 526 325 269 269 0 0 0 0 0 0 0 3152 333 275 275 0 0 0 0 0 0 0 522 326 270 270 0 0 0 0 0 0 0 517 321 265 265 0 0 0 0 0 0 0 524 328 256 256 0 0 0 0 0 0 0 518 322 266 266 0 0 0 0 0 0 0 522 326 270 270 0 0 0 0 0 0 0 523 327 239 239 0 0 0 0 0 0 0 524 328 256 256 0 0 0 0 0 0 0 516 320 264 264 0 0 0 0 0 0 0 517 321 265 265 0 0 0 0 0 0 0 518 322 266 266 0 0 0 0 0 0 0 516 320 264 264 0 0 0 0 0 0 0 538 319 257 257 0 0 0 0 0 0 0 534 318 263 263 0 0 0 0 0 0 0 518 322 266 266 0 0 0 0 0 0 0 538 319 257 257 0 0 0 0 0 0 0 516 320 264 264 0 0 0 0 0 0 0 523 327 239 239 0 0 0 0 0 0 0 522 326 270 270 0 0 0 0 0 0 0 532 331 273 273 0 0 0 0 0 0 0 532 331 273 273 0 0 0 0 0 0 0 533 334 253 253 0 0 0 0 0 0 0 523 327 239 239 0 0 0 0 0 0 0 522 326 270 270 0 0 0 0 0 0 0 3152 333 275 275 0 0 0 0 0 0 0 3153 317 262 262 0 0 0 0 0 0 0 541 338 118 118 0 0 0 0 0 0 0 552 347 285 285 0 0 0 0 0 0 0 539 336 276 276 0 0 0 0 0 0 0 539 336 276 276 0 0 0 0 0 0 0 555 350 288 288 0 0 0 0 0 0 0 3140 1999 1373 1373 0 0 0 0 0 0 0 539 336 276 276 0 0 0 0 0 0 0 3140 1999 1373 1373 0 0 0 0 0 0 0 3141 2000 1377 1377 0 0 0 0 0 0 0 539 336 276 276 0 0 0 0 0 0 0 553 348 286 286 0 0 0 0 0 0 0 555 350 288 288 0 0 0 0 0 0 0 539 336 276 276 0 0 0 0 0 0 0 552 347 285 285 0 0 0 0 0 0 0 553 348 286 286 0 0 0 0 0 0 0 539 336 276 276 0 0 0 0 0 0 0 540 337 277 277 0 0 0 0 0 0 0 541 338 118 118 0 0 0 0 0 0 0 3150 346 284 284 0 0 0 0 0 0 0 541 338 118 118 0 0 0 0 0 0 0 542 339 249 249 0 0 0 0 0 0 0 542 339 249 249 0 0 0 0 0 0 0 541 338 118 118 0 0 0 0 0 0 0 540 337 277 277 0 0 0 0 0 0 0 542 339 249 249 0 0 0 0 0 0 0 540 337 277 277 0 0 0 0 0 0 0 3151 341 279 279 0 0 0 0 0 0 0 552 347 285 285 0 0 0 0 0 0 0 554 349 287 287 0 0 0 0 0 0 0 553 348 286 286 0 0 0 0 0 0 0 3140 1999 1373 1373 0 0 0 0 0 0 0 557 352 290 290 0 0 0 0 0 0 0 3122 1991 1581 1581 0 0 0 0 0 0 0 555 350 288 288 0 0 0 0 0 0 0 557 352 290 290 0 0 0 0 0 0 0 3140 1999 1373 1373 0 0 0 0 0 0 0 555 350 288 288 0 0 0 0 0 0 0 556 351 289 289 0 0 0 0 0 0 0 557 352 290 290 0 0 0 0 0 0 0 557 352 290 290 0 0 0 0 0 0 0 562 337 277 277 0 0 0 0 0 0 0 3122 1991 1581 1581 0 0 0 0 0 0 0 557 352 290 290 0 0 0 0 0 0 0 561 355 223 223 0 0 0 0 0 0 0 562 337 277 277 0 0 0 0 0 0 0 545 337 277 277 0 0 0 0 0 0 0 3142 2001 1586 1586 0 0 0 0 0 0 0 543 340 278 278 0 0 0 0 0 0 0 547 339 249 249 0 0 0 0 0 0 0 544 341 279 279 0 0 0 0 0 0 0 543 340 278 278 0 0 0 0 0 0 0 543 340 278 278 0 0 0 0 0 0 0 546 342 280 280 0 0 0 0 0 0 0 547 339 249 249 0 0 0 0 0 0 0 543 340 278 278 0 0 0 0 0 0 0 544 341 279 279 0 0 0 0 0 0 0 545 337 277 277 0 0 0 0 0 0 0 545 337 277 277 0 0 0 0 0 0 0 566 358 295 295 0 0 0 0 0 0 0 3142 2001 1586 1586 0 0 0 0 0 0 0 566 358 295 295 0 0 0 0 0 0 0 545 337 277 277 0 0 0 0 0 0 0 565 355 223 223 0 0 0 0 0 0 0 565 355 223 223 0 0 0 0 0 0 0 564 357 294 294 0 0 0 0 0 0 0 566 358 295 295 0 0 0 0 0 0 0 564 357 294 294 0 0 0 0 0 0 0 613 399 325 325 0 0 0 0 0 0 0 566 358 295 295 0 0 0 0 0 0 0 558 352 290 290 0 0 0 0 0 0 0 560 354 292 292 0 0 0 0 0 0 0 565 355 223 223 0 0 0 0 0 0 0 560 354 292 292 0 0 0 0 0 0 0 564 357 294 294 0 0 0 0 0 0 0 565 355 223 223 0 0 0 0 0 0 0 563 356 293 293 0 0 0 0 0 0 0 564 357 294 294 0 0 0 0 0 0 0 560 354 292 292 0 0 0 0 0 0 0 558 352 290 290 0 0 0 0 0 0 0 559 353 291 291 0 0 0 0 0 0 0 560 354 292 292 0 0 0 0 0 0 0 546 342 280 280 0 0 0 0 0 0 0 3148 344 282 282 0 0 0 0 0 0 0 548 343 281 281 0 0 0 0 0 0 0 548 343 281 281 0 0 0 0 0 0 0 547 339 249 249 0 0 0 0 0 0 0 546 342 280 280 0 0 0 0 0 0 0 3149 346 284 284 0 0 0 0 0 0 0 547 339 249 249 0 0 0 0 0 0 0 548 343 281 281 0 0 0 0 0 0 0 551 346 284 284 0 0 0 0 0 0 0 3147 343 281 281 0 0 0 0 0 0 0 549 344 282 282 0 0 0 0 0 0 0 549 344 282 282 0 0 0 0 0 0 0 550 345 283 283 0 0 0 0 0 0 0 551 346 284 284 0 0 0 0 0 0 0 567 359 296 296 0 0 0 0 0 0 0 569 352 290 290 0 0 0 0 0 0 0 3139 1998 1585 1585 0 0 0 0 0 0 0 571 356 293 293 0 0 0 0 0 0 0 568 353 291 291 0 0 0 0 0 0 0 567 359 296 296 0 0 0 0 0 0 0 567 359 296 296 0 0 0 0 0 0 0 568 353 291 291 0 0 0 0 0 0 0 569 352 290 290 0 0 0 0 0 0 0 570 354 292 292 0 0 0 0 0 0 0 568 353 291 291 0 0 0 0 0 0 0 571 356 293 293 0 0 0 0 0 0 0 574 362 292 292 0 0 0 0 0 0 0 3134 1997 301 301 0 0 0 0 0 0 0 572 360 297 297 0 0 0 0 0 0 0 572 360 297 297 0 0 0 0 0 0 0 573 361 298 298 0 0 0 0 0 0 0 574 362 292 292 0 0 0 0 0 0 0 577 365 291 291 0 0 0 0 0 0 0 3133 1996 1584 1584 0 0 0 0 0 0 0 575 363 299 299 0 0 0 0 0 0 0 575 363 299 299 0 0 0 0 0 0 0 576 364 300 300 0 0 0 0 0 0 0 577 365 291 291 0 0 0 0 0 0 0 576 364 300 300 0 0 0 0 0 0 0 3131 1995 1583 1583 0 0 0 0 0 0 0 577 365 291 291 0 0 0 0 0 0 0 576 364 300 300 0 0 0 0 0 0 0 3132 362 292 292 0 0 0 0 0 0 0 3131 1995 1583 1583 0 0 0 0 0 0 0 3129 379 298 298 0 0 0 0 0 0 0 578 366 297 297 0 0 0 0 0 0 0 580 368 302 302 0 0 0 0 0 0 0 578 366 297 297 0 0 0 0 0 0 0 579 367 301 301 0 0 0 0 0 0 0 580 368 302 302 0 0 0 0 0 0 0 3129 379 298 298 0 0 0 0 0 0 0 580 368 302 302 0 0 0 0 0 0 0 3130 378 308 308 0 0 0 0 0 0 0 583 371 305 305 0 0 0 0 0 0 0 584 372 301 301 0 0 0 0 0 0 0 581 369 303 303 0 0 0 0 0 0 0 581 369 303 303 0 0 0 0 0 0 0 585 373 306 306 0 0 0 0 0 0 0 582 370 304 304 0 0 0 0 0 0 0 584 372 301 301 0 0 0 0 0 0 0 585 373 306 306 0 0 0 0 0 0 0 581 369 303 303 0 0 0 0 0 0 0 581 369 303 303 0 0 0 0 0 0 0 582 370 304 304 0 0 0 0 0 0 0 583 371 305 305 0 0 0 0 0 0 0 3276 1994 297 297 0 0 0 0 0 0 0 584 372 301 301 0 0 0 0 0 0 0 583 371 305 305 0 0 0 0 0 0 0 585 373 306 306 0 0 0 0 0 0 0 584 372 301 301 0 0 0 0 0 0 0 587 375 307 307 0 0 0 0 0 0 0 584 372 301 301 0 0 0 0 0 0 0 586 374 302 302 0 0 0 0 0 0 0 587 375 307 307 0 0 0 0 0 0 0 588 376 301 301 0 0 0 0 0 0 0 590 378 308 308 0 0 0 0 0 0 0 3274 374 302 302 0 0 0 0 0 0 0 588 376 301 301 0 0 0 0 0 0 0 589 377 297 297 0 0 0 0 0 0 0 590 378 308 308 0 0 0 0 0 0 0 3274 374 302 302 0 0 0 0 0 0 0 590 378 308 308 0 0 0 0 0 0 0 3275 375 307 307 0 0 0 0 0 0 0 590 378 308 308 0 0 0 0 0 0 0 589 377 297 297 0 0 0 0 0 0 0 591 379 298 298 0 0 0 0 0 0 0 594 382 310 310 0 0 0 0 0 0 0 3125 1992 1582 1582 0 0 0 0 0 0 0 592 380 305 305 0 0 0 0 0 0 0 3123 384 312 312 0 0 0 0 0 0 0 593 381 309 309 0 0 0 0 0 0 0 592 380 305 305 0 0 0 0 0 0 0 3123 384 312 312 0 0 0 0 0 0 0 592 380 305 305 0 0 0 0 0 0 0 3124 385 313 313 0 0 0 0 0 0 0 592 380 305 305 0 0 0 0 0 0 0 593 381 309 309 0 0 0 0 0 0 0 594 382 310 310 0 0 0 0 0 0 0 3125 1992 1582 1582 0 0 0 0 0 0 0 594 382 310 310 0 0 0 0 0 0 0 3269 2030 1595 1595 0 0 0 0 0 0 0 595 383 311 311 0 0 0 0 0 0 0 597 385 313 313 0 0 0 0 0 0 0 3267 382 310 310 0 0 0 0 0 0 0 595 383 311 311 0 0 0 0 0 0 0 596 384 312 312 0 0 0 0 0 0 0 597 385 313 313 0 0 0 0 0 0 0 3267 382 310 310 0 0 0 0 0 0 0 597 385 313 313 0 0 0 0 0 0 0 3268 2030 1595 1595 0 0 0 0 0 0 0 600 388 316 316 0 0 0 0 0 0 0 601 389 317 317 0 0 0 0 0 0 0 598 386 314 314 0 0 0 0 0 0 0 598 386 314 314 0 0 0 0 0 0 0 599 387 315 315 0 0 0 0 0 0 0 600 388 316 316 0 0 0 0 0 0 0 602 390 318 318 0 0 0 0 0 0 0 3256 395 322 322 0 0 0 0 0 0 0 3257 391 298 298 0 0 0 0 0 0 0 602 390 318 318 0 0 0 0 0 0 0 603 391 298 298 0 0 0 0 0 0 0 604 392 319 319 0 0 0 0 0 0 0 3257 391 298 298 0 0 0 0 0 0 0 3256 395 322 322 0 0 0 0 0 0 0 3258 393 320 320 0 0 0 0 0 0 0 604 392 319 319 0 0 0 0 0 0 0 603 391 298 298 0 0 0 0 0 0 0 605 393 320 320 0 0 0 0 0 0 0 605 393 320 320 0 0 0 0 0 0 0 606 394 321 321 0 0 0 0 0 0 0 604 392 319 319 0 0 0 0 0 0 0 605 393 320 320 0 0 0 0 0 0 0 608 396 323 323 0 0 0 0 0 0 0 606 394 321 321 0 0 0 0 0 0 0 607 395 322 322 0 0 0 0 0 0 0 608 396 323 323 0 0 0 0 0 0 0 605 393 320 320 0 0 0 0 0 0 0 3255 396 323 323 0 0 0 0 0 0 0 609 395 322 322 0 0 0 0 0 0 0 611 397 324 324 0 0 0 0 0 0 0 609 395 322 322 0 0 0 0 0 0 0 610 390 318 318 0 0 0 0 0 0 0 611 397 324 324 0 0 0 0 0 0 0 611 397 324 324 0 0 0 0 0 0 0 610 390 318 318 0 0 0 0 0 0 0 612 398 293 293 0 0 0 0 0 0 0 987 392 319 319 0 0 0 0 0 0 0 612 398 293 293 0 0 0 0 0 0 0 610 390 318 318 0 0 0 0 0 0 0 612 398 293 293 0 0 0 0 0 0 0 987 392 319 319 0 0 0 0 0 0 0 1009 661 537 537 0 0 0 0 0 0 0 1009 661 537 537 0 0 0 0 0 0 0 987 392 319 319 0 0 0 0 0 0 0 986 634 513 513 0 0 0 0 0 0 0 985 640 309 309 0 0 0 0 0 0 0 986 634 513 513 0 0 0 0 0 0 0 987 392 319 319 0 0 0 0 0 0 0 1025 675 551 551 0 0 0 0 0 0 0 1009 661 537 537 0 0 0 0 0 0 0 1023 674 550 550 0 0 0 0 0 0 0 986 634 513 513 0 0 0 0 0 0 0 1023 674 550 550 0 0 0 0 0 0 0 1009 661 537 537 0 0 0 0 0 0 0 1026 676 552 552 0 0 0 0 0 0 0 1025 675 551 551 0 0 0 0 0 0 0 1068 706 582 582 0 0 0 0 0 0 0 1025 675 551 551 0 0 0 0 0 0 0 1023 674 550 550 0 0 0 0 0 0 0 1068 706 582 582 0 0 0 0 0 0 0 1025 675 551 551 0 0 0 0 0 0 0 1026 676 552 552 0 0 0 0 0 0 0 1027 398 293 293 0 0 0 0 0 0 0 1114 747 623 623 0 0 0 0 0 0 0 1068 706 582 582 0 0 0 0 0 0 0 1023 674 550 550 0 0 0 0 0 0 0 1023 674 550 550 0 0 0 0 0 0 0 1046 689 565 565 0 0 0 0 0 0 0 1114 747 623 623 0 0 0 0 0 0 0 1068 706 582 582 0 0 0 0 0 0 0 1114 747 623 623 0 0 0 0 0 0 0 3062 765 641 641 0 0 0 0 0 0 0 1068 706 582 582 0 0 0 0 0 0 0 1115 748 624 624 0 0 0 0 0 0 0 1069 707 583 583 0 0 0 0 0 0 0 1068 706 582 582 0 0 0 0 0 0 0 1069 707 583 583 0 0 0 0 0 0 0 1026 676 552 552 0 0 0 0 0 0 0 1010 662 538 538 0 0 0 0 0 0 0 1027 398 293 293 0 0 0 0 0 0 0 1026 676 552 552 0 0 0 0 0 0 0 995 649 525 525 0 0 0 0 0 0 0 1010 662 538 538 0 0 0 0 0 0 0 1026 676 552 552 0 0 0 0 0 0 0 1017 669 545 545 0 0 0 0 0 0 0 1026 676 552 552 0 0 0 0 0 0 0 1058 697 573 573 0 0 0 0 0 0 0 1069 707 583 583 0 0 0 0 0 0 0 1058 697 573 573 0 0 0 0 0 0 0 1026 676 552 552 0 0 0 0 0 0 0 1026 676 552 552 0 0 0 0 0 0 0 1017 669 545 545 0 0 0 0 0 0 0 995 649 525 525 0 0 0 0 0 0 0 1010 662 538 538 0 0 0 0 0 0 0 994 648 325 325 0 0 0 0 0 0 0 1027 398 293 293 0 0 0 0 0 0 0 995 649 525 525 0 0 0 0 0 0 0 994 648 325 325 0 0 0 0 0 0 0 1010 662 538 538 0 0 0 0 0 0 0 979 637 516 516 0 0 0 0 0 0 0 978 636 515 515 0 0 0 0 0 0 0 995 649 525 525 0 0 0 0 0 0 0 995 649 525 525 0 0 0 0 0 0 0 1017 669 545 545 0 0 0 0 0 0 0 979 637 516 516 0 0 0 0 0 0 0 978 636 515 515 0 0 0 0 0 0 0 994 648 325 325 0 0 0 0 0 0 0 995 649 525 525 0 0 0 0 0 0 0 979 637 516 516 0 0 0 0 0 0 0 1017 669 545 545 0 0 0 0 0 0 0 1058 697 573 573 0 0 0 0 0 0 0 1127 756 632 632 0 0 0 0 0 0 0 1080 715 591 591 0 0 0 0 0 0 0 1058 697 573 573 0 0 0 0 0 0 0 1127 756 632 632 0 0 0 0 0 0 0 1058 697 573 573 0 0 0 0 0 0 0 1069 707 583 583 0 0 0 0 0 0 0 979 637 516 516 0 0 0 0 0 0 0 1058 697 573 573 0 0 0 0 0 0 0 1080 715 591 591 0 0 0 0 0 0 0 1128 757 633 633 0 0 0 0 0 0 0 1127 756 632 632 0 0 0 0 0 0 0 1069 707 583 583 0 0 0 0 0 0 0 1069 707 583 583 0 0 0 0 0 0 0 1175 787 663 663 0 0 0 0 0 0 0 1128 757 633 633 0 0 0 0 0 0 0 1124 753 629 629 0 0 0 0 0 0 0 1080 715 591 591 0 0 0 0 0 0 0 1127 756 632 632 0 0 0 0 0 0 0 1127 756 632 632 0 0 0 0 0 0 0 1128 757 633 633 0 0 0 0 0 0 0 1124 753 629 629 0 0 0 0 0 0 0 1080 715 591 591 0 0 0 0 0 0 0 1057 696 572 572 0 0 0 0 0 0 0 979 637 516 516 0 0 0 0 0 0 0 1057 696 572 572 0 0 0 0 0 0 0 1080 715 591 591 0 0 0 0 0 0 0 1126 755 631 631 0 0 0 0 0 0 0 1126 755 631 631 0 0 0 0 0 0 0 1080 715 591 591 0 0 0 0 0 0 0 1124 753 629 629 0 0 0 0 0 0 0 996 650 526 526 0 0 0 0 0 0 0 967 625 504 504 0 0 0 0 0 0 0 979 637 516 516 0 0 0 0 0 0 0 996 650 526 526 0 0 0 0 0 0 0 979 637 516 516 0 0 0 0 0 0 0 1057 696 572 572 0 0 0 0 0 0 0 978 636 515 515 0 0 0 0 0 0 0 979 637 516 516 0 0 0 0 0 0 0 967 625 504 504 0 0 0 0 0 0 0 967 625 504 504 0 0 0 0 0 0 0 961 619 498 498 0 0 0 0 0 0 0 978 636 515 515 0 0 0 0 0 0 0 994 648 325 325 0 0 0 0 0 0 0 978 636 515 515 0 0 0 0 0 0 0 966 624 503 503 0 0 0 0 0 0 0 978 636 515 515 0 0 0 0 0 0 0 961 619 498 498 0 0 0 0 0 0 0 966 624 503 503 0 0 0 0 0 0 0 962 620 499 499 0 0 0 0 0 0 0 961 619 498 498 0 0 0 0 0 0 0 967 625 504 504 0 0 0 0 0 0 0 997 651 527 527 0 0 0 0 0 0 0 968 626 505 505 0 0 0 0 0 0 0 967 625 504 504 0 0 0 0 0 0 0 967 625 504 504 0 0 0 0 0 0 0 996 650 526 526 0 0 0 0 0 0 0 997 651 527 527 0 0 0 0 0 0 0 967 625 504 504 0 0 0 0 0 0 0 968 626 505 505 0 0 0 0 0 0 0 962 620 499 499 0 0 0 0 0 0 0 1036 684 560 560 0 0 0 0 0 0 0 997 651 527 527 0 0 0 0 0 0 0 996 650 526 526 0 0 0 0 0 0 0 1057 696 572 572 0 0 0 0 0 0 0 1035 683 559 559 0 0 0 0 0 0 0 996 650 526 526 0 0 0 0 0 0 0 996 650 526 526 0 0 0 0 0 0 0 1035 683 559 559 0 0 0 0 0 0 0 1036 684 560 560 0 0 0 0 0 0 0 1057 696 572 572 0 0 0 0 0 0 0 1083 718 594 594 0 0 0 0 0 0 0 1035 683 559 559 0 0 0 0 0 0 0 1035 683 559 559 0 0 0 0 0 0 0 1084 719 595 595 0 0 0 0 0 0 0 1081 716 592 592 0 0 0 0 0 0 0 1035 683 559 559 0 0 0 0 0 0 0 1081 716 592 592 0 0 0 0 0 0 0 1036 684 560 560 0 0 0 0 0 0 0 1035 683 559 559 0 0 0 0 0 0 0 1083 718 594 594 0 0 0 0 0 0 0 1084 719 595 595 0 0 0 0 0 0 0 1082 717 593 593 0 0 0 0 0 0 0 1037 685 561 561 0 0 0 0 0 0 0 1036 684 560 560 0 0 0 0 0 0 0 1036 684 560 560 0 0 0 0 0 0 0 1081 716 592 592 0 0 0 0 0 0 0 1082 717 593 593 0 0 0 0 0 0 0 997 651 527 527 0 0 0 0 0 0 0 1036 684 560 560 0 0 0 0 0 0 0 1037 685 561 561 0 0 0 0 0 0 0 969 627 506 506 0 0 0 0 0 0 0 968 626 505 505 0 0 0 0 0 0 0 997 651 527 527 0 0 0 0 0 0 0 1037 685 561 561 0 0 0 0 0 0 0 998 652 528 528 0 0 0 0 0 0 0 997 651 527 527 0 0 0 0 0 0 0 997 651 527 527 0 0 0 0 0 0 0 998 652 528 528 0 0 0 0 0 0 0 969 627 506 506 0 0 0 0 0 0 0 963 621 500 500 0 0 0 0 0 0 0 962 620 499 499 0 0 0 0 0 0 0 968 626 505 505 0 0 0 0 0 0 0 968 626 505 505 0 0 0 0 0 0 0 969 627 506 506 0 0 0 0 0 0 0 963 621 500 500 0 0 0 0 0 0 0 961 619 498 498 0 0 0 0 0 0 0 962 620 499 499 0 0 0 0 0 0 0 964 622 501 501 0 0 0 0 0 0 0 962 620 499 499 0 0 0 0 0 0 0 963 621 500 500 0 0 0 0 0 0 0 964 622 501 501 0 0 0 0 0 0 0 961 619 498 498 0 0 0 0 0 0 0 964 622 501 501 0 0 0 0 0 0 0 959 617 496 496 0 0 0 0 0 0 0 960 618 497 497 0 0 0 0 0 0 0 966 624 503 503 0 0 0 0 0 0 0 961 619 498 498 0 0 0 0 0 0 0 959 617 496 496 0 0 0 0 0 0 0 960 618 497 497 0 0 0 0 0 0 0 961 619 498 498 0 0 0 0 0 0 0 965 623 502 502 0 0 0 0 0 0 0 970 628 507 507 0 0 0 0 0 0 0 964 622 501 501 0 0 0 0 0 0 0 964 622 501 501 0 0 0 0 0 0 0 963 621 500 500 0 0 0 0 0 0 0 965 623 502 502 0 0 0 0 0 0 0 973 631 510 510 0 0 0 0 0 0 0 965 623 502 502 0 0 0 0 0 0 0 963 621 500 500 0 0 0 0 0 0 0 963 621 500 500 0 0 0 0 0 0 0 969 627 506 506 0 0 0 0 0 0 0 973 631 510 510 0 0 0 0 0 0 0 1001 655 531 531 0 0 0 0 0 0 0 973 631 510 510 0 0 0 0 0 0 0 969 627 506 506 0 0 0 0 0 0 0 969 627 506 506 0 0 0 0 0 0 0 998 652 528 528 0 0 0 0 0 0 0 1001 655 531 531 0 0 0 0 0 0 0 1001 655 531 531 0 0 0 0 0 0 0 998 652 528 528 0 0 0 0 0 0 0 1037 685 561 561 0 0 0 0 0 0 0 1037 685 561 561 0 0 0 0 0 0 0 1082 717 593 593 0 0 0 0 0 0 0 1039 687 563 563 0 0 0 0 0 0 0 1001 655 531 531 0 0 0 0 0 0 0 1037 685 561 561 0 0 0 0 0 0 0 1039 687 563 563 0 0 0 0 0 0 0 1134 760 636 636 0 0 0 0 0 0 0 1039 687 563 563 0 0 0 0 0 0 0 1082 717 593 593 0 0 0 0 0 0 0 1082 717 593 593 0 0 0 0 0 0 0 1136 762 638 638 0 0 0 0 0 0 0 1134 760 636 636 0 0 0 0 0 0 0 1081 716 592 592 0 0 0 0 0 0 0 1129 758 634 634 0 0 0 0 0 0 0 1082 717 593 593 0 0 0 0 0 0 0 1170 783 659 659 0 0 0 0 0 0 0 1081 716 592 592 0 0 0 0 0 0 0 1133 759 635 635 0 0 0 0 0 0 0 1170 783 659 659 0 0 0 0 0 0 0 1129 758 634 634 0 0 0 0 0 0 0 1081 716 592 592 0 0 0 0 0 0 0 1133 759 635 635 0 0 0 0 0 0 0 1081 716 592 592 0 0 0 0 0 0 0 1084 719 595 595 0 0 0 0 0 0 0 1129 758 634 634 0 0 0 0 0 0 0 1170 783 659 659 0 0 0 0 0 0 0 1216 812 688 688 0 0 0 0 0 0 0 1170 783 659 659 0 0 0 0 0 0 0 1169 782 658 658 0 0 0 0 0 0 0 1216 812 688 688 0 0 0 0 0 0 0 1133 759 635 635 0 0 0 0 0 0 0 1169 782 658 658 0 0 0 0 0 0 0 1170 783 659 659 0 0 0 0 0 0 0 1133 759 635 635 0 0 0 0 0 0 0 3073 718 594 594 0 0 0 0 0 0 0 1126 755 631 631 0 0 0 0 0 0 0 1232 826 702 702 0 0 0 0 0 0 0 1133 759 635 635 0 0 0 0 0 0 0 1126 755 631 631 0 0 0 0 0 0 0 1169 782 658 658 0 0 0 0 0 0 0 1133 759 635 635 0 0 0 0 0 0 0 1232 826 702 702 0 0 0 0 0 0 0 1232 826 702 702 0 0 0 0 0 0 0 1233 827 703 703 0 0 0 0 0 0 0 1169 782 658 658 0 0 0 0 0 0 0 1232 826 702 702 0 0 0 0 0 0 0 1126 755 631 631 0 0 0 0 0 0 0 1254 842 718 718 0 0 0 0 0 0 0 1126 755 631 631 0 0 0 0 0 0 0 1125 754 630 630 0 0 0 0 0 0 0 1253 841 717 717 0 0 0 0 0 0 0 1253 841 717 717 0 0 0 0 0 0 0 1254 842 718 718 0 0 0 0 0 0 0 1126 755 631 631 0 0 0 0 0 0 0 1124 753 629 629 0 0 0 0 0 0 0 1125 754 630 630 0 0 0 0 0 0 0 1126 755 631 631 0 0 0 0 0 0 0 1191 799 675 675 0 0 0 0 0 0 0 1125 754 630 630 0 0 0 0 0 0 0 1124 753 629 629 0 0 0 0 0 0 0 1125 754 630 630 0 0 0 0 0 0 0 1231 825 701 701 0 0 0 0 0 0 0 1252 840 716 716 0 0 0 0 0 0 0 1252 840 716 716 0 0 0 0 0 0 0 1253 841 717 717 0 0 0 0 0 0 0 1125 754 630 630 0 0 0 0 0 0 0 1125 754 630 630 0 0 0 0 0 0 0 1191 799 675 675 0 0 0 0 0 0 0 1231 825 701 701 0 0 0 0 0 0 0 1307 864 740 740 0 0 0 0 0 0 0 1253 841 717 717 0 0 0 0 0 0 0 1252 840 716 716 0 0 0 0 0 0 0 1252 840 716 716 0 0 0 0 0 0 0 1306 852 728 728 0 0 0 0 0 0 0 1307 864 740 740 0 0 0 0 0 0 0 1191 799 675 675 0 0 0 0 0 0 0 1251 839 715 715 0 0 0 0 0 0 0 1231 825 701 701 0 0 0 0 0 0 0 1124 753 629 629 0 0 0 0 0 0 0 1128 757 633 633 0 0 0 0 0 0 0 1191 799 675 675 0 0 0 0 0 0 0 1136 762 638 638 0 0 0 0 0 0 0 3065 758 634 634 0 0 0 0 0 0 0 1327 879 755 755 0 0 0 0 0 0 0 1234 828 704 704 0 0 0 0 0 0 0 1136 762 638 638 0 0 0 0 0 0 0 1327 879 755 755 0 0 0 0 0 0 0 1136 762 638 638 0 0 0 0 0 0 0 1234 828 704 704 0 0 0 0 0 0 0 1134 760 636 636 0 0 0 0 0 0 0 3046 1973 1569 1569 0 0 0 0 0 0 0 1135 761 637 637 0 0 0 0 0 0 0 1134 760 636 636 0 0 0 0 0 0 0 1288 856 732 732 0 0 0 0 0 0 0 3046 1973 1569 1569 0 0 0 0 0 0 0 1134 760 636 636 0 0 0 0 0 0 0 1287 855 731 731 0 0 0 0 0 0 0 1134 760 636 636 0 0 0 0 0 0 0 1234 828 704 704 0 0 0 0 0 0 0 1134 760 636 636 0 0 0 0 0 0 0 1287 855 731 731 0 0 0 0 0 0 0 1288 856 732 732 0 0 0 0 0 0 0 1039 687 563 563 0 0 0 0 0 0 0 1134 760 636 636 0 0 0 0 0 0 0 1135 761 637 637 0 0 0 0 0 0 0 1234 828 704 704 0 0 0 0 0 0 0 1327 879 755 755 0 0 0 0 0 0 0 1282 853 729 729 0 0 0 0 0 0 0 1234 828 704 704 0 0 0 0 0 0 0 1283 854 730 730 0 0 0 0 0 0 0 1287 855 731 731 0 0 0 0 0 0 0 1282 853 729 729 0 0 0 0 0 0 0 1283 854 730 730 0 0 0 0 0 0 0 1234 828 704 704 0 0 0 0 0 0 0 3065 758 634 634 0 0 0 0 0 0 0 1328 843 719 719 0 0 0 0 0 0 0 1327 879 755 755 0 0 0 0 0 0 0 1282 853 729 729 0 0 0 0 0 0 0 1327 879 755 755 0 0 0 0 0 0 0 1329 880 756 756 0 0 0 0 0 0 0 1327 879 755 755 0 0 0 0 0 0 0 1328 843 719 719 0 0 0 0 0 0 0 1329 880 756 756 0 0 0 0 0 0 0 1329 880 756 756 0 0 0 0 0 0 0 1351 881 757 757 0 0 0 0 0 0 0 1282 853 729 729 0 0 0 0 0 0 0 1376 910 786 786 0 0 0 0 0 0 0 1329 880 756 756 0 0 0 0 0 0 0 1395 892 768 768 0 0 0 0 0 0 0 1329 880 756 756 0 0 0 0 0 0 0 1376 910 786 786 0 0 0 0 0 0 0 1351 881 757 757 0 0 0 0 0 0 0 1329 880 756 756 0 0 0 0 0 0 0 1328 843 719 719 0 0 0 0 0 0 0 1367 903 779 779 0 0 0 0 0 0 0 1396 922 798 798 0 0 0 0 0 0 0 1399 924 800 800 0 0 0 0 0 0 0 1351 881 757 757 0 0 0 0 0 0 0 1398 902 778 778 0 0 0 0 0 0 0 1351 881 757 757 0 0 0 0 0 0 0 1399 924 800 800 0 0 0 0 0 0 0 1376 910 786 786 0 0 0 0 0 0 0 1396 922 798 798 0 0 0 0 0 0 0 1351 881 757 757 0 0 0 0 0 0 0 1403 927 803 803 0 0 0 0 0 0 0 1376 910 786 786 0 0 0 0 0 0 0 1395 892 768 768 0 0 0 0 0 0 0 1376 910 786 786 0 0 0 0 0 0 0 1403 927 803 803 0 0 0 0 0 0 0 1396 922 798 798 0 0 0 0 0 0 0 1395 892 768 768 0 0 0 0 0 0 0 1379 905 781 781 0 0 0 0 0 0 0 1403 927 803 803 0 0 0 0 0 0 0 1394 901 777 777 0 0 0 0 0 0 0 1379 905 781 781 0 0 0 0 0 0 0 1395 892 768 768 0 0 0 0 0 0 0 1403 927 803 803 0 0 0 0 0 0 0 1379 905 781 781 0 0 0 0 0 0 0 1378 912 788 788 0 0 0 0 0 0 0 1396 922 798 798 0 0 0 0 0 0 0 1403 927 803 803 0 0 0 0 0 0 0 1414 932 808 808 0 0 0 0 0 0 0 1378 912 788 788 0 0 0 0 0 0 0 1414 932 808 808 0 0 0 0 0 0 0 1403 927 803 803 0 0 0 0 0 0 0 1399 924 800 800 0 0 0 0 0 0 0 1396 922 798 798 0 0 0 0 0 0 0 1416 934 810 810 0 0 0 0 0 0 0 1396 922 798 798 0 0 0 0 0 0 0 1414 932 808 808 0 0 0 0 0 0 0 1415 933 809 809 0 0 0 0 0 0 0 1415 933 809 809 0 0 0 0 0 0 0 1416 934 810 810 0 0 0 0 0 0 0 1396 922 798 798 0 0 0 0 0 0 0 1333 882 758 758 0 0 0 0 0 0 0 1398 902 778 778 0 0 0 0 0 0 0 1399 924 800 800 0 0 0 0 0 0 0 1397 923 799 799 0 0 0 0 0 0 0 1333 882 758 758 0 0 0 0 0 0 0 1399 924 800 800 0 0 0 0 0 0 0 1424 939 815 815 0 0 0 0 0 0 0 1408 929 805 805 0 0 0 0 0 0 0 1399 924 800 800 0 0 0 0 0 0 0 1408 929 805 805 0 0 0 0 0 0 0 1397 923 799 799 0 0 0 0 0 0 0 1399 924 800 800 0 0 0 0 0 0 0 1416 934 810 810 0 0 0 0 0 0 0 1424 939 815 815 0 0 0 0 0 0 0 1399 924 800 800 0 0 0 0 0 0 0 1398 902 778 778 0 0 0 0 0 0 0 1287 855 731 731 0 0 0 0 0 0 0 1283 854 730 730 0 0 0 0 0 0 0 1333 882 758 758 0 0 0 0 0 0 0 1287 855 731 731 0 0 0 0 0 0 0 1398 902 778 778 0 0 0 0 0 0 0 1287 855 731 731 0 0 0 0 0 0 0 1333 882 758 758 0 0 0 0 0 0 0 1288 856 732 732 0 0 0 0 0 0 0 1320 874 750 750 0 0 0 0 0 0 0 3046 1973 1569 1569 0 0 0 0 0 0 0 1288 856 732 732 0 0 0 0 0 0 0 1368 904 780 780 0 0 0 0 0 0 0 1320 874 750 750 0 0 0 0 0 0 0 1288 856 732 732 0 0 0 0 0 0 0 1333 882 758 758 0 0 0 0 0 0 0 1368 904 780 780 0 0 0 0 0 0 0 1288 856 732 732 0 0 0 0 0 0 0 1135 761 637 637 0 0 0 0 0 0 0 3046 1973 1569 1569 0 0 0 0 0 0 0 1217 813 689 689 0 0 0 0 0 0 0 1217 813 689 689 0 0 0 0 0 0 0 3046 1973 1569 1569 0 0 0 0 0 0 0 1320 874 750 750 0 0 0 0 0 0 0 1135 761 637 637 0 0 0 0 0 0 0 1059 698 574 574 0 0 0 0 0 0 0 1039 687 563 563 0 0 0 0 0 0 0 1135 761 637 637 0 0 0 0 0 0 0 1217 813 689 689 0 0 0 0 0 0 0 1059 698 574 574 0 0 0 0 0 0 0 1320 874 750 750 0 0 0 0 0 0 0 1271 847 723 723 0 0 0 0 0 0 0 1217 813 689 689 0 0 0 0 0 0 0 1271 847 723 723 0 0 0 0 0 0 0 1171 784 660 660 0 0 0 0 0 0 0 1217 813 689 689 0 0 0 0 0 0 0 1059 698 574 574 0 0 0 0 0 0 0 1217 813 689 689 0 0 0 0 0 0 0 1171 784 660 660 0 0 0 0 0 0 0 1320 874 750 750 0 0 0 0 0 0 0 1368 904 780 780 0 0 0 0 0 0 0 1318 872 748 748 0 0 0 0 0 0 0 1271 847 723 723 0 0 0 0 0 0 0 1320 874 750 750 0 0 0 0 0 0 0 1318 872 748 748 0 0 0 0 0 0 0 1382 914 790 790 0 0 0 0 0 0 0 1383 915 791 791 0 0 0 0 0 0 0 1368 904 780 780 0 0 0 0 0 0 0 1333 882 758 758 0 0 0 0 0 0 0 1397 923 799 799 0 0 0 0 0 0 0 1368 904 780 780 0 0 0 0 0 0 0 1318 872 748 748 0 0 0 0 0 0 0 1368 904 780 780 0 0 0 0 0 0 0 1383 915 791 791 0 0 0 0 0 0 0 1408 929 805 805 0 0 0 0 0 0 0 1409 907 783 783 0 0 0 0 0 0 0 1397 923 799 799 0 0 0 0 0 0 0 1419 936 812 812 0 0 0 0 0 0 0 1408 929 805 805 0 0 0 0 0 0 0 1424 939 815 815 0 0 0 0 0 0 0 1409 907 783 783 0 0 0 0 0 0 0 1408 929 805 805 0 0 0 0 0 0 0 1419 936 812 812 0 0 0 0 0 0 0 1431 943 819 819 0 0 0 0 0 0 0 1424 939 815 815 0 0 0 0 0 0 0 1430 942 818 818 0 0 0 0 0 0 0 1423 938 814 814 0 0 0 0 0 0 0 1424 939 815 815 0 0 0 0 0 0 0 1431 943 819 819 0 0 0 0 0 0 0 1430 942 818 818 0 0 0 0 0 0 0 1424 939 815 815 0 0 0 0 0 0 0 1416 934 810 810 0 0 0 0 0 0 0 1424 939 815 815 0 0 0 0 0 0 0 1423 938 814 814 0 0 0 0 0 0 0 1419 936 812 812 0 0 0 0 0 0 0 1416 934 810 810 0 0 0 0 0 0 0 1415 933 809 809 0 0 0 0 0 0 0 1430 942 818 818 0 0 0 0 0 0 0 1414 932 808 808 0 0 0 0 0 0 0 1430 942 818 818 0 0 0 0 0 0 0 1415 933 809 809 0 0 0 0 0 0 0 1425 940 816 816 0 0 0 0 0 0 0 1430 942 818 818 0 0 0 0 0 0 0 1414 932 808 808 0 0 0 0 0 0 0 1425 940 816 816 0 0 0 0 0 0 0 1414 932 808 808 0 0 0 0 0 0 0 1417 935 811 811 0 0 0 0 0 0 0 1417 935 811 811 0 0 0 0 0 0 0 1414 932 808 808 0 0 0 0 0 0 0 1378 912 788 788 0 0 0 0 0 0 0 1378 912 788 788 0 0 0 0 0 0 0 1377 911 787 787 0 0 0 0 0 0 0 1417 935 811 811 0 0 0 0 0 0 0 1377 911 787 787 0 0 0 0 0 0 0 1378 912 788 788 0 0 0 0 0 0 0 1379 905 781 781 0 0 0 0 0 0 0 1417 935 811 811 0 0 0 0 0 0 0 3045 928 804 804 0 0 0 0 0 0 0 1425 940 816 816 0 0 0 0 0 0 0 1440 947 823 823 0 0 0 0 0 0 0 1425 940 816 816 0 0 0 0 0 0 0 3045 928 804 804 0 0 0 0 0 0 0 1425 940 816 816 0 0 0 0 0 0 0 1440 947 823 823 0 0 0 0 0 0 0 1432 944 820 820 0 0 0 0 0 0 0 1432 944 820 820 0 0 0 0 0 0 0 1430 942 818 818 0 0 0 0 0 0 0 1425 940 816 816 0 0 0 0 0 0 0 1430 942 818 818 0 0 0 0 0 0 0 1432 944 820 820 0 0 0 0 0 0 0 1431 943 819 819 0 0 0 0 0 0 0 1431 943 819 819 0 0 0 0 0 0 0 1432 944 820 820 0 0 0 0 0 0 0 1439 948 824 824 0 0 0 0 0 0 0 1423 938 814 814 0 0 0 0 0 0 0 1431 943 819 819 0 0 0 0 0 0 0 1411 930 806 806 0 0 0 0 0 0 0 1423 938 814 814 0 0 0 0 0 0 0 1411 930 806 806 0 0 0 0 0 0 0 1410 907 783 783 0 0 0 0 0 0 0 1410 907 783 783 0 0 0 0 0 0 0 1411 930 806 806 0 0 0 0 0 0 0 1412 918 794 794 0 0 0 0 0 0 0 3050 875 751 751 0 0 0 0 0 0 0 1410 907 783 783 0 0 0 0 0 0 0 1412 918 794 794 0 0 0 0 0 0 0 1439 948 824 824 0 0 0 0 0 0 0 1432 944 820 820 0 0 0 0 0 0 0 1440 947 823 823 0 0 0 0 0 0 0 1438 946 822 822 0 0 0 0 0 0 0 1439 948 824 824 0 0 0 0 0 0 0 1440 947 823 823 0 0 0 0 0 0 0 1383 915 791 791 0 0 0 0 0 0 0 1319 873 749 749 0 0 0 0 0 0 0 1318 872 748 748 0 0 0 0 0 0 0 1383 915 791 791 0 0 0 0 0 0 0 1356 896 772 772 0 0 0 0 0 0 0 1319 873 749 749 0 0 0 0 0 0 0 1382 914 790 790 0 0 0 0 0 0 0 1356 896 772 772 0 0 0 0 0 0 0 1383 915 791 791 0 0 0 0 0 0 0 1271 847 723 723 0 0 0 0 0 0 0 1318 872 748 748 0 0 0 0 0 0 0 1319 873 749 749 0 0 0 0 0 0 0 1271 847 723 723 0 0 0 0 0 0 0 1198 804 680 680 0 0 0 0 0 0 0 1171 784 660 660 0 0 0 0 0 0 0 1319 873 749 749 0 0 0 0 0 0 0 1242 833 709 709 0 0 0 0 0 0 0 1271 847 723 723 0 0 0 0 0 0 0 1198 804 680 680 0 0 0 0 0 0 0 1271 847 723 723 0 0 0 0 0 0 0 1242 833 709 709 0 0 0 0 0 0 0 1171 784 660 660 0 0 0 0 0 0 0 1089 723 599 599 0 0 0 0 0 0 0 1038 686 562 562 0 0 0 0 0 0 0 1089 723 599 599 0 0 0 0 0 0 0 1171 784 660 660 0 0 0 0 0 0 0 1198 804 680 680 0 0 0 0 0 0 0 1059 698 574 574 0 0 0 0 0 0 0 1171 784 660 660 0 0 0 0 0 0 0 1038 686 562 562 0 0 0 0 0 0 0 1059 698 574 574 0 0 0 0 0 0 0 999 653 529 529 0 0 0 0 0 0 0 1039 687 563 563 0 0 0 0 0 0 0 999 653 529 529 0 0 0 0 0 0 0 1059 698 574 574 0 0 0 0 0 0 0 1038 686 562 562 0 0 0 0 0 0 0 1014 666 542 542 0 0 0 0 0 0 0 1011 663 539 539 0 0 0 0 0 0 0 1038 686 562 562 0 0 0 0 0 0 0 1090 724 600 600 0 0 0 0 0 0 0 1014 666 542 542 0 0 0 0 0 0 0 1038 686 562 562 0 0 0 0 0 0 0 1038 686 562 562 0 0 0 0 0 0 0 1089 723 599 599 0 0 0 0 0 0 0 1090 724 600 600 0 0 0 0 0 0 0 999 653 529 529 0 0 0 0 0 0 0 1038 686 562 562 0 0 0 0 0 0 0 1011 663 539 539 0 0 0 0 0 0 0 1028 677 553 553 0 0 0 0 0 0 0 1090 724 600 600 0 0 0 0 0 0 0 1089 723 599 599 0 0 0 0 0 0 0 1091 725 601 601 0 0 0 0 0 0 0 1089 723 599 599 0 0 0 0 0 0 0 1198 804 680 680 0 0 0 0 0 0 0 1089 723 599 599 0 0 0 0 0 0 0 1091 725 601 601 0 0 0 0 0 0 0 1028 677 553 553 0 0 0 0 0 0 0 1178 790 666 666 0 0 0 0 0 0 0 1198 804 680 680 0 0 0 0 0 0 0 1242 833 709 709 0 0 0 0 0 0 0 1091 725 601 601 0 0 0 0 0 0 0 1198 804 680 680 0 0 0 0 0 0 0 1178 790 666 666 0 0 0 0 0 0 0 1341 887 763 763 0 0 0 0 0 0 0 3055 859 735 735 0 0 0 0 0 0 0 1242 833 709 709 0 0 0 0 0 0 0 1319 873 749 749 0 0 0 0 0 0 0 1341 887 763 763 0 0 0 0 0 0 0 1242 833 709 709 0 0 0 0 0 0 0 1242 833 709 709 0 0 0 0 0 0 0 1197 803 679 679 0 0 0 0 0 0 0 1178 790 666 666 0 0 0 0 0 0 0 1356 896 772 772 0 0 0 0 0 0 0 1341 887 763 763 0 0 0 0 0 0 0 1319 873 749 749 0 0 0 0 0 0 0 1382 914 790 790 0 0 0 0 0 0 0 1370 906 782 782 0 0 0 0 0 0 0 1356 896 772 772 0 0 0 0 0 0 0 1370 906 782 782 0 0 0 0 0 0 0 1341 887 763 763 0 0 0 0 0 0 0 1356 896 772 772 0 0 0 0 0 0 0 1148 767 643 643 0 0 0 0 0 0 0 1197 803 679 679 0 0 0 0 0 0 0 1241 832 708 708 0 0 0 0 0 0 0 1178 790 666 666 0 0 0 0 0 0 0 1197 803 679 679 0 0 0 0 0 0 0 1148 767 643 643 0 0 0 0 0 0 0 1091 725 601 601 0 0 0 0 0 0 0 1178 790 666 666 0 0 0 0 0 0 0 1148 767 643 643 0 0 0 0 0 0 0 1091 725 601 601 0 0 0 0 0 0 0 1149 768 644 644 0 0 0 0 0 0 0 1028 677 553 553 0 0 0 0 0 0 0 1091 725 601 601 0 0 0 0 0 0 0 1148 767 643 643 0 0 0 0 0 0 0 1149 768 644 644 0 0 0 0 0 0 0 1028 677 553 553 0 0 0 0 0 0 0 1014 666 542 542 0 0 0 0 0 0 0 1090 724 600 600 0 0 0 0 0 0 0 1149 768 644 644 0 0 0 0 0 0 0 1070 708 584 584 0 0 0 0 0 0 0 1028 677 553 553 0 0 0 0 0 0 0 869 560 464 464 0 0 0 0 0 0 0 1028 677 553 553 0 0 0 0 0 0 0 1070 708 584 584 0 0 0 0 0 0 0 1014 666 542 542 0 0 0 0 0 0 0 1028 677 553 553 0 0 0 0 0 0 0 869 560 464 464 0 0 0 0 0 0 0 1014 666 542 542 0 0 0 0 0 0 0 3085 1978 867 867 0 0 0 0 0 0 0 1012 664 540 540 0 0 0 0 0 0 0 1014 666 542 542 0 0 0 0 0 0 0 1013 665 541 541 0 0 0 0 0 0 0 3085 1978 867 867 0 0 0 0 0 0 0 1012 664 540 540 0 0 0 0 0 0 0 1011 663 539 539 0 0 0 0 0 0 0 1014 666 542 542 0 0 0 0 0 0 0 1013 665 541 541 0 0 0 0 0 0 0 1014 666 542 542 0 0 0 0 0 0 0 869 560 464 464 0 0 0 0 0 0 0 1000 654 530 530 0 0 0 0 0 0 0 999 653 529 529 0 0 0 0 0 0 0 1011 663 539 539 0 0 0 0 0 0 0 1000 654 530 530 0 0 0 0 0 0 0 1011 663 539 539 0 0 0 0 0 0 0 1012 664 540 540 0 0 0 0 0 0 0 971 629 508 508 0 0 0 0 0 0 0 965 623 502 502 0 0 0 0 0 0 0 999 653 529 529 0 0 0 0 0 0 0 965 623 502 502 0 0 0 0 0 0 0 1039 687 563 563 0 0 0 0 0 0 0 999 653 529 529 0 0 0 0 0 0 0 999 653 529 529 0 0 0 0 0 0 0 1000 654 530 530 0 0 0 0 0 0 0 971 629 508 508 0 0 0 0 0 0 0 1000 654 530 530 0 0 0 0 0 0 0 977 635 514 514 0 0 0 0 0 0 0 971 629 508 508 0 0 0 0 0 0 0 1012 664 540 540 0 0 0 0 0 0 0 977 635 514 514 0 0 0 0 0 0 0 1000 654 530 530 0 0 0 0 0 0 0 970 628 507 507 0 0 0 0 0 0 0 965 623 502 502 0 0 0 0 0 0 0 971 629 508 508 0 0 0 0 0 0 0 972 630 509 509 0 0 0 0 0 0 0 971 629 508 508 0 0 0 0 0 0 0 977 635 514 514 0 0 0 0 0 0 0 970 628 507 507 0 0 0 0 0 0 0 971 629 508 508 0 0 0 0 0 0 0 972 630 509 509 0 0 0 0 0 0 0 1039 687 563 563 0 0 0 0 0 0 0 965 623 502 502 0 0 0 0 0 0 0 1001 655 531 531 0 0 0 0 0 0 0 973 631 510 510 0 0 0 0 0 0 0 1001 655 531 531 0 0 0 0 0 0 0 965 623 502 502 0 0 0 0 0 0 0 720 456 372 372 0 0 0 0 0 0 0 3100 1984 1577 1577 0 0 0 0 0 0 0 869 560 464 464 0 0 0 0 0 0 0 869 560 464 464 0 0 0 0 0 0 0 1047 691 567 567 0 0 0 0 0 0 0 722 458 374 374 0 0 0 0 0 0 0 869 560 464 464 0 0 0 0 0 0 0 1071 709 585 585 0 0 0 0 0 0 0 1047 691 567 567 0 0 0 0 0 0 0 869 560 464 464 0 0 0 0 0 0 0 1070 708 584 584 0 0 0 0 0 0 0 1071 709 585 585 0 0 0 0 0 0 0 869 560 464 464 0 0 0 0 0 0 0 722 458 374 374 0 0 0 0 0 0 0 720 456 372 372 0 0 0 0 0 0 0 1070 708 584 584 0 0 0 0 0 0 0 1149 768 644 644 0 0 0 0 0 0 0 1116 749 625 625 0 0 0 0 0 0 0 1070 708 584 584 0 0 0 0 0 0 0 1116 749 625 625 0 0 0 0 0 0 0 1071 709 585 585 0 0 0 0 0 0 0 1116 749 625 625 0 0 0 0 0 0 0 1149 768 644 644 0 0 0 0 0 0 0 1176 788 664 664 0 0 0 0 0 0 0 1148 767 643 643 0 0 0 0 0 0 0 1176 788 664 664 0 0 0 0 0 0 0 1149 768 644 644 0 0 0 0 0 0 0 1176 788 664 664 0 0 0 0 0 0 0 1148 767 643 643 0 0 0 0 0 0 0 1200 805 681 681 0 0 0 0 0 0 0 1241 832 708 708 0 0 0 0 0 0 0 1200 805 681 681 0 0 0 0 0 0 0 1148 767 643 643 0 0 0 0 0 0 0 1177 789 665 665 0 0 0 0 0 0 0 1176 788 664 664 0 0 0 0 0 0 0 1243 834 710 710 0 0 0 0 0 0 0 1176 788 664 664 0 0 0 0 0 0 0 1200 805 681 681 0 0 0 0 0 0 0 1243 834 710 710 0 0 0 0 0 0 0 1176 788 664 664 0 0 0 0 0 0 0 1177 789 665 665 0 0 0 0 0 0 0 1116 749 625 625 0 0 0 0 0 0 0 1177 789 665 665 0 0 0 0 0 0 0 1117 710 586 586 0 0 0 0 0 0 0 1116 749 625 625 0 0 0 0 0 0 0 1071 709 585 585 0 0 0 0 0 0 0 1116 749 625 625 0 0 0 0 0 0 0 1117 710 586 586 0 0 0 0 0 0 0 1048 692 568 568 0 0 0 0 0 0 0 1047 691 567 567 0 0 0 0 0 0 0 1071 709 585 585 0 0 0 0 0 0 0 1117 710 586 586 0 0 0 0 0 0 0 1049 693 569 569 0 0 0 0 0 0 0 1071 709 585 585 0 0 0 0 0 0 0 1071 709 585 585 0 0 0 0 0 0 0 1049 693 569 569 0 0 0 0 0 0 0 1048 692 568 568 0 0 0 0 0 0 0 1047 691 567 567 0 0 0 0 0 0 0 1048 692 568 568 0 0 0 0 0 0 0 724 460 376 376 0 0 0 0 0 0 0 722 458 374 374 0 0 0 0 0 0 0 1047 691 567 567 0 0 0 0 0 0 0 721 457 373 373 0 0 0 0 0 0 0 724 460 376 376 0 0 0 0 0 0 0 721 457 373 373 0 0 0 0 0 0 0 1047 691 567 567 0 0 0 0 0 0 0 721 457 373 373 0 0 0 0 0 0 0 720 456 372 372 0 0 0 0 0 0 0 722 458 374 374 0 0 0 0 0 0 0 719 455 371 371 0 0 0 0 0 0 0 720 456 372 372 0 0 0 0 0 0 0 721 457 373 373 0 0 0 0 0 0 0 724 460 376 376 0 0 0 0 0 0 0 719 455 371 371 0 0 0 0 0 0 0 721 457 373 373 0 0 0 0 0 0 0 1048 692 568 568 0 0 0 0 0 0 0 954 614 377 377 0 0 0 0 0 0 0 724 460 376 376 0 0 0 0 0 0 0 723 459 375 375 0 0 0 0 0 0 0 719 455 371 371 0 0 0 0 0 0 0 724 460 376 376 0 0 0 0 0 0 0 954 614 377 377 0 0 0 0 0 0 0 1048 692 568 568 0 0 0 0 0 0 0 1049 693 569 569 0 0 0 0 0 0 0 953 613 459 459 0 0 0 0 0 0 0 1049 693 569 569 0 0 0 0 0 0 0 1072 678 554 554 0 0 0 0 0 0 0 953 613 459 459 0 0 0 0 0 0 0 954 614 377 377 0 0 0 0 0 0 0 1049 693 569 569 0 0 0 0 0 0 0 954 614 377 377 0 0 0 0 0 0 0 889 575 456 456 0 0 0 0 0 0 0 887 573 378 378 0 0 0 0 0 0 0 953 613 459 459 0 0 0 0 0 0 0 889 575 456 456 0 0 0 0 0 0 0 954 614 377 377 0 0 0 0 0 0 0 889 575 456 456 0 0 0 0 0 0 0 890 576 475 475 0 0 0 0 0 0 0 887 573 378 378 0 0 0 0 0 0 0 952 462 451 451 0 0 0 0 0 0 0 887 573 378 378 0 0 0 0 0 0 0 885 572 452 452 0 0 0 0 0 0 0 951 462 377 377 0 0 0 0 0 0 0 887 573 378 378 0 0 0 0 0 0 0 952 462 451 451 0 0 0 0 0 0 0 887 573 378 378 0 0 0 0 0 0 0 890 576 475 475 0 0 0 0 0 0 0 888 574 474 474 0 0 0 0 0 0 0 887 573 378 378 0 0 0 0 0 0 0 888 574 474 474 0 0 0 0 0 0 0 885 572 452 452 0 0 0 0 0 0 0 913 596 486 486 0 0 0 0 0 0 0 888 574 474 474 0 0 0 0 0 0 0 890 576 475 475 0 0 0 0 0 0 0 912 595 485 485 0 0 0 0 0 0 0 888 574 474 474 0 0 0 0 0 0 0 913 596 486 486 0 0 0 0 0 0 0 912 595 485 485 0 0 0 0 0 0 0 883 571 472 472 0 0 0 0 0 0 0 888 574 474 474 0 0 0 0 0 0 0 885 572 452 452 0 0 0 0 0 0 0 888 574 474 474 0 0 0 0 0 0 0 883 571 472 472 0 0 0 0 0 0 0 950 541 376 376 0 0 0 0 0 0 0 885 572 452 452 0 0 0 0 0 0 0 886 459 375 375 0 0 0 0 0 0 0 949 541 451 451 0 0 0 0 0 0 0 885 572 452 452 0 0 0 0 0 0 0 950 541 376 376 0 0 0 0 0 0 0 885 572 452 452 0 0 0 0 0 0 0 884 558 473 473 0 0 0 0 0 0 0 886 459 375 375 0 0 0 0 0 0 0 883 571 472 472 0 0 0 0 0 0 0 884 558 473 473 0 0 0 0 0 0 0 885 572 452 452 0 0 0 0 0 0 0 911 594 484 484 0 0 0 0 0 0 0 883 571 472 472 0 0 0 0 0 0 0 912 595 485 485 0 0 0 0 0 0 0 911 594 484 484 0 0 0 0 0 0 0 884 558 473 473 0 0 0 0 0 0 0 883 571 472 472 0 0 0 0 0 0 0 910 593 483 483 0 0 0 0 0 0 0 884 558 473 473 0 0 0 0 0 0 0 911 594 484 484 0 0 0 0 0 0 0 910 593 483 483 0 0 0 0 0 0 0 882 570 471 471 0 0 0 0 0 0 0 884 558 473 473 0 0 0 0 0 0 0 909 592 482 482 0 0 0 0 0 0 0 882 570 471 471 0 0 0 0 0 0 0 910 593 483 483 0 0 0 0 0 0 0 908 591 481 481 0 0 0 0 0 0 0 882 570 471 471 0 0 0 0 0 0 0 909 592 482 482 0 0 0 0 0 0 0 878 568 469 469 0 0 0 0 0 0 0 882 570 471 471 0 0 0 0 0 0 0 908 591 481 481 0 0 0 0 0 0 0 877 567 468 468 0 0 0 0 0 0 0 882 570 471 471 0 0 0 0 0 0 0 878 568 469 469 0 0 0 0 0 0 0 881 569 470 470 0 0 0 0 0 0 0 882 570 471 471 0 0 0 0 0 0 0 877 567 468 468 0 0 0 0 0 0 0 907 589 480 480 0 0 0 0 0 0 0 878 568 469 469 0 0 0 0 0 0 0 908 591 481 481 0 0 0 0 0 0 0 880 563 450 450 0 0 0 0 0 0 0 878 568 469 469 0 0 0 0 0 0 0 907 589 480 480 0 0 0 0 0 0 0 879 565 467 467 0 0 0 0 0 0 0 878 568 469 469 0 0 0 0 0 0 0 880 563 450 450 0 0 0 0 0 0 0 877 567 468 468 0 0 0 0 0 0 0 878 568 469 469 0 0 0 0 0 0 0 879 565 467 467 0 0 0 0 0 0 0 946 611 494 494 0 0 0 0 0 0 0 881 569 470 470 0 0 0 0 0 0 0 877 567 468 468 0 0 0 0 0 0 0 947 610 493 493 0 0 0 0 0 0 0 877 567 468 468 0 0 0 0 0 0 0 879 565 467 467 0 0 0 0 0 0 0 946 611 494 494 0 0 0 0 0 0 0 877 567 468 468 0 0 0 0 0 0 0 947 610 493 493 0 0 0 0 0 0 0 948 612 495 495 0 0 0 0 0 0 0 881 569 470 470 0 0 0 0 0 0 0 946 611 494 494 0 0 0 0 0 0 0 1199 769 645 645 0 0 0 0 0 0 0 1117 710 586 586 0 0 0 0 0 0 0 1177 789 665 665 0 0 0 0 0 0 0 1243 834 710 710 0 0 0 0 0 0 0 1200 805 681 681 0 0 0 0 0 0 0 1199 769 645 645 0 0 0 0 0 0 0 1243 834 710 710 0 0 0 0 0 0 0 1199 769 645 645 0 0 0 0 0 0 0 1177 789 665 665 0 0 0 0 0 0 0 1199 769 645 645 0 0 0 0 0 0 0 1200 805 681 681 0 0 0 0 0 0 0 1201 726 602 602 0 0 0 0 0 0 0 3062 765 641 641 0 0 0 0 0 0 0 1114 747 623 623 0 0 0 0 0 0 0 1238 766 642 642 0 0 0 0 0 0 0 1240 820 696 696 0 0 0 0 0 0 0 3062 765 641 641 0 0 0 0 0 0 0 1238 766 642 642 0 0 0 0 0 0 0 1046 689 565 565 0 0 0 0 0 0 0 1145 746 622 622 0 0 0 0 0 0 0 1114 747 623 623 0 0 0 0 0 0 0 1046 689 565 565 0 0 0 0 0 0 0 1022 660 536 536 0 0 0 0 0 0 0 1044 673 549 549 0 0 0 0 0 0 0 1046 689 565 565 0 0 0 0 0 0 0 1045 690 566 566 0 0 0 0 0 0 0 1145 746 622 622 0 0 0 0 0 0 0 1044 673 549 549 0 0 0 0 0 0 0 1045 690 566 566 0 0 0 0 0 0 0 1046 689 565 565 0 0 0 0 0 0 0 1021 673 549 549 0 0 0 0 0 0 0 1022 660 536 536 0 0 0 0 0 0 0 982 633 512 512 0 0 0 0 0 0 0 982 633 512 512 0 0 0 0 0 0 0 981 639 518 518 0 0 0 0 0 0 0 1021 673 549 549 0 0 0 0 0 0 0 982 633 512 512 0 0 0 0 0 0 0 3095 632 511 511 0 0 0 0 0 0 0 980 638 517 517 0 0 0 0 0 0 0 980 638 517 517 0 0 0 0 0 0 0 981 639 518 518 0 0 0 0 0 0 0 982 633 512 512 0 0 0 0 0 0 0 1238 766 642 642 0 0 0 0 0 0 0 1239 831 707 707 0 0 0 0 0 0 0 1240 820 696 696 0 0 0 0 0 0 0 614 400 326 326 0 0 0 0 0 0 0 615 401 326 326 0 0 0 0 0 0 0 616 402 327 327 0 0 0 0 0 0 0 616 402 327 327 0 0 0 0 0 0 0 615 401 326 326 0 0 0 0 0 0 0 617 403 327 327 0 0 0 0 0 0 0 616 402 327 327 0 0 0 0 0 0 0 635 417 329 329 0 0 0 0 0 0 0 621 406 328 328 0 0 0 0 0 0 0 616 402 327 327 0 0 0 0 0 0 0 617 403 327 327 0 0 0 0 0 0 0 647 419 338 338 0 0 0 0 0 0 0 621 406 328 328 0 0 0 0 0 0 0 622 400 326 326 0 0 0 0 0 0 0 616 402 327 327 0 0 0 0 0 0 0 617 403 327 327 0 0 0 0 0 0 0 648 405 329 329 0 0 0 0 0 0 0 647 419 338 338 0 0 0 0 0 0 0 659 422 341 341 0 0 0 0 0 0 0 647 419 338 338 0 0 0 0 0 0 0 657 418 337 337 0 0 0 0 0 0 0 648 405 329 329 0 0 0 0 0 0 0 657 418 337 337 0 0 0 0 0 0 0 647 419 338 338 0 0 0 0 0 0 0 657 418 337 337 0 0 0 0 0 0 0 658 409 332 332 0 0 0 0 0 0 0 659 422 341 341 0 0 0 0 0 0 0 622 400 326 326 0 0 0 0 0 0 0 621 406 328 328 0 0 0 0 0 0 0 639 404 328 328 0 0 0 0 0 0 0 3121 407 330 330 0 0 0 0 0 0 0 639 404 328 328 0 0 0 0 0 0 0 621 406 328 328 0 0 0 0 0 0 0 633 415 335 335 0 0 0 0 0 0 0 621 406 328 328 0 0 0 0 0 0 0 635 417 329 329 0 0 0 0 0 0 0 635 417 329 329 0 0 0 0 0 0 0 634 416 336 336 0 0 0 0 0 0 0 633 415 335 335 0 0 0 0 0 0 0 633 415 335 335 0 0 0 0 0 0 0 631 414 331 331 0 0 0 0 0 0 0 638 408 331 331 0 0 0 0 0 0 0 631 414 331 331 0 0 0 0 0 0 0 633 415 335 335 0 0 0 0 0 0 0 634 416 336 336 0 0 0 0 0 0 0 634 416 336 336 0 0 0 0 0 0 0 632 412 334 334 0 0 0 0 0 0 0 631 414 331 331 0 0 0 0 0 0 0 650 421 340 340 0 0 0 0 0 0 0 632 412 334 334 0 0 0 0 0 0 0 634 416 336 336 0 0 0 0 0 0 0 650 421 340 340 0 0 0 0 0 0 0 634 416 336 336 0 0 0 0 0 0 0 651 419 338 338 0 0 0 0 0 0 0 631 414 331 331 0 0 0 0 0 0 0 630 413 333 333 0 0 0 0 0 0 0 637 410 333 333 0 0 0 0 0 0 0 637 410 333 333 0 0 0 0 0 0 0 638 408 331 331 0 0 0 0 0 0 0 631 414 331 331 0 0 0 0 0 0 0 630 413 333 333 0 0 0 0 0 0 0 631 414 331 331 0 0 0 0 0 0 0 632 412 334 334 0 0 0 0 0 0 0 627 411 334 334 0 0 0 0 0 0 0 632 412 334 334 0 0 0 0 0 0 0 650 421 340 340 0 0 0 0 0 0 0 650 421 340 340 0 0 0 0 0 0 0 655 409 332 332 0 0 0 0 0 0 0 656 411 334 334 0 0 0 0 0 0 0 649 420 339 339 0 0 0 0 0 0 0 655 409 332 332 0 0 0 0 0 0 0 650 421 340 340 0 0 0 0 0 0 0 649 420 339 339 0 0 0 0 0 0 0 650 421 340 340 0 0 0 0 0 0 0 651 419 338 338 0 0 0 0 0 0 0 627 411 334 334 0 0 0 0 0 0 0 625 409 332 332 0 0 0 0 0 0 0 624 408 331 331 0 0 0 0 0 0 0 627 411 334 334 0 0 0 0 0 0 0 626 410 333 333 0 0 0 0 0 0 0 628 412 334 334 0 0 0 0 0 0 0 624 408 331 331 0 0 0 0 0 0 0 626 410 333 333 0 0 0 0 0 0 0 627 411 334 334 0 0 0 0 0 0 0 625 409 332 332 0 0 0 0 0 0 0 636 418 337 337 0 0 0 0 0 0 0 623 407 330 330 0 0 0 0 0 0 0 623 407 330 330 0 0 0 0 0 0 0 624 408 331 331 0 0 0 0 0 0 0 625 409 332 332 0 0 0 0 0 0 0 624 408 331 331 0 0 0 0 0 0 0 623 407 330 330 0 0 0 0 0 0 0 641 415 335 335 0 0 0 0 0 0 0 642 406 328 328 0 0 0 0 0 0 0 641 415 335 335 0 0 0 0 0 0 0 623 407 330 330 0 0 0 0 0 0 0 619 404 328 328 0 0 0 0 0 0 0 623 407 330 330 0 0 0 0 0 0 0 636 418 337 337 0 0 0 0 0 0 0 636 418 337 337 0 0 0 0 0 0 0 620 405 329 329 0 0 0 0 0 0 0 619 404 328 328 0 0 0 0 0 0 0 618 401 326 326 0 0 0 0 0 0 0 619 404 328 328 0 0 0 0 0 0 0 620 405 329 329 0 0 0 0 0 0 0 620 405 329 329 0 0 0 0 0 0 0 617 403 327 327 0 0 0 0 0 0 0 618 401 326 326 0 0 0 0 0 0 0 628 412 334 334 0 0 0 0 0 0 0 626 410 333 333 0 0 0 0 0 0 0 629 413 333 333 0 0 0 0 0 0 0 639 404 328 328 0 0 0 0 0 0 0 615 401 326 326 0 0 0 0 0 0 0 640 400 326 326 0 0 0 0 0 0 0 643 416 336 336 0 0 0 0 0 0 0 644 417 329 329 0 0 0 0 0 0 0 645 419 338 338 0 0 0 0 0 0 0 644 417 329 329 0 0 0 0 0 0 0 646 402 327 327 0 0 0 0 0 0 0 645 419 338 338 0 0 0 0 0 0 0 652 419 338 338 0 0 0 0 0 0 0 653 422 341 341 0 0 0 0 0 0 0 654 420 339 339 0 0 0 0 0 0 0 654 420 339 339 0 0 0 0 0 0 0 653 422 341 341 0 0 0 0 0 0 0 660 409 332 332 0 0 0 0 0 0 0 661 121 96 96 0 0 0 0 0 0 0 662 119 95 95 0 0 0 0 0 0 0 663 423 63 63 0 0 0 0 0 0 0 663 423 63 63 0 0 0 0 0 0 0 662 119 95 95 0 0 0 0 0 0 0 664 424 342 342 0 0 0 0 0 0 0 670 429 347 347 0 0 0 0 0 0 0 671 430 348 348 0 0 0 0 0 0 0 672 431 349 349 0 0 0 0 0 0 0 673 429 347 347 0 0 0 0 0 0 0 674 426 344 344 0 0 0 0 0 0 0 675 432 350 350 0 0 0 0 0 0 0 675 432 350 350 0 0 0 0 0 0 0 674 426 344 344 0 0 0 0 0 0 0 676 425 343 343 0 0 0 0 0 0 0 691 438 68 68 0 0 0 0 0 0 0 694 441 357 357 0 0 0 0 0 0 0 692 439 355 355 0 0 0 0 0 0 0 691 438 68 68 0 0 0 0 0 0 0 692 439 355 355 0 0 0 0 0 0 0 693 440 356 356 0 0 0 0 0 0 0 3119 446 362 362 0 0 0 0 0 0 0 696 442 358 358 0 0 0 0 0 0 0 695 432 350 350 0 0 0 0 0 0 0 695 432 350 350 0 0 0 0 0 0 0 696 442 358 358 0 0 0 0 0 0 0 697 429 347 347 0 0 0 0 0 0 0 705 129 103 103 0 0 0 0 0 0 0 706 426 344 344 0 0 0 0 0 0 0 707 429 347 347 0 0 0 0 0 0 0 725 461 377 377 0 0 0 0 0 0 0 726 461 378 378 0 0 0 0 0 0 0 727 462 379 379 0 0 0 0 0 0 0 727 462 379 379 0 0 0 0 0 0 0 726 461 378 378 0 0 0 0 0 0 0 728 462 380 380 0 0 0 0 0 0 0 727 462 379 379 0 0 0 0 0 0 0 728 462 380 380 0 0 0 0 0 0 0 831 536 451 451 0 0 0 0 0 0 0 831 536 451 451 0 0 0 0 0 0 0 728 462 380 380 0 0 0 0 0 0 0 832 536 452 452 0 0 0 0 0 0 0 779 510 425 425 0 0 0 0 0 0 0 733 467 385 385 0 0 0 0 0 0 0 729 463 381 381 0 0 0 0 0 0 0 780 510 381 381 0 0 0 0 0 0 0 729 463 381 381 0 0 0 0 0 0 0 731 465 383 383 0 0 0 0 0 0 0 779 510 425 425 0 0 0 0 0 0 0 729 463 381 381 0 0 0 0 0 0 0 780 510 381 381 0 0 0 0 0 0 0 729 463 381 381 0 0 0 0 0 0 0 734 468 386 386 0 0 0 0 0 0 0 730 464 382 382 0 0 0 0 0 0 0 733 467 385 385 0 0 0 0 0 0 0 734 468 386 386 0 0 0 0 0 0 0 729 463 381 381 0 0 0 0 0 0 0 729 463 381 381 0 0 0 0 0 0 0 730 464 382 382 0 0 0 0 0 0 0 731 465 383 383 0 0 0 0 0 0 0 784 510 429 429 0 0 0 0 0 0 0 733 467 385 385 0 0 0 0 0 0 0 779 510 425 425 0 0 0 0 0 0 0 733 467 385 385 0 0 0 0 0 0 0 785 514 430 430 0 0 0 0 0 0 0 735 469 387 387 0 0 0 0 0 0 0 786 510 431 431 0 0 0 0 0 0 0 733 467 385 385 0 0 0 0 0 0 0 784 510 429 429 0 0 0 0 0 0 0 785 514 430 430 0 0 0 0 0 0 0 733 467 385 385 0 0 0 0 0 0 0 786 510 431 431 0 0 0 0 0 0 0 735 469 387 387 0 0 0 0 0 0 0 734 468 386 386 0 0 0 0 0 0 0 733 467 385 385 0 0 0 0 0 0 0 734 468 386 386 0 0 0 0 0 0 0 2235 472 388 388 0 0 0 0 0 0 0 2207 516 432 432 0 0 0 0 0 0 0 2235 472 388 388 0 0 0 0 0 0 0 734 468 386 386 0 0 0 0 0 0 0 735 469 387 387 0 0 0 0 0 0 0 2207 516 432 432 0 0 0 0 0 0 0 730 464 382 382 0 0 0 0 0 0 0 734 468 386 386 0 0 0 0 0 0 0 2207 516 432 432 0 0 0 0 0 0 0 2206 513 428 428 0 0 0 0 0 0 0 730 464 382 382 0 0 0 0 0 0 0 2206 513 428 428 0 0 0 0 0 0 0 732 466 384 384 0 0 0 0 0 0 0 730 464 382 382 0 0 0 0 0 0 0 731 465 383 383 0 0 0 0 0 0 0 730 464 382 382 0 0 0 0 0 0 0 732 466 384 384 0 0 0 0 0 0 0 863 557 461 461 0 0 0 0 0 0 0 731 465 383 383 0 0 0 0 0 0 0 861 511 426 426 0 0 0 0 0 0 0 780 510 381 381 0 0 0 0 0 0 0 731 465 383 383 0 0 0 0 0 0 0 863 557 461 461 0 0 0 0 0 0 0 731 465 383 383 0 0 0 0 0 0 0 732 466 384 384 0 0 0 0 0 0 0 861 511 426 426 0 0 0 0 0 0 0 2206 513 428 428 0 0 0 0 0 0 0 862 512 427 427 0 0 0 0 0 0 0 732 466 384 384 0 0 0 0 0 0 0 861 511 426 426 0 0 0 0 0 0 0 732 466 384 384 0 0 0 0 0 0 0 862 512 427 427 0 0 0 0 0 0 0 736 470 388 388 0 0 0 0 0 0 0 3002 1968 1568 1568 0 0 0 0 0 0 0 2203 1475 1250 1250 0 0 0 0 0 0 0 2203 1475 1250 1250 0 0 0 0 0 0 0 737 471 389 389 0 0 0 0 0 0 0 736 470 388 388 0 0 0 0 0 0 0 742 476 393 393 0 0 0 0 0 0 0 736 470 388 388 0 0 0 0 0 0 0 738 472 388 388 0 0 0 0 0 0 0 740 474 391 391 0 0 0 0 0 0 0 736 470 388 388 0 0 0 0 0 0 0 742 476 393 393 0 0 0 0 0 0 0 736 470 388 388 0 0 0 0 0 0 0 737 471 389 389 0 0 0 0 0 0 0 738 472 388 388 0 0 0 0 0 0 0 2203 1475 1250 1250 0 0 0 0 0 0 0 2205 522 438 438 0 0 0 0 0 0 0 2217 1482 1256 1256 0 0 0 0 0 0 0 737 471 389 389 0 0 0 0 0 0 0 2203 1475 1250 1250 0 0 0 0 0 0 0 2218 1483 1257 1257 0 0 0 0 0 0 0 2217 1482 1256 1256 0 0 0 0 0 0 0 2218 1483 1257 1257 0 0 0 0 0 0 0 2203 1475 1250 1250 0 0 0 0 0 0 0 2204 1476 449 449 0 0 0 0 0 0 0 2205 522 438 438 0 0 0 0 0 0 0 2203 1475 1250 1250 0 0 0 0 0 0 0 2205 522 438 438 0 0 0 0 0 0 0 2288 1520 466 466 0 0 0 0 0 0 0 2215 1480 1254 1254 0 0 0 0 0 0 0 2285 1519 1287 1287 0 0 0 0 0 0 0 2288 1520 466 466 0 0 0 0 0 0 0 2205 522 438 438 0 0 0 0 0 0 0 2205 522 438 438 0 0 0 0 0 0 0 2216 1481 1255 1255 0 0 0 0 0 0 0 2217 1482 1256 1256 0 0 0 0 0 0 0 2215 1480 1254 1254 0 0 0 0 0 0 0 2216 1481 1255 1255 0 0 0 0 0 0 0 2205 522 438 438 0 0 0 0 0 0 0 2288 1520 466 466 0 0 0 0 0 0 0 2289 1522 1289 1289 0 0 0 0 0 0 0 2215 1480 1254 1254 0 0 0 0 0 0 0 2288 1520 466 466 0 0 0 0 0 0 0 2287 1521 1288 1288 0 0 0 0 0 0 0 2289 1522 1289 1289 0 0 0 0 0 0 0 2284 1518 1286 1286 0 0 0 0 0 0 0 2287 1521 1288 1288 0 0 0 0 0 0 0 2288 1520 466 466 0 0 0 0 0 0 0 2284 1518 1286 1286 0 0 0 0 0 0 0 2231 1493 1264 1264 0 0 0 0 0 0 0 2293 1521 1288 1288 0 0 0 0 0 0 0 2285 1519 1287 1287 0 0 0 0 0 0 0 2284 1518 1286 1286 0 0 0 0 0 0 0 2286 1520 466 466 0 0 0 0 0 0 0 2283 1517 1285 1285 0 0 0 0 0 0 0 2284 1518 1286 1286 0 0 0 0 0 0 0 2285 1519 1287 1287 0 0 0 0 0 0 0 2293 1521 1288 1288 0 0 0 0 0 0 0 2231 1493 1264 1264 0 0 0 0 0 0 0 2233 520 1266 1266 0 0 0 0 0 0 0 2231 1493 1264 1264 0 0 0 0 0 0 0 2232 520 1265 1265 0 0 0 0 0 0 0 2233 520 1266 1266 0 0 0 0 0 0 0 2233 520 1266 1266 0 0 0 0 0 0 0 2232 520 1265 1265 0 0 0 0 0 0 0 2234 520 1267 1267 0 0 0 0 0 0 0 741 475 392 392 0 0 0 0 0 0 0 740 474 391 391 0 0 0 0 0 0 0 742 476 393 393 0 0 0 0 0 0 0 739 473 390 390 0 0 0 0 0 0 0 740 474 391 391 0 0 0 0 0 0 0 741 475 392 392 0 0 0 0 0 0 0 742 476 393 393 0 0 0 0 0 0 0 749 483 399 399 0 0 0 0 0 0 0 741 475 392 392 0 0 0 0 0 0 0 742 476 393 393 0 0 0 0 0 0 0 748 482 398 398 0 0 0 0 0 0 0 749 483 399 399 0 0 0 0 0 0 0 738 472 388 388 0 0 0 0 0 0 0 748 482 398 398 0 0 0 0 0 0 0 742 476 393 393 0 0 0 0 0 0 0 741 475 392 392 0 0 0 0 0 0 0 749 483 399 399 0 0 0 0 0 0 0 750 484 400 400 0 0 0 0 0 0 0 804 525 441 441 0 0 0 0 0 0 0 805 526 442 442 0 0 0 0 0 0 0 749 483 399 399 0 0 0 0 0 0 0 750 484 400 400 0 0 0 0 0 0 0 749 483 399 399 0 0 0 0 0 0 0 805 526 442 442 0 0 0 0 0 0 0 749 483 399 399 0 0 0 0 0 0 0 748 482 398 398 0 0 0 0 0 0 0 804 525 441 441 0 0 0 0 0 0 0 750 484 400 400 0 0 0 0 0 0 0 3109 535 167 167 0 0 0 0 0 0 0 826 475 392 392 0 0 0 0 0 0 0 750 484 400 400 0 0 0 0 0 0 0 806 527 443 443 0 0 0 0 0 0 0 828 535 167 167 0 0 0 0 0 0 0 806 527 443 443 0 0 0 0 0 0 0 750 484 400 400 0 0 0 0 0 0 0 805 526 442 442 0 0 0 0 0 0 0 805 526 442 442 0 0 0 0 0 0 0 807 528 444 444 0 0 0 0 0 0 0 806 527 443 443 0 0 0 0 0 0 0 796 519 435 435 0 0 0 0 0 0 0 806 527 443 443 0 0 0 0 0 0 0 794 517 433 433 0 0 0 0 0 0 0 756 490 406 406 0 0 0 0 0 0 0 794 517 433 433 0 0 0 0 0 0 0 806 527 443 443 0 0 0 0 0 0 0 756 490 406 406 0 0 0 0 0 0 0 806 527 443 443 0 0 0 0 0 0 0 754 488 404 404 0 0 0 0 0 0 0 754 488 404 404 0 0 0 0 0 0 0 806 527 443 443 0 0 0 0 0 0 0 807 528 444 444 0 0 0 0 0 0 0 807 528 444 444 0 0 0 0 0 0 0 808 529 445 445 0 0 0 0 0 0 0 754 488 404 404 0 0 0 0 0 0 0 808 529 445 445 0 0 0 0 0 0 0 807 528 444 444 0 0 0 0 0 0 0 813 500 416 416 0 0 0 0 0 0 0 812 499 415 415 0 0 0 0 0 0 0 813 500 416 416 0 0 0 0 0 0 0 807 528 444 444 0 0 0 0 0 0 0 774 507 422 422 0 0 0 0 0 0 0 755 489 405 405 0 0 0 0 0 0 0 754 488 404 404 0 0 0 0 0 0 0 774 507 422 422 0 0 0 0 0 0 0 754 488 404 404 0 0 0 0 0 0 0 808 529 445 445 0 0 0 0 0 0 0 754 488 404 404 0 0 0 0 0 0 0 755 489 405 405 0 0 0 0 0 0 0 756 490 406 406 0 0 0 0 0 0 0 756 490 406 406 0 0 0 0 0 0 0 757 491 407 407 0 0 0 0 0 0 0 817 531 447 447 0 0 0 0 0 0 0 818 532 448 448 0 0 0 0 0 0 0 756 490 406 406 0 0 0 0 0 0 0 816 523 439 439 0 0 0 0 0 0 0 817 531 447 447 0 0 0 0 0 0 0 816 523 439 439 0 0 0 0 0 0 0 756 490 406 406 0 0 0 0 0 0 0 756 490 406 406 0 0 0 0 0 0 0 755 489 405 405 0 0 0 0 0 0 0 757 491 407 407 0 0 0 0 0 0 0 864 558 462 462 0 0 0 0 0 0 0 755 489 405 405 0 0 0 0 0 0 0 774 507 422 422 0 0 0 0 0 0 0 774 507 422 422 0 0 0 0 0 0 0 809 504 419 419 0 0 0 0 0 0 0 772 505 420 420 0 0 0 0 0 0 0 777 508 423 423 0 0 0 0 0 0 0 865 559 463 463 0 0 0 0 0 0 0 774 507 422 422 0 0 0 0 0 0 0 808 529 445 445 0 0 0 0 0 0 0 810 530 446 446 0 0 0 0 0 0 0 774 507 422 422 0 0 0 0 0 0 0 864 558 462 462 0 0 0 0 0 0 0 774 507 422 422 0 0 0 0 0 0 0 865 559 463 463 0 0 0 0 0 0 0 809 504 419 419 0 0 0 0 0 0 0 774 507 422 422 0 0 0 0 0 0 0 810 530 446 446 0 0 0 0 0 0 0 774 507 422 422 0 0 0 0 0 0 0 773 506 421 421 0 0 0 0 0 0 0 777 508 423 423 0 0 0 0 0 0 0 772 505 420 420 0 0 0 0 0 0 0 773 506 421 421 0 0 0 0 0 0 0 774 507 422 422 0 0 0 0 0 0 0 865 559 463 463 0 0 0 0 0 0 0 3105 459 1578 1578 0 0 0 0 0 0 0 864 558 462 462 0 0 0 0 0 0 0 3104 455 371 371 0 0 0 0 0 0 0 3105 459 1578 1578 0 0 0 0 0 0 0 865 559 463 463 0 0 0 0 0 0 0 778 509 424 424 0 0 0 0 0 0 0 773 506 421 421 0 0 0 0 0 0 0 772 505 420 420 0 0 0 0 0 0 0 777 508 423 423 0 0 0 0 0 0 0 773 506 421 421 0 0 0 0 0 0 0 778 509 424 424 0 0 0 0 0 0 0 810 530 446 446 0 0 0 0 0 0 0 3112 503 418 418 0 0 0 0 0 0 0 809 504 419 419 0 0 0 0 0 0 0 822 533 449 449 0 0 0 0 0 0 0 816 523 439 439 0 0 0 0 0 0 0 823 518 434 434 0 0 0 0 0 0 0 818 532 448 448 0 0 0 0 0 0 0 816 523 439 439 0 0 0 0 0 0 0 822 533 449 449 0 0 0 0 0 0 0 803 524 440 440 0 0 0 0 0 0 0 816 523 439 439 0 0 0 0 0 0 0 817 531 447 447 0 0 0 0 0 0 0 817 531 447 447 0 0 0 0 0 0 0 757 491 407 407 0 0 0 0 0 0 0 827 534 450 450 0 0 0 0 0 0 0 801 522 438 438 0 0 0 0 0 0 0 802 523 439 439 0 0 0 0 0 0 0 803 524 440 440 0 0 0 0 0 0 0 3001 1476 449 449 0 0 0 0 0 0 0 802 523 439 439 0 0 0 0 0 0 0 801 522 438 438 0 0 0 0 0 0 0 794 517 433 433 0 0 0 0 0 0 0 795 518 434 434 0 0 0 0 0 0 0 796 519 435 435 0 0 0 0 0 0 0 795 518 434 434 0 0 0 0 0 0 0 824 473 390 390 0 0 0 0 0 0 0 825 519 435 435 0 0 0 0 0 0 0 825 519 435 435 0 0 0 0 0 0 0 824 473 390 390 0 0 0 0 0 0 0 826 475 392 392 0 0 0 0 0 0 0 826 475 392 392 0 0 0 0 0 0 0 3109 535 167 167 0 0 0 0 0 0 0 825 519 435 435 0 0 0 0 0 0 0 3108 527 443 443 0 0 0 0 0 0 0 825 519 435 435 0 0 0 0 0 0 0 3109 535 167 167 0 0 0 0 0 0 0 745 479 395 395 0 0 0 0 0 0 0 798 521 437 437 0 0 0 0 0 0 0 743 477 120 120 0 0 0 0 0 0 0 747 481 397 397 0 0 0 0 0 0 0 744 478 394 394 0 0 0 0 0 0 0 743 477 120 120 0 0 0 0 0 0 0 743 477 120 120 0 0 0 0 0 0 0 744 478 394 394 0 0 0 0 0 0 0 745 479 395 395 0 0 0 0 0 0 0 745 479 395 395 0 0 0 0 0 0 0 797 520 436 436 0 0 0 0 0 0 0 798 521 437 437 0 0 0 0 0 0 0 746 480 396 396 0 0 0 0 0 0 0 744 478 394 394 0 0 0 0 0 0 0 747 481 397 397 0 0 0 0 0 0 0 753 487 403 403 0 0 0 0 0 0 0 870 561 465 465 0 0 0 0 0 0 0 751 485 401 401 0 0 0 0 0 0 0 868 456 372 372 0 0 0 0 0 0 0 751 485 401 401 0 0 0 0 0 0 0 870 561 465 465 0 0 0 0 0 0 0 762 495 411 411 0 0 0 0 0 0 0 751 485 401 401 0 0 0 0 0 0 0 868 456 372 372 0 0 0 0 0 0 0 768 501 196 196 0 0 0 0 0 0 0 751 485 401 401 0 0 0 0 0 0 0 763 496 412 412 0 0 0 0 0 0 0 767 500 416 416 0 0 0 0 0 0 0 751 485 401 401 0 0 0 0 0 0 0 768 501 196 196 0 0 0 0 0 0 0 767 500 416 416 0 0 0 0 0 0 0 761 494 410 410 0 0 0 0 0 0 0 751 485 401 401 0 0 0 0 0 0 0 762 495 411 411 0 0 0 0 0 0 0 763 496 412 412 0 0 0 0 0 0 0 751 485 401 401 0 0 0 0 0 0 0 751 485 401 401 0 0 0 0 0 0 0 761 494 410 410 0 0 0 0 0 0 0 752 486 402 402 0 0 0 0 0 0 0 751 485 401 401 0 0 0 0 0 0 0 752 486 402 402 0 0 0 0 0 0 0 753 487 403 403 0 0 0 0 0 0 0 3114 1987 1579 1579 0 0 0 0 0 0 0 753 487 403 403 0 0 0 0 0 0 0 752 486 402 402 0 0 0 0 0 0 0 3114 1987 1579 1579 0 0 0 0 0 0 0 752 486 402 402 0 0 0 0 0 0 0 871 562 430 430 0 0 0 0 0 0 0 788 515 387 387 0 0 0 0 0 0 0 752 486 402 402 0 0 0 0 0 0 0 760 482 398 398 0 0 0 0 0 0 0 871 562 430 430 0 0 0 0 0 0 0 752 486 402 402 0 0 0 0 0 0 0 788 515 387 387 0 0 0 0 0 0 0 761 494 410 410 0 0 0 0 0 0 0 758 492 408 408 0 0 0 0 0 0 0 752 486 402 402 0 0 0 0 0 0 0 759 493 409 409 0 0 0 0 0 0 0 760 482 398 398 0 0 0 0 0 0 0 752 486 402 402 0 0 0 0 0 0 0 758 492 408 408 0 0 0 0 0 0 0 759 493 409 409 0 0 0 0 0 0 0 752 486 402 402 0 0 0 0 0 0 0 766 499 415 415 0 0 0 0 0 0 0 761 494 410 410 0 0 0 0 0 0 0 767 500 416 416 0 0 0 0 0 0 0 766 499 415 415 0 0 0 0 0 0 0 758 492 408 408 0 0 0 0 0 0 0 761 494 410 410 0 0 0 0 0 0 0 767 500 416 416 0 0 0 0 0 0 0 768 501 196 196 0 0 0 0 0 0 0 814 529 445 445 0 0 0 0 0 0 0 815 530 446 446 0 0 0 0 0 0 0 814 529 445 445 0 0 0 0 0 0 0 768 501 196 196 0 0 0 0 0 0 0 768 501 196 196 0 0 0 0 0 0 0 769 502 417 417 0 0 0 0 0 0 0 815 530 446 446 0 0 0 0 0 0 0 768 501 196 196 0 0 0 0 0 0 0 763 496 412 412 0 0 0 0 0 0 0 769 502 417 417 0 0 0 0 0 0 0 769 502 417 417 0 0 0 0 0 0 0 763 496 412 412 0 0 0 0 0 0 0 762 495 411 411 0 0 0 0 0 0 0 776 509 424 424 0 0 0 0 0 0 0 771 504 419 419 0 0 0 0 0 0 0 762 495 411 411 0 0 0 0 0 0 0 762 495 411 411 0 0 0 0 0 0 0 866 559 463 463 0 0 0 0 0 0 0 775 508 423 423 0 0 0 0 0 0 0 866 559 463 463 0 0 0 0 0 0 0 762 495 411 411 0 0 0 0 0 0 0 867 455 371 371 0 0 0 0 0 0 0 775 508 423 423 0 0 0 0 0 0 0 776 509 424 424 0 0 0 0 0 0 0 762 495 411 411 0 0 0 0 0 0 0 771 504 419 419 0 0 0 0 0 0 0 769 502 417 417 0 0 0 0 0 0 0 762 495 411 411 0 0 0 0 0 0 0 769 502 417 417 0 0 0 0 0 0 0 770 503 418 418 0 0 0 0 0 0 0 815 530 446 446 0 0 0 0 0 0 0 770 503 418 418 0 0 0 0 0 0 0 769 502 417 417 0 0 0 0 0 0 0 771 504 419 419 0 0 0 0 0 0 0 3254 505 420 420 0 0 0 0 0 0 0 771 504 419 419 0 0 0 0 0 0 0 776 509 424 424 0 0 0 0 0 0 0 3110 528 444 444 0 0 0 0 0 0 0 811 526 442 442 0 0 0 0 0 0 0 766 499 415 415 0 0 0 0 0 0 0 764 497 413 413 0 0 0 0 0 0 0 766 499 415 415 0 0 0 0 0 0 0 811 526 442 442 0 0 0 0 0 0 0 764 497 413 413 0 0 0 0 0 0 0 758 492 408 408 0 0 0 0 0 0 0 766 499 415 415 0 0 0 0 0 0 0 765 498 414 414 0 0 0 0 0 0 0 759 493 409 409 0 0 0 0 0 0 0 758 492 408 408 0 0 0 0 0 0 0 758 492 408 408 0 0 0 0 0 0 0 764 497 413 413 0 0 0 0 0 0 0 765 498 414 414 0 0 0 0 0 0 0 760 482 398 398 0 0 0 0 0 0 0 759 493 409 409 0 0 0 0 0 0 0 765 498 414 414 0 0 0 0 0 0 0 765 498 414 414 0 0 0 0 0 0 0 3111 525 441 441 0 0 0 0 0 0 0 760 482 398 398 0 0 0 0 0 0 0 872 472 388 388 0 0 0 0 0 0 0 788 515 387 387 0 0 0 0 0 0 0 760 482 398 398 0 0 0 0 0 0 0 811 526 442 442 0 0 0 0 0 0 0 3111 525 441 441 0 0 0 0 0 0 0 765 498 414 414 0 0 0 0 0 0 0 765 498 414 414 0 0 0 0 0 0 0 764 497 413 413 0 0 0 0 0 0 0 811 526 442 442 0 0 0 0 0 0 0 3114 1987 1579 1579 0 0 0 0 0 0 0 871 562 430 430 0 0 0 0 0 0 0 3115 1988 431 431 0 0 0 0 0 0 0 870 561 465 465 0 0 0 0 0 0 0 3099 1983 1576 1576 0 0 0 0 0 0 0 868 456 372 372 0 0 0 0 0 0 0 783 513 428 428 0 0 0 0 0 0 0 3113 557 461 461 0 0 0 0 0 0 0 781 511 426 426 0 0 0 0 0 0 0 781 511 426 426 0 0 0 0 0 0 0 782 512 427 427 0 0 0 0 0 0 0 783 513 428 428 0 0 0 0 0 0 0 787 515 430 430 0 0 0 0 0 0 0 788 515 387 387 0 0 0 0 0 0 0 789 515 431 431 0 0 0 0 0 0 0 789 515 431 431 0 0 0 0 0 0 0 788 515 387 387 0 0 0 0 0 0 0 790 515 388 388 0 0 0 0 0 0 0 791 481 397 397 0 0 0 0 0 0 0 800 521 437 437 0 0 0 0 0 0 0 792 516 432 432 0 0 0 0 0 0 0 799 477 120 120 0 0 0 0 0 0 0 800 521 437 437 0 0 0 0 0 0 0 791 481 397 397 0 0 0 0 0 0 0 791 481 397 397 0 0 0 0 0 0 0 792 516 432 432 0 0 0 0 0 0 0 793 480 396 396 0 0 0 0 0 0 0 819 517 433 433 0 0 0 0 0 0 0 829 490 406 406 0 0 0 0 0 0 0 820 533 449 449 0 0 0 0 0 0 0 819 517 433 433 0 0 0 0 0 0 0 820 533 449 449 0 0 0 0 0 0 0 821 518 434 434 0 0 0 0 0 0 0 820 533 449 449 0 0 0 0 0 0 0 829 490 406 406 0 0 0 0 0 0 0 830 532 448 448 0 0 0 0 0 0 0 835 539 377 377 0 0 0 0 0 0 0 843 544 457 457 0 0 0 0 0 0 0 833 537 453 453 0 0 0 0 0 0 0 842 543 456 456 0 0 0 0 0 0 0 833 537 453 453 0 0 0 0 0 0 0 843 544 457 457 0 0 0 0 0 0 0 833 537 453 453 0 0 0 0 0 0 0 834 538 378 378 0 0 0 0 0 0 0 835 539 377 377 0 0 0 0 0 0 0 843 544 457 457 0 0 0 0 0 0 0 3107 1986 459 459 0 0 0 0 0 0 0 842 543 456 456 0 0 0 0 0 0 0 836 540 451 451 0 0 0 0 0 0 0 837 540 452 452 0 0 0 0 0 0 0 838 541 454 454 0 0 0 0 0 0 0 838 541 454 454 0 0 0 0 0 0 0 837 540 452 452 0 0 0 0 0 0 0 839 541 455 455 0 0 0 0 0 0 0 838 541 454 454 0 0 0 0 0 0 0 839 541 455 455 0 0 0 0 0 0 0 840 542 376 376 0 0 0 0 0 0 0 840 542 376 376 0 0 0 0 0 0 0 839 541 455 455 0 0 0 0 0 0 0 841 542 375 375 0 0 0 0 0 0 0 846 547 379 379 0 0 0 0 0 0 0 3106 1985 451 451 0 0 0 0 0 0 0 844 545 452 452 0 0 0 0 0 0 0 844 545 452 452 0 0 0 0 0 0 0 845 546 380 380 0 0 0 0 0 0 0 846 547 379 379 0 0 0 0 0 0 0 846 547 379 379 0 0 0 0 0 0 0 845 546 380 380 0 0 0 0 0 0 0 853 551 377 377 0 0 0 0 0 0 0 853 551 377 377 0 0 0 0 0 0 0 845 546 380 380 0 0 0 0 0 0 0 854 551 378 378 0 0 0 0 0 0 0 847 548 458 458 0 0 0 0 0 0 0 852 550 378 378 0 0 0 0 0 0 0 848 548 453 453 0 0 0 0 0 0 0 851 550 377 377 0 0 0 0 0 0 0 852 550 378 378 0 0 0 0 0 0 0 847 548 458 458 0 0 0 0 0 0 0 847 548 458 458 0 0 0 0 0 0 0 848 548 453 453 0 0 0 0 0 0 0 849 549 459 459 0 0 0 0 0 0 0 849 549 459 459 0 0 0 0 0 0 0 848 548 453 453 0 0 0 0 0 0 0 850 549 456 456 0 0 0 0 0 0 0 857 554 454 454 0 0 0 0 0 0 0 859 556 455 455 0 0 0 0 0 0 0 855 552 452 452 0 0 0 0 0 0 0 855 552 452 452 0 0 0 0 0 0 0 856 553 451 451 0 0 0 0 0 0 0 857 554 454 454 0 0 0 0 0 0 0 860 555 460 460 0 0 0 0 0 0 0 859 556 455 455 0 0 0 0 0 0 0 857 554 454 454 0 0 0 0 0 0 0 858 555 375 375 0 0 0 0 0 0 0 859 556 455 455 0 0 0 0 0 0 0 860 555 460 460 0 0 0 0 0 0 0 873 563 450 450 0 0 0 0 0 0 0 905 589 480 480 0 0 0 0 0 0 0 874 564 466 466 0 0 0 0 0 0 0 873 563 450 450 0 0 0 0 0 0 0 874 564 466 466 0 0 0 0 0 0 0 875 565 467 467 0 0 0 0 0 0 0 874 564 466 466 0 0 0 0 0 0 0 905 589 480 480 0 0 0 0 0 0 0 906 590 480 480 0 0 0 0 0 0 0 874 564 466 466 0 0 0 0 0 0 0 906 590 480 480 0 0 0 0 0 0 0 904 588 479 479 0 0 0 0 0 0 0 903 587 478 478 0 0 0 0 0 0 0 874 564 466 466 0 0 0 0 0 0 0 904 588 479 479 0 0 0 0 0 0 0 876 566 467 467 0 0 0 0 0 0 0 874 564 466 466 0 0 0 0 0 0 0 903 587 478 478 0 0 0 0 0 0 0 875 565 467 467 0 0 0 0 0 0 0 874 564 466 466 0 0 0 0 0 0 0 876 566 467 467 0 0 0 0 0 0 0 944 609 493 493 0 0 0 0 0 0 0 875 565 467 467 0 0 0 0 0 0 0 876 566 467 467 0 0 0 0 0 0 0 945 610 493 493 0 0 0 0 0 0 0 875 565 467 467 0 0 0 0 0 0 0 944 609 493 493 0 0 0 0 0 0 0 943 608 492 492 0 0 0 0 0 0 0 876 566 467 467 0 0 0 0 0 0 0 903 587 478 478 0 0 0 0 0 0 0 944 609 493 493 0 0 0 0 0 0 0 876 566 467 467 0 0 0 0 0 0 0 943 608 492 492 0 0 0 0 0 0 0 942 607 491 491 0 0 0 0 0 0 0 903 587 478 478 0 0 0 0 0 0 0 901 585 470 470 0 0 0 0 0 0 0 943 608 492 492 0 0 0 0 0 0 0 903 587 478 478 0 0 0 0 0 0 0 942 607 491 491 0 0 0 0 0 0 0 903 587 478 478 0 0 0 0 0 0 0 904 588 479 479 0 0 0 0 0 0 0 901 585 470 470 0 0 0 0 0 0 0 904 588 479 479 0 0 0 0 0 0 0 906 590 480 480 0 0 0 0 0 0 0 920 602 481 481 0 0 0 0 0 0 0 920 602 481 481 0 0 0 0 0 0 0 902 586 471 471 0 0 0 0 0 0 0 904 588 479 479 0 0 0 0 0 0 0 901 585 470 470 0 0 0 0 0 0 0 904 588 479 479 0 0 0 0 0 0 0 902 586 471 471 0 0 0 0 0 0 0 940 605 490 490 0 0 0 0 0 0 0 901 585 470 470 0 0 0 0 0 0 0 899 583 476 476 0 0 0 0 0 0 0 942 607 491 491 0 0 0 0 0 0 0 901 585 470 470 0 0 0 0 0 0 0 940 605 490 490 0 0 0 0 0 0 0 901 585 470 470 0 0 0 0 0 0 0 902 586 471 471 0 0 0 0 0 0 0 899 583 476 476 0 0 0 0 0 0 0 919 601 488 488 0 0 0 0 0 0 0 902 586 471 471 0 0 0 0 0 0 0 920 602 481 481 0 0 0 0 0 0 0 918 600 482 482 0 0 0 0 0 0 0 902 586 471 471 0 0 0 0 0 0 0 919 601 488 488 0 0 0 0 0 0 0 900 584 477 477 0 0 0 0 0 0 0 902 586 471 471 0 0 0 0 0 0 0 918 600 482 482 0 0 0 0 0 0 0 899 583 476 476 0 0 0 0 0 0 0 902 586 471 471 0 0 0 0 0 0 0 900 584 477 477 0 0 0 0 0 0 0 899 583 476 476 0 0 0 0 0 0 0 897 581 375 375 0 0 0 0 0 0 0 940 605 490 490 0 0 0 0 0 0 0 899 583 476 476 0 0 0 0 0 0 0 900 584 477 477 0 0 0 0 0 0 0 897 581 375 375 0 0 0 0 0 0 0 940 605 490 490 0 0 0 0 0 0 0 897 581 375 375 0 0 0 0 0 0 0 941 606 460 460 0 0 0 0 0 0 0 897 581 375 375 0 0 0 0 0 0 0 895 579 452 452 0 0 0 0 0 0 0 938 604 460 460 0 0 0 0 0 0 0 897 581 375 375 0 0 0 0 0 0 0 900 584 477 477 0 0 0 0 0 0 0 898 582 473 473 0 0 0 0 0 0 0 897 581 375 375 0 0 0 0 0 0 0 898 582 473 473 0 0 0 0 0 0 0 895 579 452 452 0 0 0 0 0 0 0 917 599 487 487 0 0 0 0 0 0 0 900 584 477 477 0 0 0 0 0 0 0 918 600 482 482 0 0 0 0 0 0 0 898 582 473 473 0 0 0 0 0 0 0 900 584 477 477 0 0 0 0 0 0 0 917 599 487 487 0 0 0 0 0 0 0 917 599 487 487 0 0 0 0 0 0 0 896 580 472 472 0 0 0 0 0 0 0 898 582 473 473 0 0 0 0 0 0 0 895 579 452 452 0 0 0 0 0 0 0 898 582 473 473 0 0 0 0 0 0 0 896 580 472 472 0 0 0 0 0 0 0 958 616 377 377 0 0 0 0 0 0 0 895 579 452 452 0 0 0 0 0 0 0 891 577 378 378 0 0 0 0 0 0 0 957 616 451 451 0 0 0 0 0 0 0 895 579 452 452 0 0 0 0 0 0 0 958 616 377 377 0 0 0 0 0 0 0 938 604 460 460 0 0 0 0 0 0 0 895 579 452 452 0 0 0 0 0 0 0 939 604 451 451 0 0 0 0 0 0 0 895 579 452 452 0 0 0 0 0 0 0 896 580 472 472 0 0 0 0 0 0 0 891 577 378 378 0 0 0 0 0 0 0 916 598 484 484 0 0 0 0 0 0 0 896 580 472 472 0 0 0 0 0 0 0 917 599 487 487 0 0 0 0 0 0 0 916 598 484 484 0 0 0 0 0 0 0 892 578 474 474 0 0 0 0 0 0 0 896 580 472 472 0 0 0 0 0 0 0 891 577 378 378 0 0 0 0 0 0 0 896 580 472 472 0 0 0 0 0 0 0 892 578 474 474 0 0 0 0 0 0 0 956 615 459 459 0 0 0 0 0 0 0 891 577 378 378 0 0 0 0 0 0 0 893 575 456 456 0 0 0 0 0 0 0 955 615 377 377 0 0 0 0 0 0 0 891 577 378 378 0 0 0 0 0 0 0 956 615 459 459 0 0 0 0 0 0 0 891 577 378 378 0 0 0 0 0 0 0 892 578 474 474 0 0 0 0 0 0 0 893 575 456 456 0 0 0 0 0 0 0 915 597 485 485 0 0 0 0 0 0 0 892 578 474 474 0 0 0 0 0 0 0 916 598 484 484 0 0 0 0 0 0 0 915 597 485 485 0 0 0 0 0 0 0 894 576 475 475 0 0 0 0 0 0 0 892 578 474 474 0 0 0 0 0 0 0 893 575 456 456 0 0 0 0 0 0 0 892 578 474 474 0 0 0 0 0 0 0 894 576 475 475 0 0 0 0 0 0 0 914 596 486 486 0 0 0 0 0 0 0 894 576 475 475 0 0 0 0 0 0 0 915 597 485 485 0 0 0 0 0 0 0 921 589 480 480 0 0 0 0 0 0 0 922 603 489 489 0 0 0 0 0 0 0 923 590 480 480 0 0 0 0 0 0 0 937 602 481 481 0 0 0 0 0 0 0 923 590 480 480 0 0 0 0 0 0 0 922 603 489 489 0 0 0 0 0 0 0 919 601 488 488 0 0 0 0 0 0 0 937 602 481 481 0 0 0 0 0 0 0 922 603 489 489 0 0 0 0 0 0 0 936 600 482 482 0 0 0 0 0 0 0 919 601 488 488 0 0 0 0 0 0 0 922 603 489 489 0 0 0 0 0 0 0 935 599 487 487 0 0 0 0 0 0 0 936 600 482 482 0 0 0 0 0 0 0 922 603 489 489 0 0 0 0 0 0 0 934 598 484 484 0 0 0 0 0 0 0 935 599 487 487 0 0 0 0 0 0 0 922 603 489 489 0 0 0 0 0 0 0 933 597 485 485 0 0 0 0 0 0 0 934 598 484 484 0 0 0 0 0 0 0 922 603 489 489 0 0 0 0 0 0 0 932 596 486 486 0 0 0 0 0 0 0 933 597 485 485 0 0 0 0 0 0 0 922 603 489 489 0 0 0 0 0 0 0 924 589 480 480 0 0 0 0 0 0 0 925 591 481 481 0 0 0 0 0 0 0 926 603 489 489 0 0 0 0 0 0 0 925 591 481 481 0 0 0 0 0 0 0 927 592 482 482 0 0 0 0 0 0 0 926 603 489 489 0 0 0 0 0 0 0 930 595 485 485 0 0 0 0 0 0 0 931 596 486 486 0 0 0 0 0 0 0 926 603 489 489 0 0 0 0 0 0 0 929 594 484 484 0 0 0 0 0 0 0 930 595 485 485 0 0 0 0 0 0 0 926 603 489 489 0 0 0 0 0 0 0 928 593 483 483 0 0 0 0 0 0 0 929 594 484 484 0 0 0 0 0 0 0 926 603 489 489 0 0 0 0 0 0 0 927 592 482 482 0 0 0 0 0 0 0 928 593 483 483 0 0 0 0 0 0 0 926 603 489 489 0 0 0 0 0 0 0 976 634 513 513 0 0 0 0 0 0 0 984 641 519 519 0 0 0 0 0 0 0 974 632 511 511 0 0 0 0 0 0 0 974 632 511 511 0 0 0 0 0 0 0 975 633 512 512 0 0 0 0 0 0 0 976 634 513 513 0 0 0 0 0 0 0 976 634 513 513 0 0 0 0 0 0 0 1008 660 536 536 0 0 0 0 0 0 0 1024 674 550 550 0 0 0 0 0 0 0 976 634 513 513 0 0 0 0 0 0 0 975 633 512 512 0 0 0 0 0 0 0 1008 660 536 536 0 0 0 0 0 0 0 976 634 513 513 0 0 0 0 0 0 0 983 640 309 309 0 0 0 0 0 0 0 984 641 519 519 0 0 0 0 0 0 0 1008 660 536 536 0 0 0 0 0 0 0 1043 689 565 565 0 0 0 0 0 0 0 1024 674 550 550 0 0 0 0 0 0 0 1016 668 544 544 0 0 0 0 0 0 0 988 642 476 476 0 0 0 0 0 0 0 990 644 521 521 0 0 0 0 0 0 0 989 643 520 520 0 0 0 0 0 0 0 988 642 476 476 0 0 0 0 0 0 0 1444 613 459 459 0 0 0 0 0 0 0 988 642 476 476 0 0 0 0 0 0 0 989 643 520 520 0 0 0 0 0 0 0 990 644 521 521 0 0 0 0 0 0 0 990 644 521 521 0 0 0 0 0 0 0 1015 667 543 543 0 0 0 0 0 0 0 1016 668 544 544 0 0 0 0 0 0 0 1029 678 554 554 0 0 0 0 0 0 0 1050 694 570 570 0 0 0 0 0 0 0 990 644 521 521 0 0 0 0 0 0 0 1050 694 570 570 0 0 0 0 0 0 0 1015 667 543 543 0 0 0 0 0 0 0 990 644 521 521 0 0 0 0 0 0 0 1029 678 554 554 0 0 0 0 0 0 0 990 644 521 521 0 0 0 0 0 0 0 989 643 520 520 0 0 0 0 0 0 0 1029 678 554 554 0 0 0 0 0 0 0 989 643 520 520 0 0 0 0 0 0 0 1444 613 459 459 0 0 0 0 0 0 0 1050 694 570 570 0 0 0 0 0 0 0 1029 678 554 554 0 0 0 0 0 0 0 1092 726 602 602 0 0 0 0 0 0 0 1015 667 543 543 0 0 0 0 0 0 0 1050 694 570 570 0 0 0 0 0 0 0 1093 727 603 603 0 0 0 0 0 0 0 1092 726 602 602 0 0 0 0 0 0 0 1093 727 603 603 0 0 0 0 0 0 0 1050 694 570 570 0 0 0 0 0 0 0 1079 714 590 590 0 0 0 0 0 0 0 3081 681 557 557 0 0 0 0 0 0 0 1015 667 543 543 0 0 0 0 0 0 0 1078 713 589 589 0 0 0 0 0 0 0 1015 667 543 543 0 0 0 0 0 0 0 1093 727 603 603 0 0 0 0 0 0 0 1015 667 543 543 0 0 0 0 0 0 0 1078 713 589 589 0 0 0 0 0 0 0 1079 714 590 590 0 0 0 0 0 0 0 1094 728 604 604 0 0 0 0 0 0 0 1093 727 603 603 0 0 0 0 0 0 0 1121 750 626 626 0 0 0 0 0 0 0 1092 726 602 602 0 0 0 0 0 0 0 1121 750 626 626 0 0 0 0 0 0 0 1093 727 603 603 0 0 0 0 0 0 0 1093 727 603 603 0 0 0 0 0 0 0 1094 728 604 604 0 0 0 0 0 0 0 1078 713 589 589 0 0 0 0 0 0 0 1244 805 681 681 0 0 0 0 0 0 0 1121 750 626 626 0 0 0 0 0 0 0 1092 726 602 602 0 0 0 0 0 0 0 1202 806 682 682 0 0 0 0 0 0 0 1094 728 604 604 0 0 0 0 0 0 0 1121 750 626 626 0 0 0 0 0 0 0 1203 807 683 683 0 0 0 0 0 0 0 1121 750 626 626 0 0 0 0 0 0 0 1244 805 681 681 0 0 0 0 0 0 0 1121 750 626 626 0 0 0 0 0 0 0 1203 807 683 683 0 0 0 0 0 0 0 1202 806 682 682 0 0 0 0 0 0 0 1180 775 651 651 0 0 0 0 0 0 0 1079 714 590 590 0 0 0 0 0 0 0 1094 728 604 604 0 0 0 0 0 0 0 1094 728 604 604 0 0 0 0 0 0 0 1202 806 682 682 0 0 0 0 0 0 0 1179 791 667 667 0 0 0 0 0 0 0 1094 728 604 604 0 0 0 0 0 0 0 1179 791 667 667 0 0 0 0 0 0 0 1180 775 651 651 0 0 0 0 0 0 0 1079 714 590 590 0 0 0 0 0 0 0 1078 713 589 589 0 0 0 0 0 0 0 1094 728 604 604 0 0 0 0 0 0 0 1248 836 712 712 0 0 0 0 0 0 0 1179 791 667 667 0 0 0 0 0 0 0 1272 848 724 724 0 0 0 0 0 0 0 1179 791 667 667 0 0 0 0 0 0 0 1246 821 697 697 0 0 0 0 0 0 0 1272 848 724 724 0 0 0 0 0 0 0 1248 836 712 712 0 0 0 0 0 0 0 1180 775 651 651 0 0 0 0 0 0 0 1179 791 667 667 0 0 0 0 0 0 0 1155 772 648 648 0 0 0 0 0 0 0 1157 730 606 606 0 0 0 0 0 0 0 1180 775 651 651 0 0 0 0 0 0 0 1180 775 651 651 0 0 0 0 0 0 0 1248 836 712 712 0 0 0 0 0 0 0 1181 792 668 668 0 0 0 0 0 0 0 1180 775 651 651 0 0 0 0 0 0 0 1181 792 668 668 0 0 0 0 0 0 0 1155 772 648 648 0 0 0 0 0 0 0 1275 849 725 725 0 0 0 0 0 0 0 1274 808 684 684 0 0 0 0 0 0 0 1248 836 712 712 0 0 0 0 0 0 0 1323 877 753 753 0 0 0 0 0 0 0 1248 836 712 712 0 0 0 0 0 0 0 1303 862 738 738 0 0 0 0 0 0 0 1248 836 712 712 0 0 0 0 0 0 0 1323 877 753 753 0 0 0 0 0 0 0 1275 849 725 725 0 0 0 0 0 0 0 1272 848 724 724 0 0 0 0 0 0 0 1303 862 738 738 0 0 0 0 0 0 0 1248 836 712 712 0 0 0 0 0 0 0 1303 862 738 738 0 0 0 0 0 0 0 1272 848 724 724 0 0 0 0 0 0 0 1321 875 751 751 0 0 0 0 0 0 0 1272 848 724 724 0 0 0 0 0 0 0 1300 846 722 722 0 0 0 0 0 0 0 1321 875 751 751 0 0 0 0 0 0 0 1272 848 724 724 0 0 0 0 0 0 0 1245 835 711 711 0 0 0 0 0 0 0 1300 846 722 722 0 0 0 0 0 0 0 1272 848 724 724 0 0 0 0 0 0 0 1246 821 697 697 0 0 0 0 0 0 0 1245 835 711 711 0 0 0 0 0 0 0 1202 806 682 682 0 0 0 0 0 0 0 1245 835 711 711 0 0 0 0 0 0 0 1246 821 697 697 0 0 0 0 0 0 0 1247 832 708 708 0 0 0 0 0 0 0 1202 806 682 682 0 0 0 0 0 0 0 1203 807 683 683 0 0 0 0 0 0 0 1247 832 708 708 0 0 0 0 0 0 0 1245 835 711 711 0 0 0 0 0 0 0 1202 806 682 682 0 0 0 0 0 0 0 1203 807 683 683 0 0 0 0 0 0 0 1244 805 681 681 0 0 0 0 0 0 0 1247 832 708 708 0 0 0 0 0 0 0 1247 832 708 708 0 0 0 0 0 0 0 3060 803 679 679 0 0 0 0 0 0 0 1245 835 711 711 0 0 0 0 0 0 0 1300 846 722 722 0 0 0 0 0 0 0 1299 803 679 679 0 0 0 0 0 0 0 1298 859 735 735 0 0 0 0 0 0 0 1321 875 751 751 0 0 0 0 0 0 0 1300 846 722 722 0 0 0 0 0 0 0 1298 859 735 735 0 0 0 0 0 0 0 1303 862 738 738 0 0 0 0 0 0 0 1321 875 751 751 0 0 0 0 0 0 0 3049 918 794 794 0 0 0 0 0 0 0 1321 875 751 751 0 0 0 0 0 0 0 1342 888 764 764 0 0 0 0 0 0 0 1371 907 783 783 0 0 0 0 0 0 0 1298 859 735 735 0 0 0 0 0 0 0 1342 888 764 764 0 0 0 0 0 0 0 1321 875 751 751 0 0 0 0 0 0 0 1303 862 738 738 0 0 0 0 0 0 0 1375 909 785 785 0 0 0 0 0 0 0 3054 921 797 797 0 0 0 0 0 0 0 1323 877 753 753 0 0 0 0 0 0 0 1303 862 738 738 0 0 0 0 0 0 0 3054 921 797 797 0 0 0 0 0 0 0 1303 862 738 738 0 0 0 0 0 0 0 1385 917 793 793 0 0 0 0 0 0 0 1375 909 785 785 0 0 0 0 0 0 0 1323 877 753 753 0 0 0 0 0 0 0 1375 909 785 785 0 0 0 0 0 0 0 1349 891 767 767 0 0 0 0 0 0 0 1349 891 767 767 0 0 0 0 0 0 0 1275 849 725 725 0 0 0 0 0 0 0 1323 877 753 753 0 0 0 0 0 0 0 1304 809 685 685 0 0 0 0 0 0 0 1275 849 725 725 0 0 0 0 0 0 0 1349 891 767 767 0 0 0 0 0 0 0 1274 808 684 684 0 0 0 0 0 0 0 1275 849 725 725 0 0 0 0 0 0 0 1276 773 649 649 0 0 0 0 0 0 0 1349 891 767 767 0 0 0 0 0 0 0 1305 863 739 739 0 0 0 0 0 0 0 1304 809 685 685 0 0 0 0 0 0 0 1358 890 766 766 0 0 0 0 0 0 0 1349 891 767 767 0 0 0 0 0 0 0 1375 909 785 785 0 0 0 0 0 0 0 1305 863 739 739 0 0 0 0 0 0 0 1349 891 767 767 0 0 0 0 0 0 0 1358 890 766 766 0 0 0 0 0 0 0 1375 909 785 785 0 0 0 0 0 0 0 1359 897 773 773 0 0 0 0 0 0 0 1358 890 766 766 0 0 0 0 0 0 0 1359 897 773 773 0 0 0 0 0 0 0 1375 909 785 785 0 0 0 0 0 0 0 1385 917 793 793 0 0 0 0 0 0 0 1385 917 793 793 0 0 0 0 0 0 0 1421 918 794 794 0 0 0 0 0 0 0 1420 937 813 813 0 0 0 0 0 0 0 1390 920 796 796 0 0 0 0 0 0 0 1385 917 793 793 0 0 0 0 0 0 0 1420 937 813 813 0 0 0 0 0 0 0 1385 917 793 793 0 0 0 0 0 0 0 1390 920 796 796 0 0 0 0 0 0 0 1359 897 773 773 0 0 0 0 0 0 0 1302 861 737 737 0 0 0 0 0 0 0 1359 897 773 773 0 0 0 0 0 0 0 1374 908 784 784 0 0 0 0 0 0 0 1390 920 796 796 0 0 0 0 0 0 0 1374 908 784 784 0 0 0 0 0 0 0 1359 897 773 773 0 0 0 0 0 0 0 1357 889 765 765 0 0 0 0 0 0 0 1359 897 773 773 0 0 0 0 0 0 0 1302 861 737 737 0 0 0 0 0 0 0 1357 889 765 765 0 0 0 0 0 0 0 1358 890 766 766 0 0 0 0 0 0 0 1359 897 773 773 0 0 0 0 0 0 0 1358 890 766 766 0 0 0 0 0 0 0 1322 876 752 752 0 0 0 0 0 0 0 1305 863 739 739 0 0 0 0 0 0 0 1229 823 699 699 0 0 0 0 0 0 0 1305 863 739 739 0 0 0 0 0 0 0 1322 876 752 752 0 0 0 0 0 0 0 1304 809 685 685 0 0 0 0 0 0 0 1305 863 739 739 0 0 0 0 0 0 0 1229 823 699 699 0 0 0 0 0 0 0 1229 823 699 699 0 0 0 0 0 0 0 1213 810 686 686 0 0 0 0 0 0 0 1304 809 685 685 0 0 0 0 0 0 0 1186 795 671 671 0 0 0 0 0 0 0 1213 810 686 686 0 0 0 0 0 0 0 1229 823 699 699 0 0 0 0 0 0 0 1322 876 752 752 0 0 0 0 0 0 0 1230 824 700 700 0 0 0 0 0 0 0 1229 823 699 699 0 0 0 0 0 0 0 1186 795 671 671 0 0 0 0 0 0 0 1229 823 699 699 0 0 0 0 0 0 0 1230 824 700 700 0 0 0 0 0 0 0 1322 876 752 752 0 0 0 0 0 0 0 1228 822 698 698 0 0 0 0 0 0 0 1250 838 714 714 0 0 0 0 0 0 0 1250 838 714 714 0 0 0 0 0 0 0 1230 824 700 700 0 0 0 0 0 0 0 1322 876 752 752 0 0 0 0 0 0 0 1230 824 700 700 0 0 0 0 0 0 0 1187 796 672 672 0 0 0 0 0 0 0 1186 795 671 671 0 0 0 0 0 0 0 1210 797 673 673 0 0 0 0 0 0 0 1187 796 672 672 0 0 0 0 0 0 0 1230 824 700 700 0 0 0 0 0 0 0 1230 824 700 700 0 0 0 0 0 0 0 1250 838 714 714 0 0 0 0 0 0 0 1211 811 687 687 0 0 0 0 0 0 0 1230 824 700 700 0 0 0 0 0 0 0 1211 811 687 687 0 0 0 0 0 0 0 1210 797 673 673 0 0 0 0 0 0 0 1105 738 614 614 0 0 0 0 0 0 0 1161 777 653 653 0 0 0 0 0 0 0 1186 795 671 671 0 0 0 0 0 0 0 1213 810 686 686 0 0 0 0 0 0 0 1186 795 671 671 0 0 0 0 0 0 0 1161 777 653 653 0 0 0 0 0 0 0 1186 795 671 671 0 0 0 0 0 0 0 1187 796 672 672 0 0 0 0 0 0 0 1105 738 614 614 0 0 0 0 0 0 0 1161 777 653 653 0 0 0 0 0 0 0 1165 781 657 657 0 0 0 0 0 0 0 1213 810 686 686 0 0 0 0 0 0 0 1165 781 657 657 0 0 0 0 0 0 0 1161 777 653 653 0 0 0 0 0 0 0 1160 776 652 652 0 0 0 0 0 0 0 1105 738 614 614 0 0 0 0 0 0 0 1160 776 652 652 0 0 0 0 0 0 0 1161 777 653 653 0 0 0 0 0 0 0 1105 738 614 614 0 0 0 0 0 0 0 3075 798 674 674 0 0 0 0 0 0 0 1103 736 612 612 0 0 0 0 0 0 0 1160 776 652 652 0 0 0 0 0 0 0 1105 738 614 614 0 0 0 0 0 0 0 1104 737 613 613 0 0 0 0 0 0 0 1103 736 612 612 0 0 0 0 0 0 0 1104 737 613 613 0 0 0 0 0 0 0 1105 738 614 614 0 0 0 0 0 0 0 1165 781 657 657 0 0 0 0 0 0 0 1160 776 652 652 0 0 0 0 0 0 0 1162 778 654 654 0 0 0 0 0 0 0 1104 737 613 613 0 0 0 0 0 0 0 1162 778 654 654 0 0 0 0 0 0 0 1160 776 652 652 0 0 0 0 0 0 0 1165 781 657 657 0 0 0 0 0 0 0 3074 1975 1570 1570 0 0 0 0 0 0 0 1163 779 655 655 0 0 0 0 0 0 0 1162 778 654 654 0 0 0 0 0 0 0 3074 1975 1570 1570 0 0 0 0 0 0 0 1165 781 657 657 0 0 0 0 0 0 0 1163 779 655 655 0 0 0 0 0 0 0 1164 780 656 656 0 0 0 0 0 0 0 1165 781 657 657 0 0 0 0 0 0 0 1100 733 609 609 0 0 0 0 0 0 0 1103 736 612 612 0 0 0 0 0 0 0 3075 798 674 674 0 0 0 0 0 0 0 1101 734 610 610 0 0 0 0 0 0 0 1100 733 609 609 0 0 0 0 0 0 0 3075 798 674 674 0 0 0 0 0 0 0 1100 733 609 609 0 0 0 0 0 0 0 1101 734 610 610 0 0 0 0 0 0 0 1102 735 611 611 0 0 0 0 0 0 0 1098 731 607 607 0 0 0 0 0 0 0 1102 735 611 611 0 0 0 0 0 0 0 1101 734 610 610 0 0 0 0 0 0 0 1101 734 610 610 0 0 0 0 0 0 0 1122 751 627 627 0 0 0 0 0 0 0 1099 732 608 608 0 0 0 0 0 0 0 1101 734 610 610 0 0 0 0 0 0 0 1099 732 608 608 0 0 0 0 0 0 0 1098 731 607 607 0 0 0 0 0 0 0 1211 811 687 687 0 0 0 0 0 0 0 1153 770 646 646 0 0 0 0 0 0 0 1101 734 610 610 0 0 0 0 0 0 0 1101 734 610 610 0 0 0 0 0 0 0 1210 797 673 673 0 0 0 0 0 0 0 1211 811 687 687 0 0 0 0 0 0 0 1122 751 627 627 0 0 0 0 0 0 0 1101 734 610 610 0 0 0 0 0 0 0 1153 770 646 646 0 0 0 0 0 0 0 1211 811 687 687 0 0 0 0 0 0 0 1250 838 714 714 0 0 0 0 0 0 0 1228 822 698 698 0 0 0 0 0 0 0 1153 770 646 646 0 0 0 0 0 0 0 1211 811 687 687 0 0 0 0 0 0 0 1228 822 698 698 0 0 0 0 0 0 0 1249 837 713 713 0 0 0 0 0 0 0 1228 822 698 698 0 0 0 0 0 0 0 1301 860 736 736 0 0 0 0 0 0 0 3056 890 766 766 0 0 0 0 0 0 0 1301 860 736 736 0 0 0 0 0 0 0 1228 822 698 698 0 0 0 0 0 0 0 1228 822 698 698 0 0 0 0 0 0 0 1249 837 713 713 0 0 0 0 0 0 0 1153 770 646 646 0 0 0 0 0 0 0 1095 729 605 605 0 0 0 0 0 0 0 1122 751 627 627 0 0 0 0 0 0 0 1153 770 646 646 0 0 0 0 0 0 0 1154 771 647 647 0 0 0 0 0 0 0 1153 770 646 646 0 0 0 0 0 0 0 1249 837 713 713 0 0 0 0 0 0 0 1153 770 646 646 0 0 0 0 0 0 0 1154 771 647 647 0 0 0 0 0 0 0 1095 729 605 605 0 0 0 0 0 0 0 1095 729 605 605 0 0 0 0 0 0 0 1031 680 556 556 0 0 0 0 0 0 0 1122 751 627 627 0 0 0 0 0 0 0 1031 680 556 556 0 0 0 0 0 0 0 1099 732 608 608 0 0 0 0 0 0 0 1122 751 627 627 0 0 0 0 0 0 0 1031 680 556 556 0 0 0 0 0 0 0 1098 731 607 607 0 0 0 0 0 0 0 1099 732 608 608 0 0 0 0 0 0 0 1098 731 607 607 0 0 0 0 0 0 0 1031 680 556 556 0 0 0 0 0 0 0 1030 679 555 555 0 0 0 0 0 0 0 1031 680 556 556 0 0 0 0 0 0 0 992 646 523 523 0 0 0 0 0 0 0 991 645 522 522 0 0 0 0 0 0 0 992 646 523 523 0 0 0 0 0 0 0 1031 680 556 556 0 0 0 0 0 0 0 1095 729 605 605 0 0 0 0 0 0 0 991 645 522 522 0 0 0 0 0 0 0 1030 679 555 555 0 0 0 0 0 0 0 1031 680 556 556 0 0 0 0 0 0 0 1154 771 647 647 0 0 0 0 0 0 0 1076 711 587 587 0 0 0 0 0 0 0 1095 729 605 605 0 0 0 0 0 0 0 1095 729 605 605 0 0 0 0 0 0 0 1076 711 587 587 0 0 0 0 0 0 0 992 646 523 523 0 0 0 0 0 0 0 1249 837 713 713 0 0 0 0 0 0 0 1443 951 827 827 0 0 0 0 0 0 0 1154 771 647 647 0 0 0 0 0 0 0 1154 771 647 647 0 0 0 0 0 0 0 1443 951 827 827 0 0 0 0 0 0 0 1442 950 826 826 0 0 0 0 0 0 0 1302 861 737 737 0 0 0 0 0 0 0 1443 951 827 827 0 0 0 0 0 0 0 1249 837 713 713 0 0 0 0 0 0 0 1301 860 736 736 0 0 0 0 0 0 0 1302 861 737 737 0 0 0 0 0 0 0 1249 837 713 713 0 0 0 0 0 0 0 1302 861 737 737 0 0 0 0 0 0 0 1363 900 776 776 0 0 0 0 0 0 0 1443 951 827 827 0 0 0 0 0 0 0 1443 951 827 827 0 0 0 0 0 0 0 1363 900 776 776 0 0 0 0 0 0 0 1442 950 826 826 0 0 0 0 0 0 0 1363 900 776 776 0 0 0 0 0 0 0 1312 868 744 744 0 0 0 0 0 0 0 1442 950 826 826 0 0 0 0 0 0 0 1441 949 825 825 0 0 0 0 0 0 0 1442 950 826 826 0 0 0 0 0 0 0 1312 868 744 744 0 0 0 0 0 0 0 1361 898 774 774 0 0 0 0 0 0 0 1363 900 776 776 0 0 0 0 0 0 0 1302 861 737 737 0 0 0 0 0 0 0 1339 885 761 761 0 0 0 0 0 0 0 1312 868 744 744 0 0 0 0 0 0 0 1363 900 776 776 0 0 0 0 0 0 0 1362 899 775 775 0 0 0 0 0 0 0 1339 885 761 761 0 0 0 0 0 0 0 1363 900 776 776 0 0 0 0 0 0 0 1361 898 774 774 0 0 0 0 0 0 0 1362 899 775 775 0 0 0 0 0 0 0 1363 900 776 776 0 0 0 0 0 0 0 1302 861 737 737 0 0 0 0 0 0 0 1374 908 784 784 0 0 0 0 0 0 0 1361 898 774 774 0 0 0 0 0 0 0 1362 899 775 775 0 0 0 0 0 0 0 1361 898 774 774 0 0 0 0 0 0 0 1389 919 795 795 0 0 0 0 0 0 0 1374 908 784 784 0 0 0 0 0 0 0 1389 919 795 795 0 0 0 0 0 0 0 1361 898 774 774 0 0 0 0 0 0 0 1362 899 775 775 0 0 0 0 0 0 0 1338 884 760 760 0 0 0 0 0 0 0 1339 885 761 761 0 0 0 0 0 0 0 1389 919 795 795 0 0 0 0 0 0 0 1352 893 769 769 0 0 0 0 0 0 0 1362 899 775 775 0 0 0 0 0 0 0 1362 899 775 775 0 0 0 0 0 0 0 1352 893 769 769 0 0 0 0 0 0 0 1338 884 760 760 0 0 0 0 0 0 0 1339 885 761 761 0 0 0 0 0 0 0 1310 866 742 742 0 0 0 0 0 0 0 1312 868 744 744 0 0 0 0 0 0 0 1338 884 760 760 0 0 0 0 0 0 0 1310 866 742 742 0 0 0 0 0 0 0 1339 885 761 761 0 0 0 0 0 0 0 1312 868 744 744 0 0 0 0 0 0 0 1311 867 743 743 0 0 0 0 0 0 0 1237 830 706 706 0 0 0 0 0 0 0 1312 868 744 744 0 0 0 0 0 0 0 2887 1933 1558 1558 0 0 0 0 0 0 0 1441 949 825 825 0 0 0 0 0 0 0 1237 830 706 706 0 0 0 0 0 0 0 2887 1933 1558 1558 0 0 0 0 0 0 0 1312 868 744 744 0 0 0 0 0 0 0 1310 866 742 742 0 0 0 0 0 0 0 1311 867 743 743 0 0 0 0 0 0 0 1312 868 744 744 0 0 0 0 0 0 0 1236 829 705 705 0 0 0 0 0 0 0 1441 949 825 825 0 0 0 0 0 0 0 2887 1933 1558 1558 0 0 0 0 0 0 0 1236 829 705 705 0 0 0 0 0 0 0 2887 1933 1558 1558 0 0 0 0 0 0 0 1237 830 706 706 0 0 0 0 0 0 0 1220 816 692 692 0 0 0 0 0 0 0 1219 815 691 691 0 0 0 0 0 0 0 1237 830 706 706 0 0 0 0 0 0 0 1237 830 706 706 0 0 0 0 0 0 0 1311 867 743 743 0 0 0 0 0 0 0 1340 886 762 762 0 0 0 0 0 0 0 1340 886 762 762 0 0 0 0 0 0 0 1309 865 741 741 0 0 0 0 0 0 0 1237 830 706 706 0 0 0 0 0 0 0 1237 830 706 706 0 0 0 0 0 0 0 1309 865 741 741 0 0 0 0 0 0 0 1220 816 692 692 0 0 0 0 0 0 0 1219 815 691 691 0 0 0 0 0 0 0 1236 829 705 705 0 0 0 0 0 0 0 1237 830 706 706 0 0 0 0 0 0 0 1340 886 762 762 0 0 0 0 0 0 0 1311 867 743 743 0 0 0 0 0 0 0 1310 866 742 742 0 0 0 0 0 0 0 1310 866 742 742 0 0 0 0 0 0 0 1338 884 760 760 0 0 0 0 0 0 0 1352 893 769 769 0 0 0 0 0 0 0 1340 886 762 762 0 0 0 0 0 0 0 1310 866 742 742 0 0 0 0 0 0 0 1352 893 769 769 0 0 0 0 0 0 0 1352 893 769 769 0 0 0 0 0 0 0 1405 911 787 787 0 0 0 0 0 0 0 1309 865 741 741 0 0 0 0 0 0 0 1405 911 787 787 0 0 0 0 0 0 0 1352 893 769 769 0 0 0 0 0 0 0 1401 926 802 802 0 0 0 0 0 0 0 1400 925 801 801 0 0 0 0 0 0 0 1352 893 769 769 0 0 0 0 0 0 0 1389 919 795 795 0 0 0 0 0 0 0 1352 893 769 769 0 0 0 0 0 0 0 1400 925 801 801 0 0 0 0 0 0 0 1401 926 802 802 0 0 0 0 0 0 0 1309 865 741 741 0 0 0 0 0 0 0 1340 886 762 762 0 0 0 0 0 0 0 1352 893 769 769 0 0 0 0 0 0 0 1389 919 795 795 0 0 0 0 0 0 0 1429 941 817 817 0 0 0 0 0 0 0 1400 925 801 801 0 0 0 0 0 0 0 1413 931 807 807 0 0 0 0 0 0 0 1429 941 817 817 0 0 0 0 0 0 0 1389 919 795 795 0 0 0 0 0 0 0 1413 931 807 807 0 0 0 0 0 0 0 1389 919 795 795 0 0 0 0 0 0 0 1374 908 784 784 0 0 0 0 0 0 0 1413 931 807 807 0 0 0 0 0 0 0 1374 908 784 784 0 0 0 0 0 0 0 1390 920 796 796 0 0 0 0 0 0 0 1420 937 813 813 0 0 0 0 0 0 0 1429 941 817 817 0 0 0 0 0 0 0 1413 931 807 807 0 0 0 0 0 0 0 1420 937 813 813 0 0 0 0 0 0 0 1413 931 807 807 0 0 0 0 0 0 0 1390 920 796 796 0 0 0 0 0 0 0 1400 925 801 801 0 0 0 0 0 0 0 1429 941 817 817 0 0 0 0 0 0 0 1433 945 821 821 0 0 0 0 0 0 0 1429 941 817 817 0 0 0 0 0 0 0 1422 930 806 806 0 0 0 0 0 0 0 1433 945 821 821 0 0 0 0 0 0 0 1429 941 817 817 0 0 0 0 0 0 0 1420 937 813 813 0 0 0 0 0 0 0 1422 930 806 806 0 0 0 0 0 0 0 1404 928 804 804 0 0 0 0 0 0 0 1400 925 801 801 0 0 0 0 0 0 0 1434 946 822 822 0 0 0 0 0 0 0 1433 945 821 821 0 0 0 0 0 0 0 1434 946 822 822 0 0 0 0 0 0 0 1400 925 801 801 0 0 0 0 0 0 0 1400 925 801 801 0 0 0 0 0 0 0 1404 928 804 804 0 0 0 0 0 0 0 1401 926 802 802 0 0 0 0 0 0 0 1401 926 802 802 0 0 0 0 0 0 0 1404 928 804 804 0 0 0 0 0 0 0 1405 911 787 787 0 0 0 0 0 0 0 1290 857 733 733 0 0 0 0 0 0 0 1309 865 741 741 0 0 0 0 0 0 0 1405 911 787 787 0 0 0 0 0 0 0 1369 905 781 781 0 0 0 0 0 0 0 1290 857 733 733 0 0 0 0 0 0 0 1405 911 787 787 0 0 0 0 0 0 0 1418 935 811 811 0 0 0 0 0 0 0 1405 911 787 787 0 0 0 0 0 0 0 1404 928 804 804 0 0 0 0 0 0 0 1435 947 823 823 0 0 0 0 0 0 0 1404 928 804 804 0 0 0 0 0 0 0 1434 946 822 822 0 0 0 0 0 0 0 1434 946 822 822 0 0 0 0 0 0 0 1433 945 821 821 0 0 0 0 0 0 0 1437 948 824 824 0 0 0 0 0 0 0 1433 945 821 821 0 0 0 0 0 0 0 1422 930 806 806 0 0 0 0 0 0 0 1436 943 819 819 0 0 0 0 0 0 0 1436 943 819 819 0 0 0 0 0 0 0 1437 948 824 824 0 0 0 0 0 0 0 1433 945 821 821 0 0 0 0 0 0 0 1420 937 813 813 0 0 0 0 0 0 0 1421 918 794 794 0 0 0 0 0 0 0 1422 930 806 806 0 0 0 0 0 0 0 1369 905 781 781 0 0 0 0 0 0 0 1380 913 789 789 0 0 0 0 0 0 0 1334 883 759 759 0 0 0 0 0 0 0 1380 913 789 789 0 0 0 0 0 0 0 1369 905 781 781 0 0 0 0 0 0 0 1364 901 777 777 0 0 0 0 0 0 0 1334 883 759 759 0 0 0 0 0 0 0 1290 857 733 733 0 0 0 0 0 0 0 1369 905 781 781 0 0 0 0 0 0 0 1334 883 759 759 0 0 0 0 0 0 0 1261 844 720 720 0 0 0 0 0 0 0 1290 857 733 733 0 0 0 0 0 0 0 1290 857 733 733 0 0 0 0 0 0 0 1289 845 721 721 0 0 0 0 0 0 0 1308 816 692 692 0 0 0 0 0 0 0 1289 845 721 721 0 0 0 0 0 0 0 1290 857 733 733 0 0 0 0 0 0 0 1261 844 720 720 0 0 0 0 0 0 0 3048 1974 1214 1214 0 0 0 0 0 0 0 1291 858 734 734 0 0 0 0 0 0 0 1334 883 759 759 0 0 0 0 0 0 0 3047 819 695 695 0 0 0 0 0 0 0 3048 1974 1214 1214 0 0 0 0 0 0 0 1334 883 759 759 0 0 0 0 0 0 0 1334 883 759 759 0 0 0 0 0 0 0 1380 913 789 789 0 0 0 0 0 0 0 1381 871 747 747 0 0 0 0 0 0 0 1261 844 720 720 0 0 0 0 0 0 0 1334 883 759 759 0 0 0 0 0 0 0 1291 858 734 734 0 0 0 0 0 0 0 1354 895 771 771 0 0 0 0 0 0 0 1353 894 770 770 0 0 0 0 0 0 0 1380 913 789 789 0 0 0 0 0 0 0 1380 913 789 789 0 0 0 0 0 0 0 1353 894 770 770 0 0 0 0 0 0 0 1381 871 747 747 0 0 0 0 0 0 0 1380 913 789 789 0 0 0 0 0 0 0 1364 901 777 777 0 0 0 0 0 0 0 1354 895 771 771 0 0 0 0 0 0 0 1364 901 777 777 0 0 0 0 0 0 0 1350 892 768 768 0 0 0 0 0 0 0 1277 850 726 726 0 0 0 0 0 0 0 1364 901 777 777 0 0 0 0 0 0 0 1314 870 746 746 0 0 0 0 0 0 0 1354 895 771 771 0 0 0 0 0 0 0 1277 850 726 726 0 0 0 0 0 0 0 1314 870 746 746 0 0 0 0 0 0 0 1364 901 777 777 0 0 0 0 0 0 0 1354 895 771 771 0 0 0 0 0 0 0 1314 870 746 746 0 0 0 0 0 0 0 1313 869 745 745 0 0 0 0 0 0 0 1313 869 745 745 0 0 0 0 0 0 0 1353 894 770 770 0 0 0 0 0 0 0 1354 895 771 771 0 0 0 0 0 0 0 1314 870 746 746 0 0 0 0 0 0 0 1295 831 707 707 0 0 0 0 0 0 0 1222 818 694 694 0 0 0 0 0 0 0 1295 831 707 707 0 0 0 0 0 0 0 1314 870 746 746 0 0 0 0 0 0 0 1277 850 726 726 0 0 0 0 0 0 0 1222 818 694 694 0 0 0 0 0 0 0 1313 869 745 745 0 0 0 0 0 0 0 1314 870 746 746 0 0 0 0 0 0 0 1279 825 701 701 0 0 0 0 0 0 0 1296 839 715 715 0 0 0 0 0 0 0 1277 850 726 726 0 0 0 0 0 0 0 1350 892 768 768 0 0 0 0 0 0 0 1324 878 754 754 0 0 0 0 0 0 0 1277 850 726 726 0 0 0 0 0 0 0 1295 831 707 707 0 0 0 0 0 0 0 1277 850 726 726 0 0 0 0 0 0 0 1296 839 715 715 0 0 0 0 0 0 0 1277 850 726 726 0 0 0 0 0 0 0 1324 878 754 754 0 0 0 0 0 0 0 1278 851 727 727 0 0 0 0 0 0 0 1277 850 726 726 0 0 0 0 0 0 0 1278 851 727 727 0 0 0 0 0 0 0 1279 825 701 701 0 0 0 0 0 0 0 3253 880 756 756 0 0 0 0 0 0 0 1366 903 779 779 0 0 0 0 0 0 0 1350 892 768 768 0 0 0 0 0 0 0 1366 903 779 779 0 0 0 0 0 0 0 1324 878 754 754 0 0 0 0 0 0 0 1350 892 768 768 0 0 0 0 0 0 0 1325 864 740 740 0 0 0 0 0 0 0 1278 851 727 727 0 0 0 0 0 0 0 1324 878 754 754 0 0 0 0 0 0 0 1286 827 703 703 0 0 0 0 0 0 0 1325 864 740 740 0 0 0 0 0 0 0 1324 878 754 754 0 0 0 0 0 0 0 1286 827 703 703 0 0 0 0 0 0 0 1324 878 754 754 0 0 0 0 0 0 0 1366 903 779 779 0 0 0 0 0 0 0 1281 840 716 716 0 0 0 0 0 0 0 1279 825 701 701 0 0 0 0 0 0 0 1278 851 727 727 0 0 0 0 0 0 0 1278 851 727 727 0 0 0 0 0 0 0 1325 864 740 740 0 0 0 0 0 0 0 1280 852 728 728 0 0 0 0 0 0 0 1278 851 727 727 0 0 0 0 0 0 0 1280 852 728 728 0 0 0 0 0 0 0 1281 840 716 716 0 0 0 0 0 0 0 1286 827 703 703 0 0 0 0 0 0 0 1285 842 718 718 0 0 0 0 0 0 0 1325 864 740 740 0 0 0 0 0 0 0 1285 842 718 718 0 0 0 0 0 0 0 1326 841 717 717 0 0 0 0 0 0 0 1325 864 740 740 0 0 0 0 0 0 0 1259 843 719 719 0 0 0 0 0 0 0 1258 782 658 658 0 0 0 0 0 0 0 1286 827 703 703 0 0 0 0 0 0 0 1366 903 779 779 0 0 0 0 0 0 0 1259 843 719 719 0 0 0 0 0 0 0 1286 827 703 703 0 0 0 0 0 0 0 1284 826 702 702 0 0 0 0 0 0 0 1285 842 718 718 0 0 0 0 0 0 0 1286 827 703 703 0 0 0 0 0 0 0 3066 758 634 634 0 0 0 0 0 0 0 1260 812 688 688 0 0 0 0 0 0 0 1259 843 719 719 0 0 0 0 0 0 0 1258 782 658 658 0 0 0 0 0 0 0 1259 843 719 719 0 0 0 0 0 0 0 1260 812 688 688 0 0 0 0 0 0 0 1295 831 707 707 0 0 0 0 0 0 0 1296 839 715 715 0 0 0 0 0 0 0 1173 786 662 662 0 0 0 0 0 0 0 1295 831 707 707 0 0 0 0 0 0 0 1146 766 642 642 0 0 0 0 0 0 0 1222 818 694 694 0 0 0 0 0 0 0 1173 786 662 662 0 0 0 0 0 0 0 1224 820 696 696 0 0 0 0 0 0 0 1295 831 707 707 0 0 0 0 0 0 0 1222 818 694 694 0 0 0 0 0 0 0 1223 819 695 695 0 0 0 0 0 0 0 3057 871 747 747 0 0 0 0 0 0 0 1172 785 661 661 0 0 0 0 0 0 0 1223 819 695 695 0 0 0 0 0 0 0 1222 818 694 694 0 0 0 0 0 0 0 1172 785 661 661 0 0 0 0 0 0 0 1222 818 694 694 0 0 0 0 0 0 0 1146 766 642 642 0 0 0 0 0 0 0 1146 766 642 642 0 0 0 0 0 0 0 1113 746 622 622 0 0 0 0 0 0 0 1112 745 621 621 0 0 0 0 0 0 0 1112 745 621 621 0 0 0 0 0 0 0 1172 785 661 661 0 0 0 0 0 0 0 1146 766 642 642 0 0 0 0 0 0 0 1146 766 642 642 0 0 0 0 0 0 0 1147 747 623 623 0 0 0 0 0 0 0 1113 746 622 622 0 0 0 0 0 0 0 1172 785 661 661 0 0 0 0 0 0 0 1112 745 621 621 0 0 0 0 0 0 0 1141 764 640 640 0 0 0 0 0 0 0 1196 802 678 678 0 0 0 0 0 0 0 1223 819 695 695 0 0 0 0 0 0 0 1172 785 661 661 0 0 0 0 0 0 0 1141 764 640 640 0 0 0 0 0 0 0 1196 802 678 678 0 0 0 0 0 0 0 1172 785 661 661 0 0 0 0 0 0 0 1066 705 581 581 0 0 0 0 0 0 0 1087 722 598 598 0 0 0 0 0 0 0 1112 745 621 621 0 0 0 0 0 0 0 1087 722 598 598 0 0 0 0 0 0 0 1141 764 640 640 0 0 0 0 0 0 0 1112 745 621 621 0 0 0 0 0 0 0 1066 705 581 581 0 0 0 0 0 0 0 1112 745 621 621 0 0 0 0 0 0 0 1113 746 622 622 0 0 0 0 0 0 0 1113 746 622 622 0 0 0 0 0 0 0 1067 690 566 566 0 0 0 0 0 0 0 1066 705 581 581 0 0 0 0 0 0 0 1041 673 549 549 0 0 0 0 0 0 0 1040 688 564 564 0 0 0 0 0 0 0 1066 705 581 581 0 0 0 0 0 0 0 1087 722 598 598 0 0 0 0 0 0 0 1066 705 581 581 0 0 0 0 0 0 0 1040 688 564 564 0 0 0 0 0 0 0 1066 705 581 581 0 0 0 0 0 0 0 1067 690 566 566 0 0 0 0 0 0 0 1041 673 549 549 0 0 0 0 0 0 0 1087 722 598 598 0 0 0 0 0 0 0 1063 702 578 578 0 0 0 0 0 0 0 1141 764 640 640 0 0 0 0 0 0 0 1063 702 578 578 0 0 0 0 0 0 0 1087 722 598 598 0 0 0 0 0 0 0 1088 656 532 532 0 0 0 0 0 0 0 1141 764 640 640 0 0 0 0 0 0 0 1063 702 578 578 0 0 0 0 0 0 0 1086 721 597 597 0 0 0 0 0 0 0 1141 764 640 640 0 0 0 0 0 0 0 1195 801 677 677 0 0 0 0 0 0 0 1196 802 678 678 0 0 0 0 0 0 0 1111 744 620 620 0 0 0 0 0 0 0 1195 801 677 677 0 0 0 0 0 0 0 1141 764 640 640 0 0 0 0 0 0 0 1086 721 597 597 0 0 0 0 0 0 0 1085 720 596 596 0 0 0 0 0 0 0 1141 764 640 640 0 0 0 0 0 0 0 1196 802 678 678 0 0 0 0 0 0 0 1195 801 677 677 0 0 0 0 0 0 0 1218 814 690 690 0 0 0 0 0 0 0 1218 814 690 690 0 0 0 0 0 0 0 1291 858 734 734 0 0 0 0 0 0 0 1196 802 678 678 0 0 0 0 0 0 0 1195 801 677 677 0 0 0 0 0 0 0 1111 744 620 620 0 0 0 0 0 0 0 1218 814 690 690 0 0 0 0 0 0 0 1218 814 690 690 0 0 0 0 0 0 0 1111 744 620 620 0 0 0 0 0 0 0 1106 739 615 615 0 0 0 0 0 0 0 1107 740 616 616 0 0 0 0 0 0 0 1106 739 615 615 0 0 0 0 0 0 0 1111 744 620 620 0 0 0 0 0 0 0 1062 701 577 577 0 0 0 0 0 0 0 1107 740 616 616 0 0 0 0 0 0 0 1111 744 620 620 0 0 0 0 0 0 0 1261 844 720 720 0 0 0 0 0 0 0 1291 858 734 734 0 0 0 0 0 0 0 1218 814 690 690 0 0 0 0 0 0 0 1261 844 720 720 0 0 0 0 0 0 0 1218 814 690 690 0 0 0 0 0 0 0 1140 763 639 639 0 0 0 0 0 0 0 1106 739 615 615 0 0 0 0 0 0 0 1140 763 639 639 0 0 0 0 0 0 0 1218 814 690 690 0 0 0 0 0 0 0 3047 819 695 695 0 0 0 0 0 0 0 1291 858 734 734 0 0 0 0 0 0 0 3048 1974 1214 1214 0 0 0 0 0 0 0 1140 763 639 639 0 0 0 0 0 0 0 1289 845 721 721 0 0 0 0 0 0 0 1261 844 720 720 0 0 0 0 0 0 0 1110 743 619 619 0 0 0 0 0 0 0 1140 763 639 639 0 0 0 0 0 0 0 1106 739 615 615 0 0 0 0 0 0 0 1106 739 615 615 0 0 0 0 0 0 0 1019 671 547 547 0 0 0 0 0 0 0 1110 743 619 619 0 0 0 0 0 0 0 1019 671 547 547 0 0 0 0 0 0 0 1106 739 615 615 0 0 0 0 0 0 0 1107 740 616 616 0 0 0 0 0 0 0 1107 740 616 616 0 0 0 0 0 0 0 1062 701 577 577 0 0 0 0 0 0 0 1019 671 547 547 0 0 0 0 0 0 0 1020 672 548 548 0 0 0 0 0 0 0 1062 701 577 577 0 0 0 0 0 0 0 1085 720 596 596 0 0 0 0 0 0 0 1020 672 548 548 0 0 0 0 0 0 0 1019 671 547 547 0 0 0 0 0 0 0 1062 701 577 577 0 0 0 0 0 0 0 1085 720 596 596 0 0 0 0 0 0 0 1060 699 575 575 0 0 0 0 0 0 0 1020 672 548 548 0 0 0 0 0 0 0 1085 720 596 596 0 0 0 0 0 0 0 1086 721 597 597 0 0 0 0 0 0 0 1060 699 575 575 0 0 0 0 0 0 0 1063 702 578 578 0 0 0 0 0 0 0 1065 704 580 580 0 0 0 0 0 0 0 1086 721 597 597 0 0 0 0 0 0 0 1060 699 575 575 0 0 0 0 0 0 0 1086 721 597 597 0 0 0 0 0 0 0 1065 704 580 580 0 0 0 0 0 0 0 1088 656 532 532 0 0 0 0 0 0 0 3080 1976 1571 1571 0 0 0 0 0 0 0 1063 702 578 578 0 0 0 0 0 0 0 1063 702 578 578 0 0 0 0 0 0 0 3080 1976 1571 1571 0 0 0 0 0 0 0 1064 703 579 579 0 0 0 0 0 0 0 1063 702 578 578 0 0 0 0 0 0 0 1064 703 579 579 0 0 0 0 0 0 0 1065 704 580 580 0 0 0 0 0 0 0 3080 1976 1571 1571 0 0 0 0 0 0 0 1088 656 532 532 0 0 0 0 0 0 0 3084 1977 1572 1572 0 0 0 0 0 0 0 1065 704 580 580 0 0 0 0 0 0 0 1061 700 576 576 0 0 0 0 0 0 0 1060 699 575 575 0 0 0 0 0 0 0 1060 699 575 575 0 0 0 0 0 0 0 1061 700 576 576 0 0 0 0 0 0 0 1020 672 548 548 0 0 0 0 0 0 0 1061 700 576 576 0 0 0 0 0 0 0 1018 670 546 546 0 0 0 0 0 0 0 1020 672 548 548 0 0 0 0 0 0 0 1018 670 546 546 0 0 0 0 0 0 0 1019 671 547 547 0 0 0 0 0 0 0 1020 672 548 548 0 0 0 0 0 0 0 1110 743 619 619 0 0 0 0 0 0 0 1019 671 547 547 0 0 0 0 0 0 0 1108 741 617 617 0 0 0 0 0 0 0 1019 671 547 547 0 0 0 0 0 0 0 1018 670 546 546 0 0 0 0 0 0 0 2886 1932 1557 1557 0 0 0 0 0 0 0 2886 1932 1557 1557 0 0 0 0 0 0 0 1108 741 617 617 0 0 0 0 0 0 0 1019 671 547 547 0 0 0 0 0 0 0 1110 743 619 619 0 0 0 0 0 0 0 1109 742 618 618 0 0 0 0 0 0 0 1236 829 705 705 0 0 0 0 0 0 0 1236 829 705 705 0 0 0 0 0 0 0 1221 817 693 693 0 0 0 0 0 0 0 1110 743 619 619 0 0 0 0 0 0 0 1235 800 676 676 0 0 0 0 0 0 0 1110 743 619 619 0 0 0 0 0 0 0 1221 817 693 693 0 0 0 0 0 0 0 1108 741 617 617 0 0 0 0 0 0 0 1109 742 618 618 0 0 0 0 0 0 0 1110 743 619 619 0 0 0 0 0 0 0 1108 741 617 617 0 0 0 0 0 0 0 2886 1932 1557 1557 0 0 0 0 0 0 0 993 647 524 524 0 0 0 0 0 0 0 1108 741 617 617 0 0 0 0 0 0 0 993 647 524 524 0 0 0 0 0 0 0 992 646 523 523 0 0 0 0 0 0 0 1077 712 588 588 0 0 0 0 0 0 0 1108 741 617 617 0 0 0 0 0 0 0 992 646 523 523 0 0 0 0 0 0 0 1108 741 617 617 0 0 0 0 0 0 0 1077 712 588 588 0 0 0 0 0 0 0 1109 742 618 618 0 0 0 0 0 0 0 1018 670 546 546 0 0 0 0 0 0 0 3098 1982 1575 1575 0 0 0 0 0 0 0 2886 1932 1557 1557 0 0 0 0 0 0 0 3097 1981 1574 1574 0 0 0 0 0 0 0 3098 1982 1575 1575 0 0 0 0 0 0 0 1018 670 546 546 0 0 0 0 0 0 0 1018 670 546 546 0 0 0 0 0 0 0 3094 1980 338 338 0 0 0 0 0 0 0 3097 1981 1574 1574 0 0 0 0 0 0 0 3094 1980 338 338 0 0 0 0 0 0 0 1018 670 546 546 0 0 0 0 0 0 0 1061 700 576 576 0 0 0 0 0 0 0 992 646 523 523 0 0 0 0 0 0 0 1076 711 587 587 0 0 0 0 0 0 0 1077 712 588 588 0 0 0 0 0 0 0 991 645 522 522 0 0 0 0 0 0 0 992 646 523 523 0 0 0 0 0 0 0 993 647 524 524 0 0 0 0 0 0 0 3064 763 639 639 0 0 0 0 0 0 0 1235 800 676 676 0 0 0 0 0 0 0 1221 817 693 693 0 0 0 0 0 0 0 1221 817 693 693 0 0 0 0 0 0 0 1236 829 705 705 0 0 0 0 0 0 0 1219 815 691 691 0 0 0 0 0 0 0 1219 815 691 691 0 0 0 0 0 0 0 1220 816 692 692 0 0 0 0 0 0 0 1221 817 693 693 0 0 0 0 0 0 0 1040 688 564 564 0 0 0 0 0 0 0 1041 673 549 549 0 0 0 0 0 0 0 1042 639 518 518 0 0 0 0 0 0 0 1142 765 641 641 0 0 0 0 0 0 0 1224 820 696 696 0 0 0 0 0 0 0 1173 786 662 662 0 0 0 0 0 0 0 1173 786 662 662 0 0 0 0 0 0 0 1143 748 624 624 0 0 0 0 0 0 0 1142 765 641 641 0 0 0 0 0 0 0 1142 765 641 641 0 0 0 0 0 0 0 1143 748 624 624 0 0 0 0 0 0 0 1144 706 582 582 0 0 0 0 0 0 0 3061 757 633 633 0 0 0 0 0 0 0 1174 787 663 663 0 0 0 0 0 0 0 1173 786 662 662 0 0 0 0 0 0 0 1143 748 624 624 0 0 0 0 0 0 0 1173 786 662 662 0 0 0 0 0 0 0 1174 787 663 663 0 0 0 0 0 0 0 1174 787 663 663 0 0 0 0 0 0 0 3072 707 583 583 0 0 0 0 0 0 0 1143 748 624 624 0 0 0 0 0 0 0 1402 914 790 790 0 0 0 0 0 0 0 1371 907 783 783 0 0 0 0 0 0 0 1384 916 792 792 0 0 0 0 0 0 0 1407 923 799 799 0 0 0 0 0 0 0 1371 907 783 783 0 0 0 0 0 0 0 1402 914 790 790 0 0 0 0 0 0 0 1342 888 764 764 0 0 0 0 0 0 0 1384 916 792 792 0 0 0 0 0 0 0 1371 907 783 783 0 0 0 0 0 0 0 1402 914 790 790 0 0 0 0 0 0 0 1406 904 780 780 0 0 0 0 0 0 0 1407 923 799 799 0 0 0 0 0 0 0 1402 914 790 790 0 0 0 0 0 0 0 1384 916 792 792 0 0 0 0 0 0 0 1373 906 782 782 0 0 0 0 0 0 0 1384 916 792 792 0 0 0 0 0 0 0 1342 888 764 764 0 0 0 0 0 0 0 1373 906 782 782 0 0 0 0 0 0 0 1342 888 764 764 0 0 0 0 0 0 0 1298 859 735 735 0 0 0 0 0 0 0 1372 887 763 763 0 0 0 0 0 0 0 1372 887 763 763 0 0 0 0 0 0 0 1373 906 782 782 0 0 0 0 0 0 0 1342 888 764 764 0 0 0 0 0 0 0 1297 833 709 709 0 0 0 0 0 0 0 1298 859 735 735 0 0 0 0 0 0 0 1299 803 679 679 0 0 0 0 0 0 0 1156 773 649 649 0 0 0 0 0 0 0 1155 772 648 648 0 0 0 0 0 0 0 1181 792 668 668 0 0 0 0 0 0 0 1157 730 606 606 0 0 0 0 0 0 0 1156 773 649 649 0 0 0 0 0 0 0 1182 793 669 669 0 0 0 0 0 0 0 1155 772 648 648 0 0 0 0 0 0 0 1156 773 649 649 0 0 0 0 0 0 0 1157 730 606 606 0 0 0 0 0 0 0 1004 658 534 534 0 0 0 0 0 0 0 3093 1979 1573 1573 0 0 0 0 0 0 0 1002 656 532 532 0 0 0 0 0 0 0 3083 688 564 564 0 0 0 0 0 0 0 1003 657 533 533 0 0 0 0 0 0 0 1002 656 532 532 0 0 0 0 0 0 0 1002 656 532 532 0 0 0 0 0 0 0 1003 657 533 533 0 0 0 0 0 0 0 1004 658 534 534 0 0 0 0 0 0 0 1007 659 535 535 0 0 0 0 0 0 0 3092 658 534 534 0 0 0 0 0 0 0 1005 657 533 533 0 0 0 0 0 0 0 1006 639 518 518 0 0 0 0 0 0 0 1005 657 533 533 0 0 0 0 0 0 0 3082 688 564 564 0 0 0 0 0 0 0 1005 657 533 533 0 0 0 0 0 0 0 1006 639 518 518 0 0 0 0 0 0 0 1007 659 535 535 0 0 0 0 0 0 0 1006 639 518 518 0 0 0 0 0 0 0 3096 638 517 517 0 0 0 0 0 0 0 1007 659 535 535 0 0 0 0 0 0 0 1032 668 544 544 0 0 0 0 0 0 0 1033 681 557 557 0 0 0 0 0 0 0 1034 682 558 558 0 0 0 0 0 0 0 1051 682 558 558 0 0 0 0 0 0 0 1052 681 557 557 0 0 0 0 0 0 0 1053 695 571 571 0 0 0 0 0 0 0 1053 695 571 571 0 0 0 0 0 0 0 1052 681 557 557 0 0 0 0 0 0 0 1123 752 628 628 0 0 0 0 0 0 0 1097 730 606 606 0 0 0 0 0 0 0 1123 752 628 628 0 0 0 0 0 0 0 1052 681 557 557 0 0 0 0 0 0 0 1052 681 557 557 0 0 0 0 0 0 0 1096 714 590 590 0 0 0 0 0 0 0 1097 730 606 606 0 0 0 0 0 0 0 1053 695 571 571 0 0 0 0 0 0 0 1123 752 628 628 0 0 0 0 0 0 0 1158 774 650 650 0 0 0 0 0 0 0 1123 752 628 628 0 0 0 0 0 0 0 1097 730 606 606 0 0 0 0 0 0 0 1207 793 669 669 0 0 0 0 0 0 0 1123 752 628 628 0 0 0 0 0 0 0 1209 810 686 686 0 0 0 0 0 0 0 1214 781 657 657 0 0 0 0 0 0 0 1123 752 628 628 0 0 0 0 0 0 0 1214 781 657 657 0 0 0 0 0 0 0 1215 780 656 656 0 0 0 0 0 0 0 1123 752 628 628 0 0 0 0 0 0 0 1207 793 669 669 0 0 0 0 0 0 0 1209 810 686 686 0 0 0 0 0 0 0 1096 714 590 590 0 0 0 0 0 0 0 1159 775 651 651 0 0 0 0 0 0 0 1097 730 606 606 0 0 0 0 0 0 0 1207 793 669 669 0 0 0 0 0 0 0 1208 809 685 685 0 0 0 0 0 0 0 1209 810 686 686 0 0 0 0 0 0 0 1208 809 685 685 0 0 0 0 0 0 0 1207 793 669 669 0 0 0 0 0 0 0 3058 773 649 649 0 0 0 0 0 0 0 1208 809 685 685 0 0 0 0 0 0 0 3058 773 649 649 0 0 0 0 0 0 0 3059 849 725 725 0 0 0 0 0 0 0 1054 668 544 544 0 0 0 0 0 0 0 1055 667 543 543 0 0 0 0 0 0 0 1056 681 557 557 0 0 0 0 0 0 0 1073 693 569 569 0 0 0 0 0 0 0 1074 710 586 586 0 0 0 0 0 0 0 1075 678 554 554 0 0 0 0 0 0 0 1118 710 586 586 0 0 0 0 0 0 0 1119 726 602 602 0 0 0 0 0 0 0 1120 678 554 554 0 0 0 0 0 0 0 1130 759 635 635 0 0 0 0 0 0 0 1131 719 595 595 0 0 0 0 0 0 0 1132 718 594 594 0 0 0 0 0 0 0 1137 758 634 634 0 0 0 0 0 0 0 1138 762 638 638 0 0 0 0 0 0 0 1139 717 593 593 0 0 0 0 0 0 0 1150 710 586 586 0 0 0 0 0 0 0 1151 769 645 645 0 0 0 0 0 0 0 1152 726 602 602 0 0 0 0 0 0 0 1166 755 631 631 0 0 0 0 0 0 0 1167 718 594 594 0 0 0 0 0 0 0 1168 696 572 572 0 0 0 0 0 0 0 3067 780 656 656 0 0 0 0 0 0 0 1184 794 670 670 0 0 0 0 0 0 0 1183 752 628 628 0 0 0 0 0 0 0 1183 752 628 628 0 0 0 0 0 0 0 1184 794 670 670 0 0 0 0 0 0 0 1185 774 650 650 0 0 0 0 0 0 0 1190 798 674 674 0 0 0 0 0 0 0 3071 738 614 614 0 0 0 0 0 0 0 1188 796 672 672 0 0 0 0 0 0 0 1188 796 672 672 0 0 0 0 0 0 0 1189 797 673 673 0 0 0 0 0 0 0 1190 798 674 674 0 0 0 0 0 0 0 1190 798 674 674 0 0 0 0 0 0 0 1189 797 673 673 0 0 0 0 0 0 0 1212 734 610 610 0 0 0 0 0 0 0 1192 743 619 619 0 0 0 0 0 0 0 1193 800 676 676 0 0 0 0 0 0 0 1194 763 639 639 0 0 0 0 0 0 0 1273 836 712 712 0 0 0 0 0 0 0 1205 808 684 684 0 0 0 0 0 0 0 1204 792 668 668 0 0 0 0 0 0 0 1204 792 668 668 0 0 0 0 0 0 0 1205 808 684 684 0 0 0 0 0 0 0 1206 773 649 649 0 0 0 0 0 0 0 1225 791 667 667 0 0 0 0 0 0 0 1226 806 682 682 0 0 0 0 0 0 0 1227 821 697 697 0 0 0 0 0 0 0 1255 757 633 633 0 0 0 0 0 0 0 1256 839 715 715 0 0 0 0 0 0 0 1257 799 675 675 0 0 0 0 0 0 0 3063 763 639 639 0 0 0 0 0 0 0 1263 817 693 693 0 0 0 0 0 0 0 1262 845 721 721 0 0 0 0 0 0 0 1262 845 721 721 0 0 0 0 0 0 0 1263 817 693 693 0 0 0 0 0 0 0 1264 816 692 692 0 0 0 0 0 0 0 1265 786 662 662 0 0 0 0 0 0 0 1266 839 715 715 0 0 0 0 0 0 0 1267 757 633 633 0 0 0 0 0 0 0 1268 803 679 679 0 0 0 0 0 0 0 1269 846 722 722 0 0 0 0 0 0 0 1270 835 711 711 0 0 0 0 0 0 0 1292 858 734 734 0 0 0 0 0 0 0 1293 819 695 695 0 0 0 0 0 0 0 1294 802 678 678 0 0 0 0 0 0 0 1315 871 747 747 0 0 0 0 0 0 0 1355 894 770 770 0 0 0 0 0 0 0 1316 869 745 745 0 0 0 0 0 0 0 1315 871 747 747 0 0 0 0 0 0 0 1316 869 745 745 0 0 0 0 0 0 0 1317 818 694 694 0 0 0 0 0 0 0 1330 853 729 729 0 0 0 0 0 0 0 1331 881 757 757 0 0 0 0 0 0 0 1332 854 730 730 0 0 0 0 0 0 0 1332 854 730 730 0 0 0 0 0 0 0 1331 881 757 757 0 0 0 0 0 0 0 1365 902 778 778 0 0 0 0 0 0 0 1335 865 741 741 0 0 0 0 0 0 0 1336 857 733 733 0 0 0 0 0 0 0 1337 816 692 692 0 0 0 0 0 0 0 1343 889 765 765 0 0 0 0 0 0 0 1360 861 737 737 0 0 0 0 0 0 0 1344 860 736 736 0 0 0 0 0 0 0 1343 889 765 765 0 0 0 0 0 0 0 1344 860 736 736 0 0 0 0 0 0 0 1345 890 766 766 0 0 0 0 0 0 0 1346 822 698 698 0 0 0 0 0 0 0 1347 876 752 752 0 0 0 0 0 0 0 1348 890 766 766 0 0 0 0 0 0 0 1386 918 794 794 0 0 0 0 0 0 0 1387 917 793 793 0 0 0 0 0 0 0 1388 862 738 738 0 0 0 0 0 0 0 1391 877 753 753 0 0 0 0 0 0 0 1392 921 797 797 0 0 0 0 0 0 0 1393 909 785 785 0 0 0 0 0 0 0 1426 936 812 812 0 0 0 0 0 0 0 1427 938 814 814 0 0 0 0 0 0 0 1428 907 783 783 0 0 0 0 0 0 0 1445 952 828 828 0 0 0 0 0 0 0 1450 957 833 833 0 0 0 0 0 0 0 1446 953 829 829 0 0 0 0 0 0 0 1449 956 832 832 0 0 0 0 0 0 0 1450 957 833 833 0 0 0 0 0 0 0 1445 952 828 828 0 0 0 0 0 0 0 1445 952 828 828 0 0 0 0 0 0 0 1446 953 829 829 0 0 0 0 0 0 0 1447 954 830 830 0 0 0 0 0 0 0 1450 957 833 833 0 0 0 0 0 0 0 1452 959 835 835 0 0 0 0 0 0 0 1552 1046 526 526 0 0 0 0 0 0 0 1552 1046 526 526 0 0 0 0 0 0 0 1446 953 829 829 0 0 0 0 0 0 0 1450 957 833 833 0 0 0 0 0 0 0 1449 956 832 832 0 0 0 0 0 0 0 1452 959 835 835 0 0 0 0 0 0 0 1450 957 833 833 0 0 0 0 0 0 0 1446 953 829 829 0 0 0 0 0 0 0 1551 1045 902 902 0 0 0 0 0 0 0 1581 1069 920 920 0 0 0 0 0 0 0 1581 1069 920 920 0 0 0 0 0 0 0 1582 1070 921 921 0 0 0 0 0 0 0 1446 953 829 829 0 0 0 0 0 0 0 1551 1045 902 902 0 0 0 0 0 0 0 1446 953 829 829 0 0 0 0 0 0 0 1552 1046 526 526 0 0 0 0 0 0 0 1447 954 830 830 0 0 0 0 0 0 0 1446 953 829 829 0 0 0 0 0 0 0 1448 955 831 831 0 0 0 0 0 0 0 1447 954 830 830 0 0 0 0 0 0 0 1448 955 831 831 0 0 0 0 0 0 0 1474 978 830 830 0 0 0 0 0 0 0 1448 955 831 831 0 0 0 0 0 0 0 1573 1067 919 919 0 0 0 0 0 0 0 1475 979 696 696 0 0 0 0 0 0 0 1572 1066 919 919 0 0 0 0 0 0 0 1573 1067 919 919 0 0 0 0 0 0 0 1448 955 831 831 0 0 0 0 0 0 0 1474 978 830 830 0 0 0 0 0 0 0 1448 955 831 831 0 0 0 0 0 0 0 1475 979 696 696 0 0 0 0 0 0 0 1474 978 830 830 0 0 0 0 0 0 0 2057 1377 1161 1161 0 0 0 0 0 0 0 2017 954 830 830 0 0 0 0 0 0 0 1474 978 830 830 0 0 0 0 0 0 0 2055 1376 1160 1160 0 0 0 0 0 0 0 2056 1377 1161 1161 0 0 0 0 0 0 0 1476 980 850 850 0 0 0 0 0 0 0 2055 1376 1160 1160 0 0 0 0 0 0 0 1474 978 830 830 0 0 0 0 0 0 0 1474 978 830 830 0 0 0 0 0 0 0 1475 979 696 696 0 0 0 0 0 0 0 1476 980 850 850 0 0 0 0 0 0 0 1477 981 851 851 0 0 0 0 0 0 0 1475 979 696 696 0 0 0 0 0 0 0 1710 1151 985 985 0 0 0 0 0 0 0 1573 1067 919 919 0 0 0 0 0 0 0 1710 1151 985 985 0 0 0 0 0 0 0 1475 979 696 696 0 0 0 0 0 0 0 1476 980 850 850 0 0 0 0 0 0 0 1475 979 696 696 0 0 0 0 0 0 0 1477 981 851 851 0 0 0 0 0 0 0 1573 1067 919 919 0 0 0 0 0 0 0 1818 1227 1044 1044 0 0 0 0 0 0 0 1710 1151 985 985 0 0 0 0 0 0 0 1573 1067 919 919 0 0 0 0 0 0 0 1708 1149 983 983 0 0 0 0 0 0 0 1709 1150 984 984 0 0 0 0 0 0 0 1707 1148 982 982 0 0 0 0 0 0 0 1708 1149 983 983 0 0 0 0 0 0 0 1573 1067 919 919 0 0 0 0 0 0 0 1573 1067 919 919 0 0 0 0 0 0 0 1706 1147 982 982 0 0 0 0 0 0 0 1707 1148 982 982 0 0 0 0 0 0 0 1572 1066 919 919 0 0 0 0 0 0 0 1706 1147 982 982 0 0 0 0 0 0 0 1573 1067 919 919 0 0 0 0 0 0 0 1710 1151 985 985 0 0 0 0 0 0 0 1819 1228 1045 1045 0 0 0 0 0 0 0 1711 1152 986 986 0 0 0 0 0 0 0 1818 1227 1044 1044 0 0 0 0 0 0 0 1819 1228 1045 1045 0 0 0 0 0 0 0 1710 1151 985 985 0 0 0 0 0 0 0 1710 1151 985 985 0 0 0 0 0 0 0 1711 1152 986 986 0 0 0 0 0 0 0 1477 981 851 851 0 0 0 0 0 0 0 1476 980 850 850 0 0 0 0 0 0 0 1477 981 851 851 0 0 0 0 0 0 0 1941 1311 832 832 0 0 0 0 0 0 0 1477 981 851 851 0 0 0 0 0 0 0 1856 1247 1058 1058 0 0 0 0 0 0 0 1941 1311 832 832 0 0 0 0 0 0 0 1476 980 850 850 0 0 0 0 0 0 0 2054 1375 1144 1144 0 0 0 0 0 0 0 2055 1376 1160 1160 0 0 0 0 0 0 0 1941 1311 832 832 0 0 0 0 0 0 0 2054 1375 1144 1144 0 0 0 0 0 0 0 1476 980 850 850 0 0 0 0 0 0 0 1941 1311 832 832 0 0 0 0 0 0 0 2053 1374 1145 1145 0 0 0 0 0 0 0 2054 1375 1144 1144 0 0 0 0 0 0 0 1940 1310 1114 1114 0 0 0 0 0 0 0 2053 1374 1145 1145 0 0 0 0 0 0 0 1941 1311 832 832 0 0 0 0 0 0 0 1941 1311 832 832 0 0 0 0 0 0 0 1856 1247 1058 1058 0 0 0 0 0 0 0 1940 1310 1114 1114 0 0 0 0 0 0 0 1853 1246 839 839 0 0 0 0 0 0 0 1856 1247 1058 1058 0 0 0 0 0 0 0 1851 1244 1056 1056 0 0 0 0 0 0 0 1856 1247 1058 1058 0 0 0 0 0 0 0 1798 1213 1031 1031 0 0 0 0 0 0 0 1855 1222 1040 1040 0 0 0 0 0 0 0 1940 1310 1114 1114 0 0 0 0 0 0 0 1856 1247 1058 1058 0 0 0 0 0 0 0 1853 1246 839 839 0 0 0 0 0 0 0 1855 1222 1040 1040 0 0 0 0 0 0 0 1851 1244 1056 1056 0 0 0 0 0 0 0 1856 1247 1058 1058 0 0 0 0 0 0 0 1940 1310 1114 1114 0 0 0 0 0 0 0 2052 1373 1159 1159 0 0 0 0 0 0 0 2053 1374 1145 1145 0 0 0 0 0 0 0 1853 1246 839 839 0 0 0 0 0 0 0 2052 1373 1159 1159 0 0 0 0 0 0 0 1940 1310 1114 1114 0 0 0 0 0 0 0 1853 1246 839 839 0 0 0 0 0 0 0 1848 1241 1054 1054 0 0 0 0 0 0 0 2049 1370 838 838 0 0 0 0 0 0 0 1853 1246 839 839 0 0 0 0 0 0 0 3025 1238 1051 1051 0 0 0 0 0 0 0 1848 1241 1054 1054 0 0 0 0 0 0 0 2051 1372 1147 1147 0 0 0 0 0 0 0 2052 1373 1159 1159 0 0 0 0 0 0 0 1853 1246 839 839 0 0 0 0 0 0 0 1853 1246 839 839 0 0 0 0 0 0 0 2050 1371 1158 1158 0 0 0 0 0 0 0 2051 1372 1147 1147 0 0 0 0 0 0 0 2049 1370 838 838 0 0 0 0 0 0 0 2050 1371 1158 1158 0 0 0 0 0 0 0 1853 1246 839 839 0 0 0 0 0 0 0 1851 1244 1056 1056 0 0 0 0 0 0 0 1852 1245 1057 1057 0 0 0 0 0 0 0 1853 1246 839 839 0 0 0 0 0 0 0 2049 1370 838 838 0 0 0 0 0 0 0 1848 1241 1054 1054 0 0 0 0 0 0 0 1850 1243 713 713 0 0 0 0 0 0 0 1848 1241 1054 1054 0 0 0 0 0 0 0 1849 1242 1055 1055 0 0 0 0 0 0 0 1850 1243 713 713 0 0 0 0 0 0 0 2049 1370 838 838 0 0 0 0 0 0 0 2048 1369 1148 1148 0 0 0 0 0 0 0 2050 1371 1158 1158 0 0 0 0 0 0 0 1850 1243 713 713 0 0 0 0 0 0 0 2048 1369 1148 1148 0 0 0 0 0 0 0 2049 1370 838 838 0 0 0 0 0 0 0 1850 1243 713 713 0 0 0 0 0 0 0 3033 1308 1113 1113 0 0 0 0 0 0 0 2045 1307 844 844 0 0 0 0 0 0 0 3033 1308 1113 1113 0 0 0 0 0 0 0 1850 1243 713 713 0 0 0 0 0 0 0 1849 1242 1055 1055 0 0 0 0 0 0 0 2047 1368 1157 1157 0 0 0 0 0 0 0 2048 1369 1148 1148 0 0 0 0 0 0 0 1850 1243 713 713 0 0 0 0 0 0 0 1850 1243 713 713 0 0 0 0 0 0 0 2046 1367 1149 1149 0 0 0 0 0 0 0 2047 1368 1157 1157 0 0 0 0 0 0 0 2045 1307 844 844 0 0 0 0 0 0 0 2046 1367 1149 1149 0 0 0 0 0 0 0 1850 1243 713 713 0 0 0 0 0 0 0 1794 1206 1028 1028 0 0 0 0 0 0 0 3033 1308 1113 1113 0 0 0 0 0 0 0 1849 1242 1055 1055 0 0 0 0 0 0 0 1849 1242 1055 1055 0 0 0 0 0 0 0 3032 1239 1052 1052 0 0 0 0 0 0 0 1792 1209 1030 1030 0 0 0 0 0 0 0 1849 1242 1055 1055 0 0 0 0 0 0 0 1792 1209 1030 1030 0 0 0 0 0 0 0 1794 1206 1028 1028 0 0 0 0 0 0 0 1794 1206 1028 1028 0 0 0 0 0 0 0 1793 1210 957 957 0 0 0 0 0 0 0 1795 1207 960 960 0 0 0 0 0 0 0 1792 1209 1030 1030 0 0 0 0 0 0 0 1793 1210 957 957 0 0 0 0 0 0 0 1794 1206 1028 1028 0 0 0 0 0 0 0 1955 1217 1035 1035 0 0 0 0 0 0 0 1793 1210 957 957 0 0 0 0 0 0 0 1792 1209 1030 1030 0 0 0 0 0 0 0 1955 1217 1035 1035 0 0 0 0 0 0 0 1954 1318 1121 1121 0 0 0 0 0 0 0 1793 1210 957 957 0 0 0 0 0 0 0 1955 1217 1035 1035 0 0 0 0 0 0 0 3021 1270 1080 1080 0 0 0 0 0 0 0 1890 1269 1079 1079 0 0 0 0 0 0 0 1890 1269 1079 1079 0 0 0 0 0 0 0 1954 1318 1121 1121 0 0 0 0 0 0 0 1955 1217 1035 1035 0 0 0 0 0 0 0 1890 1269 1079 1079 0 0 0 0 0 0 0 3021 1270 1080 1080 0 0 0 0 0 0 0 1888 1267 1077 1077 0 0 0 0 0 0 0 1888 1267 1077 1077 0 0 0 0 0 0 0 1889 1268 1078 1078 0 0 0 0 0 0 0 1890 1269 1079 1079 0 0 0 0 0 0 0 1888 1267 1077 1077 0 0 0 0 0 0 0 1881 1262 1072 1072 0 0 0 0 0 0 0 1889 1268 1078 1078 0 0 0 0 0 0 0 1971 1263 1073 1073 0 0 0 0 0 0 0 1881 1262 1072 1072 0 0 0 0 0 0 0 1888 1267 1077 1077 0 0 0 0 0 0 0 1881 1262 1072 1072 0 0 0 0 0 0 0 1971 1263 1073 1073 0 0 0 0 0 0 0 1879 1260 1070 1070 0 0 0 0 0 0 0 1879 1260 1070 1070 0 0 0 0 0 0 0 1880 1261 1071 1071 0 0 0 0 0 0 0 1881 1262 1072 1072 0 0 0 0 0 0 0 1880 1261 1071 1071 0 0 0 0 0 0 0 1879 1260 1070 1070 0 0 0 0 0 0 0 1685 1133 976 976 0 0 0 0 0 0 0 1685 1133 976 976 0 0 0 0 0 0 0 1952 1317 1120 1120 0 0 0 0 0 0 0 1880 1261 1071 1071 0 0 0 0 0 0 0 1686 1134 955 955 0 0 0 0 0 0 0 1952 1317 1120 1120 0 0 0 0 0 0 0 1685 1133 976 976 0 0 0 0 0 0 0 1685 1133 976 976 0 0 0 0 0 0 0 1684 1132 959 959 0 0 0 0 0 0 0 1686 1134 955 955 0 0 0 0 0 0 0 1683 1131 975 975 0 0 0 0 0 0 0 1684 1132 959 959 0 0 0 0 0 0 0 1685 1133 976 976 0 0 0 0 0 0 0 1943 1312 1115 1115 0 0 0 0 0 0 0 1684 1132 959 959 0 0 0 0 0 0 0 1683 1131 975 975 0 0 0 0 0 0 0 2045 1307 844 844 0 0 0 0 0 0 0 2043 1366 1153 1153 0 0 0 0 0 0 0 2046 1367 1149 1149 0 0 0 0 0 0 0 2044 1309 847 847 0 0 0 0 0 0 0 2043 1366 1153 1153 0 0 0 0 0 0 0 2045 1307 844 844 0 0 0 0 0 0 0 1472 977 684 684 0 0 0 0 0 0 0 2043 1366 1153 1153 0 0 0 0 0 0 0 2044 1309 847 847 0 0 0 0 0 0 0 2042 1365 1156 1156 0 0 0 0 0 0 0 2043 1366 1153 1153 0 0 0 0 0 0 0 1472 977 684 684 0 0 0 0 0 0 0 1472 977 684 684 0 0 0 0 0 0 0 2041 1364 1155 1155 0 0 0 0 0 0 0 2042 1365 1156 1156 0 0 0 0 0 0 0 1473 975 667 667 0 0 0 0 0 0 0 2041 1364 1155 1155 0 0 0 0 0 0 0 1472 977 684 684 0 0 0 0 0 0 0 1472 977 684 684 0 0 0 0 0 0 0 1467 974 849 849 0 0 0 0 0 0 0 1473 975 667 667 0 0 0 0 0 0 0 1471 976 846 846 0 0 0 0 0 0 0 1467 974 849 849 0 0 0 0 0 0 0 1472 977 684 684 0 0 0 0 0 0 0 1939 1309 847 847 0 0 0 0 0 0 0 1471 976 846 846 0 0 0 0 0 0 0 3040 977 684 684 0 0 0 0 0 0 0 1471 976 846 846 0 0 0 0 0 0 0 1970 1320 1123 1123 0 0 0 0 0 0 0 1969 1255 1066 1066 0 0 0 0 0 0 0 1471 976 846 846 0 0 0 0 0 0 0 1969 1255 1066 1066 0 0 0 0 0 0 0 3029 1254 1065 1065 0 0 0 0 0 0 0 1918 1290 1098 1098 0 0 0 0 0 0 0 1917 1289 1097 1097 0 0 0 0 0 0 0 1471 976 846 846 0 0 0 0 0 0 0 1919 1291 1099 1099 0 0 0 0 0 0 0 1918 1290 1098 1098 0 0 0 0 0 0 0 1471 976 846 846 0 0 0 0 0 0 0 1917 1289 1097 1097 0 0 0 0 0 0 0 1822 1230 1047 1047 0 0 0 0 0 0 0 1471 976 846 846 0 0 0 0 0 0 0 1822 1230 1047 1047 0 0 0 0 0 0 0 1970 1320 1123 1123 0 0 0 0 0 0 0 1471 976 846 846 0 0 0 0 0 0 0 1471 976 846 846 0 0 0 0 0 0 0 1938 1308 1113 1113 0 0 0 0 0 0 0 1919 1291 1099 1099 0 0 0 0 0 0 0 1939 1309 847 847 0 0 0 0 0 0 0 1938 1308 1113 1113 0 0 0 0 0 0 0 1471 976 846 846 0 0 0 0 0 0 0 1937 1307 844 844 0 0 0 0 0 0 0 1938 1308 1113 1113 0 0 0 0 0 0 0 1939 1309 847 847 0 0 0 0 0 0 0 1938 1308 1113 1113 0 0 0 0 0 0 0 1789 1206 1028 1028 0 0 0 0 0 0 0 1919 1291 1099 1099 0 0 0 0 0 0 0 1791 1208 1029 1029 0 0 0 0 0 0 0 1919 1291 1099 1099 0 0 0 0 0 0 0 1789 1206 1028 1028 0 0 0 0 0 0 0 1921 1293 1100 1100 0 0 0 0 0 0 0 1920 1292 714 714 0 0 0 0 0 0 0 1919 1291 1099 1099 0 0 0 0 0 0 0 1919 1291 1099 1099 0 0 0 0 0 0 0 1791 1208 1029 1029 0 0 0 0 0 0 0 1921 1293 1100 1100 0 0 0 0 0 0 0 1918 1290 1098 1098 0 0 0 0 0 0 0 1919 1291 1099 1099 0 0 0 0 0 0 0 1920 1292 714 714 0 0 0 0 0 0 0 1927 1298 1105 1105 0 0 0 0 0 0 0 1930 1301 1108 1108 0 0 0 0 0 0 0 1918 1290 1098 1098 0 0 0 0 0 0 0 1918 1290 1098 1098 0 0 0 0 0 0 0 1920 1292 714 714 0 0 0 0 0 0 0 1927 1298 1105 1105 0 0 0 0 0 0 0 1916 1288 1096 1096 0 0 0 0 0 0 0 1918 1290 1098 1098 0 0 0 0 0 0 0 1930 1301 1108 1108 0 0 0 0 0 0 0 1916 1288 1096 1096 0 0 0 0 0 0 0 1917 1289 1097 1097 0 0 0 0 0 0 0 1918 1290 1098 1098 0 0 0 0 0 0 0 1928 1299 1106 1106 0 0 0 0 0 0 0 1927 1298 1105 1105 0 0 0 0 0 0 0 1920 1292 714 714 0 0 0 0 0 0 0 1920 1292 714 714 0 0 0 0 0 0 0 1921 1293 1100 1100 0 0 0 0 0 0 0 1928 1299 1106 1106 0 0 0 0 0 0 0 1927 1298 1105 1105 0 0 0 0 0 0 0 1948 1312 1115 1115 0 0 0 0 0 0 0 1947 1131 975 975 0 0 0 0 0 0 0 1929 1300 1107 1107 0 0 0 0 0 0 0 1948 1312 1115 1115 0 0 0 0 0 0 0 1927 1298 1105 1105 0 0 0 0 0 0 0 1927 1298 1105 1105 0 0 0 0 0 0 0 1945 1314 1117 1117 0 0 0 0 0 0 0 1930 1301 1108 1108 0 0 0 0 0 0 0 1947 1131 975 975 0 0 0 0 0 0 0 1945 1314 1117 1117 0 0 0 0 0 0 0 1927 1298 1105 1105 0 0 0 0 0 0 0 1927 1298 1105 1105 0 0 0 0 0 0 0 1928 1299 1106 1106 0 0 0 0 0 0 0 1929 1300 1107 1107 0 0 0 0 0 0 0 1930 1301 1108 1108 0 0 0 0 0 0 0 1946 1295 1102 1102 0 0 0 0 0 0 0 1916 1288 1096 1096 0 0 0 0 0 0 0 1945 1314 1117 1117 0 0 0 0 0 0 0 1946 1295 1102 1102 0 0 0 0 0 0 0 1930 1301 1108 1108 0 0 0 0 0 0 0 1945 1314 1117 1117 0 0 0 0 0 0 0 1981 1325 1128 1128 0 0 0 0 0 0 0 1509 1011 879 879 0 0 0 0 0 0 0 1947 1131 975 975 0 0 0 0 0 0 0 1981 1325 1128 1128 0 0 0 0 0 0 0 1945 1314 1117 1117 0 0 0 0 0 0 0 1508 1010 878 878 0 0 0 0 0 0 0 1946 1295 1102 1102 0 0 0 0 0 0 0 1945 1314 1117 1117 0 0 0 0 0 0 0 1508 1010 878 878 0 0 0 0 0 0 0 1945 1314 1117 1117 0 0 0 0 0 0 0 1509 1011 879 879 0 0 0 0 0 0 0 1949 1133 976 976 0 0 0 0 0 0 0 1995 1334 555 555 0 0 0 0 0 0 0 1947 1131 975 975 0 0 0 0 0 0 0 1980 1324 1127 1127 0 0 0 0 0 0 0 1981 1325 1128 1128 0 0 0 0 0 0 0 1947 1131 975 975 0 0 0 0 0 0 0 1995 1334 555 555 0 0 0 0 0 0 0 1980 1324 1127 1127 0 0 0 0 0 0 0 1947 1131 975 975 0 0 0 0 0 0 0 1509 1011 879 879 0 0 0 0 0 0 0 1981 1325 1128 1128 0 0 0 0 0 0 0 1982 1326 1129 1129 0 0 0 0 0 0 0 1981 1325 1128 1128 0 0 0 0 0 0 0 1779 1196 1018 1018 0 0 0 0 0 0 0 1982 1326 1129 1129 0 0 0 0 0 0 0 1981 1325 1128 1128 0 0 0 0 0 0 0 1781 1198 1020 1020 0 0 0 0 0 0 0 1779 1196 1018 1018 0 0 0 0 0 0 0 1980 1324 1127 1127 0 0 0 0 0 0 0 1781 1198 1020 1020 0 0 0 0 0 0 0 1981 1325 1128 1128 0 0 0 0 0 0 0 1509 1011 879 879 0 0 0 0 0 0 0 1982 1326 1129 1129 0 0 0 0 0 0 0 1511 1009 877 877 0 0 0 0 0 0 0 1510 1008 873 873 0 0 0 0 0 0 0 1509 1011 879 879 0 0 0 0 0 0 0 1511 1009 877 877 0 0 0 0 0 0 0 1508 1010 878 878 0 0 0 0 0 0 0 1509 1011 879 879 0 0 0 0 0 0 0 1510 1008 873 873 0 0 0 0 0 0 0 1511 1009 877 877 0 0 0 0 0 0 0 1982 1326 1129 1129 0 0 0 0 0 0 0 1983 1327 1130 1130 0 0 0 0 0 0 0 1982 1326 1129 1129 0 0 0 0 0 0 0 1777 1194 1016 1016 0 0 0 0 0 0 0 1983 1327 1130 1130 0 0 0 0 0 0 0 1982 1326 1129 1129 0 0 0 0 0 0 0 1779 1196 1018 1018 0 0 0 0 0 0 0 1777 1194 1016 1016 0 0 0 0 0 0 0 1779 1196 1018 1018 0 0 0 0 0 0 0 1781 1198 1020 1020 0 0 0 0 0 0 0 1780 1197 1019 1019 0 0 0 0 0 0 0 1778 1195 1017 1017 0 0 0 0 0 0 0 1779 1196 1018 1018 0 0 0 0 0 0 0 1780 1197 1019 1019 0 0 0 0 0 0 0 1777 1194 1016 1016 0 0 0 0 0 0 0 1779 1196 1018 1018 0 0 0 0 0 0 0 1778 1195 1017 1017 0 0 0 0 0 0 0 1980 1324 1127 1127 0 0 0 0 0 0 0 1527 1023 886 886 0 0 0 0 0 0 0 1781 1198 1020 1020 0 0 0 0 0 0 0 1781 1198 1020 1020 0 0 0 0 0 0 0 1527 1023 886 886 0 0 0 0 0 0 0 1526 1022 885 885 0 0 0 0 0 0 0 1780 1197 1019 1019 0 0 0 0 0 0 0 1781 1198 1020 1020 0 0 0 0 0 0 0 1526 1022 885 885 0 0 0 0 0 0 0 1979 1323 1126 1126 0 0 0 0 0 0 0 1980 1324 1127 1127 0 0 0 0 0 0 0 1995 1334 555 555 0 0 0 0 0 0 0 1979 1323 1126 1126 0 0 0 0 0 0 0 1527 1023 886 886 0 0 0 0 0 0 0 1980 1324 1127 1127 0 0 0 0 0 0 0 1949 1133 976 976 0 0 0 0 0 0 0 1979 1323 1126 1126 0 0 0 0 0 0 0 1995 1334 555 555 0 0 0 0 0 0 0 1950 1315 1118 1118 0 0 0 0 0 0 0 1979 1323 1126 1126 0 0 0 0 0 0 0 1949 1133 976 976 0 0 0 0 0 0 0 1949 1133 976 976 0 0 0 0 0 0 0 1884 1260 1070 1070 0 0 0 0 0 0 0 1950 1315 1118 1118 0 0 0 0 0 0 0 1994 1333 1021 1021 0 0 0 0 0 0 0 1979 1323 1126 1126 0 0 0 0 0 0 0 1950 1315 1118 1118 0 0 0 0 0 0 0 1979 1323 1126 1126 0 0 0 0 0 0 0 1782 1199 1021 1021 0 0 0 0 0 0 0 1527 1023 886 886 0 0 0 0 0 0 0 1994 1333 1021 1021 0 0 0 0 0 0 0 1782 1199 1021 1021 0 0 0 0 0 0 0 1979 1323 1126 1126 0 0 0 0 0 0 0 1527 1023 886 886 0 0 0 0 0 0 0 1782 1199 1021 1021 0 0 0 0 0 0 0 1529 1025 887 887 0 0 0 0 0 0 0 1528 1024 360 360 0 0 0 0 0 0 0 1527 1023 886 886 0 0 0 0 0 0 0 1529 1025 887 887 0 0 0 0 0 0 0 1526 1022 885 885 0 0 0 0 0 0 0 1527 1023 886 886 0 0 0 0 0 0 0 1528 1024 360 360 0 0 0 0 0 0 0 1994 1333 1021 1021 0 0 0 0 0 0 0 1531 1027 889 889 0 0 0 0 0 0 0 1782 1199 1021 1021 0 0 0 0 0 0 0 1782 1199 1021 1021 0 0 0 0 0 0 0 1531 1027 889 889 0 0 0 0 0 0 0 1530 1026 888 888 0 0 0 0 0 0 0 1529 1025 887 887 0 0 0 0 0 0 0 1782 1199 1021 1021 0 0 0 0 0 0 0 1530 1026 888 888 0 0 0 0 0 0 0 1953 1135 977 977 0 0 0 0 0 0 0 1994 1333 1021 1021 0 0 0 0 0 0 0 1950 1315 1118 1118 0 0 0 0 0 0 0 1993 1332 1133 1133 0 0 0 0 0 0 0 1994 1333 1021 1021 0 0 0 0 0 0 0 1953 1135 977 977 0 0 0 0 0 0 0 1993 1332 1133 1133 0 0 0 0 0 0 0 1531 1027 889 889 0 0 0 0 0 0 0 1994 1333 1021 1021 0 0 0 0 0 0 0 1950 1315 1118 1118 0 0 0 0 0 0 0 1884 1260 1070 1070 0 0 0 0 0 0 0 1953 1135 977 977 0 0 0 0 0 0 0 1953 1135 977 977 0 0 0 0 0 0 0 1884 1260 1070 1070 0 0 0 0 0 0 0 1883 1264 1074 1074 0 0 0 0 0 0 0 1882 1263 1073 1073 0 0 0 0 0 0 0 1883 1264 1074 1074 0 0 0 0 0 0 0 1884 1260 1070 1070 0 0 0 0 0 0 0 1907 1137 978 978 0 0 0 0 0 0 0 2016 1350 861 861 0 0 0 0 0 0 0 1953 1135 977 977 0 0 0 0 0 0 0 2016 1350 861 861 0 0 0 0 0 0 0 1993 1332 1133 1133 0 0 0 0 0 0 0 1953 1135 977 977 0 0 0 0 0 0 0 2016 1350 861 861 0 0 0 0 0 0 0 2015 1331 339 339 0 0 0 0 0 0 0 1993 1332 1133 1133 0 0 0 0 0 0 0 1993 1332 1133 1133 0 0 0 0 0 0 0 1783 1200 1022 1022 0 0 0 0 0 0 0 1531 1027 889 889 0 0 0 0 0 0 0 1992 1331 339 339 0 0 0 0 0 0 0 1783 1200 1022 1022 0 0 0 0 0 0 0 1993 1332 1133 1133 0 0 0 0 0 0 0 1531 1027 889 889 0 0 0 0 0 0 0 1783 1200 1022 1022 0 0 0 0 0 0 0 1533 1029 890 890 0 0 0 0 0 0 0 1532 1028 358 358 0 0 0 0 0 0 0 1531 1027 889 889 0 0 0 0 0 0 0 1533 1029 890 890 0 0 0 0 0 0 0 1530 1026 888 888 0 0 0 0 0 0 0 1531 1027 889 889 0 0 0 0 0 0 0 1532 1028 358 358 0 0 0 0 0 0 0 1783 1200 1022 1022 0 0 0 0 0 0 0 1785 1202 1024 1024 0 0 0 0 0 0 0 1784 1201 1023 1023 0 0 0 0 0 0 0 1533 1029 890 890 0 0 0 0 0 0 0 1783 1200 1022 1022 0 0 0 0 0 0 0 1784 1201 1023 1023 0 0 0 0 0 0 0 1785 1202 1024 1024 0 0 0 0 0 0 0 1990 1200 1022 1022 0 0 0 0 0 0 0 1991 1330 337 337 0 0 0 0 0 0 0 1988 1329 1132 1132 0 0 0 0 0 0 0 1785 1202 1024 1024 0 0 0 0 0 0 0 1989 1330 337 337 0 0 0 0 0 0 0 1787 1204 1026 1026 0 0 0 0 0 0 0 1785 1202 1024 1024 0 0 0 0 0 0 0 1988 1329 1132 1132 0 0 0 0 0 0 0 1785 1202 1024 1024 0 0 0 0 0 0 0 1787 1204 1026 1026 0 0 0 0 0 0 0 1786 1203 1025 1025 0 0 0 0 0 0 0 1784 1201 1023 1023 0 0 0 0 0 0 0 1785 1202 1024 1024 0 0 0 0 0 0 0 1786 1203 1025 1025 0 0 0 0 0 0 0 1991 1330 337 337 0 0 0 0 0 0 0 1990 1200 1022 1022 0 0 0 0 0 0 0 1992 1331 339 339 0 0 0 0 0 0 0 1786 1203 1025 1025 0 0 0 0 0 0 0 1787 1204 1026 1026 0 0 0 0 0 0 0 1788 1205 1027 1027 0 0 0 0 0 0 0 2014 1349 858 858 0 0 0 0 0 0 0 1989 1330 337 337 0 0 0 0 0 0 0 2015 1331 339 339 0 0 0 0 0 0 0 1907 1137 978 978 0 0 0 0 0 0 0 1989 1330 337 337 0 0 0 0 0 0 0 2014 1349 858 858 0 0 0 0 0 0 0 1512 1012 856 856 0 0 0 0 0 0 0 1989 1330 337 337 0 0 0 0 0 0 0 1907 1137 978 978 0 0 0 0 0 0 0 1512 1012 856 856 0 0 0 0 0 0 0 1988 1329 1132 1132 0 0 0 0 0 0 0 1989 1330 337 337 0 0 0 0 0 0 0 2014 1349 858 858 0 0 0 0 0 0 0 2016 1350 861 861 0 0 0 0 0 0 0 1907 1137 978 978 0 0 0 0 0 0 0 1907 1137 978 978 0 0 0 0 0 0 0 1910 1283 943 943 0 0 0 0 0 0 0 1908 1281 1091 1091 0 0 0 0 0 0 0 1907 1137 978 978 0 0 0 0 0 0 0 1908 1281 1091 1091 0 0 0 0 0 0 0 1512 1012 856 856 0 0 0 0 0 0 0 2014 1349 858 858 0 0 0 0 0 0 0 2015 1331 339 339 0 0 0 0 0 0 0 2016 1350 861 861 0 0 0 0 0 0 0 1909 1282 1092 1092 0 0 0 0 0 0 0 1908 1281 1091 1091 0 0 0 0 0 0 0 1899 1276 1086 1086 0 0 0 0 0 0 0 1933 1304 1111 1111 0 0 0 0 0 0 0 1899 1276 1086 1086 0 0 0 0 0 0 0 1908 1281 1091 1091 0 0 0 0 0 0 0 1908 1281 1091 1091 0 0 0 0 0 0 0 1931 1302 1109 1109 0 0 0 0 0 0 0 1933 1304 1111 1111 0 0 0 0 0 0 0 1911 1284 1093 1093 0 0 0 0 0 0 0 1931 1302 1109 1109 0 0 0 0 0 0 0 1908 1281 1091 1091 0 0 0 0 0 0 0 1908 1281 1091 1091 0 0 0 0 0 0 0 1910 1283 943 943 0 0 0 0 0 0 0 1911 1284 1093 1093 0 0 0 0 0 0 0 1512 1012 856 856 0 0 0 0 0 0 0 1908 1281 1091 1091 0 0 0 0 0 0 0 1909 1282 1092 1092 0 0 0 0 0 0 0 1514 1014 853 853 0 0 0 0 0 0 0 1988 1329 1132 1132 0 0 0 0 0 0 0 1512 1012 856 856 0 0 0 0 0 0 0 1912 1285 1094 1094 0 0 0 0 0 0 0 1512 1012 856 856 0 0 0 0 0 0 0 1909 1282 1092 1092 0 0 0 0 0 0 0 1513 1013 880 880 0 0 0 0 0 0 0 1512 1012 856 856 0 0 0 0 0 0 0 1912 1285 1094 1094 0 0 0 0 0 0 0 1512 1012 856 856 0 0 0 0 0 0 0 1513 1013 880 880 0 0 0 0 0 0 0 1514 1014 853 853 0 0 0 0 0 0 0 1514 1014 853 853 0 0 0 0 0 0 0 2013 1348 1141 1141 0 0 0 0 0 0 0 1988 1329 1132 1132 0 0 0 0 0 0 0 1515 1015 855 855 0 0 0 0 0 0 0 2013 1348 1141 1141 0 0 0 0 0 0 0 1514 1014 853 853 0 0 0 0 0 0 0 1516 1016 854 854 0 0 0 0 0 0 0 1514 1014 853 853 0 0 0 0 0 0 0 1513 1013 880 880 0 0 0 0 0 0 0 1515 1015 855 855 0 0 0 0 0 0 0 1514 1014 853 853 0 0 0 0 0 0 0 1516 1016 854 854 0 0 0 0 0 0 0 1912 1285 1094 1094 0 0 0 0 0 0 0 1909 1282 1092 1092 0 0 0 0 0 0 0 1900 1277 1087 1087 0 0 0 0 0 0 0 1900 1277 1087 1087 0 0 0 0 0 0 0 1934 1305 677 677 0 0 0 0 0 0 0 1912 1285 1094 1094 0 0 0 0 0 0 0 1899 1276 1086 1086 0 0 0 0 0 0 0 1900 1277 1087 1087 0 0 0 0 0 0 0 1909 1282 1092 1092 0 0 0 0 0 0 0 1899 1276 1086 1086 0 0 0 0 0 0 0 1933 1304 1111 1111 0 0 0 0 0 0 0 1901 1278 1088 1088 0 0 0 0 0 0 0 1899 1276 1086 1086 0 0 0 0 0 0 0 1901 1278 1088 1088 0 0 0 0 0 0 0 1897 1274 1084 1084 0 0 0 0 0 0 0 1899 1276 1086 1086 0 0 0 0 0 0 0 1898 1275 1085 1085 0 0 0 0 0 0 0 1900 1277 1087 1087 0 0 0 0 0 0 0 1897 1274 1084 1084 0 0 0 0 0 0 0 1898 1275 1085 1085 0 0 0 0 0 0 0 1899 1276 1086 1086 0 0 0 0 0 0 0 1900 1277 1087 1087 0 0 0 0 0 0 0 1903 1279 1089 1089 0 0 0 0 0 0 0 1934 1305 677 677 0 0 0 0 0 0 0 1900 1277 1087 1087 0 0 0 0 0 0 0 1898 1275 1085 1085 0 0 0 0 0 0 0 1903 1279 1089 1089 0 0 0 0 0 0 0 1898 1275 1085 1085 0 0 0 0 0 0 0 1897 1274 1084 1084 0 0 0 0 0 0 0 1942 1247 1058 1058 0 0 0 0 0 0 0 1904 1234 678 678 0 0 0 0 0 0 0 1898 1275 1085 1085 0 0 0 0 0 0 0 1837 981 851 851 0 0 0 0 0 0 0 1942 1247 1058 1058 0 0 0 0 0 0 0 1837 981 851 851 0 0 0 0 0 0 0 1898 1275 1085 1085 0 0 0 0 0 0 0 1903 1279 1089 1089 0 0 0 0 0 0 0 1898 1275 1085 1085 0 0 0 0 0 0 0 1904 1234 678 678 0 0 0 0 0 0 0 3024 1213 1031 1031 0 0 0 0 0 0 0 1897 1274 1084 1084 0 0 0 0 0 0 0 1902 1215 1033 1033 0 0 0 0 0 0 0 3024 1213 1031 1031 0 0 0 0 0 0 0 1942 1247 1058 1058 0 0 0 0 0 0 0 1897 1274 1084 1084 0 0 0 0 0 0 0 1897 1274 1084 1084 0 0 0 0 0 0 0 1901 1278 1088 1088 0 0 0 0 0 0 0 1902 1215 1033 1033 0 0 0 0 0 0 0 1837 981 851 851 0 0 0 0 0 0 0 1838 1150 984 984 0 0 0 0 0 0 0 1566 1060 915 915 0 0 0 0 0 0 0 1837 981 851 851 0 0 0 0 0 0 0 1566 1060 915 915 0 0 0 0 0 0 0 3022 1235 1048 1048 0 0 0 0 0 0 0 1904 1234 678 678 0 0 0 0 0 0 0 1837 981 851 851 0 0 0 0 0 0 0 3022 1235 1048 1048 0 0 0 0 0 0 0 1837 981 851 851 0 0 0 0 0 0 0 1836 1228 1045 1045 0 0 0 0 0 0 0 1838 1150 984 984 0 0 0 0 0 0 0 1835 1152 986 986 0 0 0 0 0 0 0 1836 1228 1045 1045 0 0 0 0 0 0 0 1837 981 851 851 0 0 0 0 0 0 0 1566 1060 915 915 0 0 0 0 0 0 0 1838 1150 984 984 0 0 0 0 0 0 0 1809 1149 983 983 0 0 0 0 0 0 0 1840 1067 919 919 0 0 0 0 0 0 0 1838 1150 984 984 0 0 0 0 0 0 0 1836 1228 1045 1045 0 0 0 0 0 0 0 1811 1223 1041 1041 0 0 0 0 0 0 0 1566 1060 915 915 0 0 0 0 0 0 0 1809 1149 983 983 0 0 0 0 0 0 0 1829 1062 917 917 0 0 0 0 0 0 0 3022 1235 1048 1048 0 0 0 0 0 0 0 1566 1060 915 915 0 0 0 0 0 0 0 1566 1060 915 915 0 0 0 0 0 0 0 1811 1223 1041 1041 0 0 0 0 0 0 0 1832 1061 916 916 0 0 0 0 0 0 0 1566 1060 915 915 0 0 0 0 0 0 0 1567 1061 916 916 0 0 0 0 0 0 0 1568 1062 917 917 0 0 0 0 0 0 0 1809 1149 983 983 0 0 0 0 0 0 0 1810 1148 982 982 0 0 0 0 0 0 0 1811 1223 1041 1041 0 0 0 0 0 0 0 1832 1061 916 916 0 0 0 0 0 0 0 1811 1223 1041 1041 0 0 0 0 0 0 0 1812 1224 1042 1042 0 0 0 0 0 0 0 1811 1223 1041 1041 0 0 0 0 0 0 0 1810 1148 982 982 0 0 0 0 0 0 0 1812 1224 1042 1042 0 0 0 0 0 0 0 1810 1148 982 982 0 0 0 0 0 0 0 1813 1147 982 982 0 0 0 0 0 0 0 1814 1224 1042 1042 0 0 0 0 0 0 0 1816 1226 1041 1041 0 0 0 0 0 0 0 1813 1147 982 982 0 0 0 0 0 0 0 1817 1146 981 981 0 0 0 0 0 0 0 1815 1225 1043 1043 0 0 0 0 0 0 0 1813 1147 982 982 0 0 0 0 0 0 0 1816 1226 1041 1041 0 0 0 0 0 0 0 1814 1224 1042 1042 0 0 0 0 0 0 0 1813 1147 982 982 0 0 0 0 0 0 0 1815 1225 1043 1043 0 0 0 0 0 0 0 1814 1224 1042 1042 0 0 0 0 0 0 0 1815 1225 1043 1043 0 0 0 0 0 0 0 1567 1061 916 916 0 0 0 0 0 0 0 1567 1061 916 916 0 0 0 0 0 0 0 1815 1225 1043 1043 0 0 0 0 0 0 0 1571 1065 583 583 0 0 0 0 0 0 0 1570 1064 918 918 0 0 0 0 0 0 0 1567 1061 916 916 0 0 0 0 0 0 0 1571 1065 583 583 0 0 0 0 0 0 0 1569 1063 918 918 0 0 0 0 0 0 0 1567 1061 916 916 0 0 0 0 0 0 0 1570 1064 918 918 0 0 0 0 0 0 0 1568 1062 917 917 0 0 0 0 0 0 0 1567 1061 916 916 0 0 0 0 0 0 0 1569 1063 918 918 0 0 0 0 0 0 0 1568 1062 917 917 0 0 0 0 0 0 0 1569 1063 918 918 0 0 0 0 0 0 0 1698 1142 936 936 0 0 0 0 0 0 0 1698 1142 936 936 0 0 0 0 0 0 0 1699 1143 935 935 0 0 0 0 0 0 0 1568 1062 917 917 0 0 0 0 0 0 0 1570 1064 918 918 0 0 0 0 0 0 0 1574 1065 583 583 0 0 0 0 0 0 0 1575 1068 917 917 0 0 0 0 0 0 0 1574 1065 583 583 0 0 0 0 0 0 0 1834 1226 1041 1041 0 0 0 0 0 0 0 1576 1069 920 920 0 0 0 0 0 0 0 1833 1225 1043 1043 0 0 0 0 0 0 0 1834 1226 1041 1041 0 0 0 0 0 0 0 1574 1065 583 583 0 0 0 0 0 0 0 1575 1068 917 917 0 0 0 0 0 0 0 1574 1065 583 583 0 0 0 0 0 0 0 1576 1069 920 920 0 0 0 0 0 0 0 1615 1045 902 902 0 0 0 0 0 0 0 1575 1068 917 917 0 0 0 0 0 0 0 1576 1069 920 920 0 0 0 0 0 0 0 1612 1064 918 918 0 0 0 0 0 0 0 1575 1068 917 917 0 0 0 0 0 0 0 1610 1086 935 935 0 0 0 0 0 0 0 1575 1068 917 917 0 0 0 0 0 0 0 1616 1089 938 938 0 0 0 0 0 0 0 1610 1086 935 935 0 0 0 0 0 0 0 1615 1045 902 902 0 0 0 0 0 0 0 1616 1089 938 938 0 0 0 0 0 0 0 1575 1068 917 917 0 0 0 0 0 0 0 1618 1091 940 940 0 0 0 0 0 0 0 1616 1089 938 938 0 0 0 0 0 0 0 1615 1045 902 902 0 0 0 0 0 0 0 1610 1086 935 935 0 0 0 0 0 0 0 1611 1087 936 936 0 0 0 0 0 0 0 1612 1064 918 918 0 0 0 0 0 0 0 1581 1069 920 920 0 0 0 0 0 0 0 1816 1226 1041 1041 0 0 0 0 0 0 0 1817 1146 981 981 0 0 0 0 0 0 0 1817 1146 981 981 0 0 0 0 0 0 0 1582 1070 921 921 0 0 0 0 0 0 0 1581 1069 920 920 0 0 0 0 0 0 0 1829 1062 917 917 0 0 0 0 0 0 0 1830 1143 935 935 0 0 0 0 0 0 0 1831 1235 1048 1048 0 0 0 0 0 0 0 1831 1235 1048 1048 0 0 0 0 0 0 0 1830 1143 935 935 0 0 0 0 0 0 0 1826 1232 938 938 0 0 0 0 0 0 0 1828 1234 678 678 0 0 0 0 0 0 0 1831 1235 1048 1048 0 0 0 0 0 0 0 1826 1232 938 938 0 0 0 0 0 0 0 1826 1232 938 938 0 0 0 0 0 0 0 1827 1233 940 940 0 0 0 0 0 0 0 1828 1234 678 678 0 0 0 0 0 0 0 1906 1280 1090 1090 0 0 0 0 0 0 0 1828 1234 678 678 0 0 0 0 0 0 0 1827 1233 940 940 0 0 0 0 0 0 0 1905 1279 1089 1089 0 0 0 0 0 0 0 1828 1234 678 678 0 0 0 0 0 0 0 1906 1280 1090 1090 0 0 0 0 0 0 0 1905 1279 1089 1089 0 0 0 0 0 0 0 1906 1280 1090 1090 0 0 0 0 0 0 0 1935 1306 1112 1112 0 0 0 0 0 0 0 1935 1306 1112 1112 0 0 0 0 0 0 0 1936 1305 677 677 0 0 0 0 0 0 0 1905 1279 1089 1089 0 0 0 0 0 0 0 1936 1305 677 677 0 0 0 0 0 0 0 1935 1306 1112 1112 0 0 0 0 0 0 0 1932 1303 1110 1110 0 0 0 0 0 0 0 1932 1303 1110 1110 0 0 0 0 0 0 0 1915 1285 1094 1094 0 0 0 0 0 0 0 1936 1305 677 677 0 0 0 0 0 0 0 1915 1285 1094 1094 0 0 0 0 0 0 0 1932 1303 1110 1110 0 0 0 0 0 0 0 1913 1286 1095 1095 0 0 0 0 0 0 0 1915 1285 1094 1094 0 0 0 0 0 0 0 1914 1287 939 939 0 0 0 0 0 0 0 1693 1013 880 880 0 0 0 0 0 0 0 1913 1286 1095 1095 0 0 0 0 0 0 0 1914 1287 939 939 0 0 0 0 0 0 0 1915 1285 1094 1094 0 0 0 0 0 0 0 1693 1013 880 880 0 0 0 0 0 0 0 1914 1287 939 939 0 0 0 0 0 0 0 1691 1139 937 937 0 0 0 0 0 0 0 1693 1013 880 880 0 0 0 0 0 0 0 1692 1140 933 933 0 0 0 0 0 0 0 1694 1016 854 854 0 0 0 0 0 0 0 1691 1139 937 937 0 0 0 0 0 0 0 1692 1140 933 933 0 0 0 0 0 0 0 1693 1013 880 880 0 0 0 0 0 0 0 1836 1228 1045 1045 0 0 0 0 0 0 0 1839 1227 1044 1044 0 0 0 0 0 0 0 1840 1067 919 919 0 0 0 0 0 0 0 1882 1263 1073 1073 0 0 0 0 0 0 0 1893 1271 1081 1081 0 0 0 0 0 0 0 1883 1264 1074 1074 0 0 0 0 0 0 0 1972 1267 1077 1077 0 0 0 0 0 0 0 1893 1271 1081 1081 0 0 0 0 0 0 0 1882 1263 1073 1073 0 0 0 0 0 0 0 1893 1271 1081 1081 0 0 0 0 0 0 0 1972 1267 1077 1077 0 0 0 0 0 0 0 1891 1270 1080 1080 0 0 0 0 0 0 0 1891 1270 1080 1080 0 0 0 0 0 0 0 1892 1214 1032 1032 0 0 0 0 0 0 0 1893 1271 1081 1081 0 0 0 0 0 0 0 1956 1217 1035 1035 0 0 0 0 0 0 0 1892 1214 1032 1032 0 0 0 0 0 0 0 1891 1270 1080 1080 0 0 0 0 0 0 0 1525 1021 884 884 0 0 0 0 0 0 0 1777 1194 1016 1016 0 0 0 0 0 0 0 1778 1195 1017 1017 0 0 0 0 0 0 0 1524 1020 558 558 0 0 0 0 0 0 0 1777 1194 1016 1016 0 0 0 0 0 0 0 1525 1021 884 884 0 0 0 0 0 0 0 1523 1019 883 883 0 0 0 0 0 0 0 1524 1020 558 558 0 0 0 0 0 0 0 1525 1021 884 884 0 0 0 0 0 0 0 1983 1327 1130 1130 0 0 0 0 0 0 0 1777 1194 1016 1016 0 0 0 0 0 0 0 1524 1020 558 558 0 0 0 0 0 0 0 1678 1041 898 898 0 0 0 0 0 0 0 1677 1125 968 968 0 0 0 0 0 0 0 1510 1008 873 873 0 0 0 0 0 0 0 1741 1175 1004 1004 0 0 0 0 0 0 0 1678 1041 898 898 0 0 0 0 0 0 0 1718 1156 971 971 0 0 0 0 0 0 0 1678 1041 898 898 0 0 0 0 0 0 0 1741 1175 1004 1004 0 0 0 0 0 0 0 1676 1127 974 974 0 0 0 0 0 0 0 1676 1127 974 974 0 0 0 0 0 0 0 1677 1125 968 968 0 0 0 0 0 0 0 1678 1041 898 898 0 0 0 0 0 0 0 1718 1156 971 971 0 0 0 0 0 0 0 1740 1174 1005 1005 0 0 0 0 0 0 0 1741 1175 1004 1004 0 0 0 0 0 0 0 1718 1156 971 971 0 0 0 0 0 0 0 1767 1080 930 930 0 0 0 0 0 0 0 1753 1187 972 972 0 0 0 0 0 0 0 1718 1156 971 971 0 0 0 0 0 0 0 1753 1187 972 972 0 0 0 0 0 0 0 1740 1174 1005 1005 0 0 0 0 0 0 0 1545 1040 899 899 0 0 0 0 0 0 0 1718 1156 971 971 0 0 0 0 0 0 0 1546 1041 898 898 0 0 0 0 0 0 0 1753 1187 972 972 0 0 0 0 0 0 0 1767 1080 930 930 0 0 0 0 0 0 0 1768 1129 969 969 0 0 0 0 0 0 0 1506 1006 875 875 0 0 0 0 0 0 0 1546 1041 898 898 0 0 0 0 0 0 0 1504 1008 873 873 0 0 0 0 0 0 0 1545 1040 899 899 0 0 0 0 0 0 0 1546 1041 898 898 0 0 0 0 0 0 0 1506 1006 875 875 0 0 0 0 0 0 0 1506 1006 875 875 0 0 0 0 0 0 0 1505 1009 877 877 0 0 0 0 0 0 0 1507 1007 876 876 0 0 0 0 0 0 0 1504 1008 873 873 0 0 0 0 0 0 0 1505 1009 877 877 0 0 0 0 0 0 0 1506 1006 875 875 0 0 0 0 0 0 0 1505 1009 877 877 0 0 0 0 0 0 0 1984 1327 1130 1130 0 0 0 0 0 0 0 1507 1007 876 876 0 0 0 0 0 0 0 1507 1007 876 876 0 0 0 0 0 0 0 1984 1327 1130 1130 0 0 0 0 0 0 0 1996 1328 1131 1131 0 0 0 0 0 0 0 1984 1327 1130 1130 0 0 0 0 0 0 0 1985 1020 558 558 0 0 0 0 0 0 0 1986 1328 1131 1131 0 0 0 0 0 0 0 1986 1328 1131 1131 0 0 0 0 0 0 0 1985 1020 558 558 0 0 0 0 0 0 0 1987 1191 544 544 0 0 0 0 0 0 0 1789 1206 1028 1028 0 0 0 0 0 0 0 1790 1207 960 960 0 0 0 0 0 0 0 1791 1208 1029 1029 0 0 0 0 0 0 0 1822 1230 1047 1047 0 0 0 0 0 0 0 1823 1082 931 931 0 0 0 0 0 0 0 1978 1081 927 927 0 0 0 0 0 0 0 1822 1230 1047 1047 0 0 0 0 0 0 0 1978 1081 927 927 0 0 0 0 0 0 0 1970 1320 1123 1123 0 0 0 0 0 0 0 1822 1230 1047 1047 0 0 0 0 0 0 0 1821 1128 970 970 0 0 0 0 0 0 0 1823 1082 931 931 0 0 0 0 0 0 0 1820 1229 1046 1046 0 0 0 0 0 0 0 1821 1128 970 970 0 0 0 0 0 0 0 1822 1230 1047 1047 0 0 0 0 0 0 0 1824 1231 1012 1012 0 0 0 0 0 0 0 1820 1229 1046 1046 0 0 0 0 0 0 0 1825 1230 1047 1047 0 0 0 0 0 0 0 1825 1230 1047 1047 0 0 0 0 0 0 0 3026 1289 1097 1097 0 0 0 0 0 0 0 1824 1231 1012 1012 0 0 0 0 0 0 0 1824 1231 1012 1012 0 0 0 0 0 0 0 3026 1289 1097 1097 0 0 0 0 0 0 0 1922 1288 1096 1096 0 0 0 0 0 0 0 1922 1288 1096 1096 0 0 0 0 0 0 0 1923 1294 1101 1101 0 0 0 0 0 0 0 1824 1231 1012 1012 0 0 0 0 0 0 0 1923 1294 1101 1101 0 0 0 0 0 0 0 1922 1288 1096 1096 0 0 0 0 0 0 0 1924 1295 1102 1102 0 0 0 0 0 0 0 1924 1295 1102 1102 0 0 0 0 0 0 0 1926 1297 1104 1104 0 0 0 0 0 0 0 1923 1294 1101 1101 0 0 0 0 0 0 0 1924 1295 1102 1102 0 0 0 0 0 0 0 1944 1313 1116 1116 0 0 0 0 0 0 0 1925 1296 1103 1103 0 0 0 0 0 0 0 1681 1010 878 878 0 0 0 0 0 0 0 1944 1313 1116 1116 0 0 0 0 0 0 0 1924 1295 1102 1102 0 0 0 0 0 0 0 1924 1295 1102 1102 0 0 0 0 0 0 0 1925 1296 1103 1103 0 0 0 0 0 0 0 1926 1297 1104 1104 0 0 0 0 0 0 0 1682 1130 966 966 0 0 0 0 0 0 0 1944 1313 1116 1116 0 0 0 0 0 0 0 1681 1010 878 878 0 0 0 0 0 0 0 1681 1010 878 878 0 0 0 0 0 0 0 1674 1126 973 973 0 0 0 0 0 0 0 1682 1130 966 966 0 0 0 0 0 0 0 1675 1008 873 873 0 0 0 0 0 0 0 1674 1126 973 973 0 0 0 0 0 0 0 1681 1010 878 878 0 0 0 0 0 0 0 1673 1125 968 968 0 0 0 0 0 0 0 1674 1126 973 973 0 0 0 0 0 0 0 1675 1008 873 873 0 0 0 0 0 0 0 1970 1320 1123 1123 0 0 0 0 0 0 0 3020 1321 1124 1124 0 0 0 0 0 0 0 1968 1252 1063 1063 0 0 0 0 0 0 0 1978 1081 927 927 0 0 0 0 0 0 0 1878 1259 1069 1069 0 0 0 0 0 0 0 1970 1320 1123 1123 0 0 0 0 0 0 0 1968 1252 1063 1063 0 0 0 0 0 0 0 1969 1255 1066 1066 0 0 0 0 0 0 0 1970 1320 1123 1123 0 0 0 0 0 0 0 1878 1259 1069 1069 0 0 0 0 0 0 0 1978 1081 927 927 0 0 0 0 0 0 0 3028 1236 1049 1049 0 0 0 0 0 0 0 1842 1236 1049 1049 0 0 0 0 0 0 0 1877 1258 1068 1068 0 0 0 0 0 0 0 1878 1259 1069 1069 0 0 0 0 0 0 0 1841 1079 929 929 0 0 0 0 0 0 0 1877 1258 1068 1068 0 0 0 0 0 0 0 1842 1236 1049 1049 0 0 0 0 0 0 0 1841 1079 929 929 0 0 0 0 0 0 0 1842 1236 1049 1049 0 0 0 0 0 0 0 1843 1081 927 927 0 0 0 0 0 0 0 1877 1258 1068 1068 0 0 0 0 0 0 0 1876 1257 1068 1068 0 0 0 0 0 0 0 1963 1321 1124 1124 0 0 0 0 0 0 0 1841 1079 929 929 0 0 0 0 0 0 0 1876 1257 1068 1068 0 0 0 0 0 0 0 1877 1258 1068 1068 0 0 0 0 0 0 0 1875 1078 928 928 0 0 0 0 0 0 0 1876 1257 1068 1068 0 0 0 0 0 0 0 1841 1079 929 929 0 0 0 0 0 0 0 1965 1249 1060 1060 0 0 0 0 0 0 0 1876 1257 1068 1068 0 0 0 0 0 0 0 1966 1256 1067 1067 0 0 0 0 0 0 0 1964 1322 1125 1125 0 0 0 0 0 0 0 1876 1257 1068 1068 0 0 0 0 0 0 0 1965 1249 1060 1060 0 0 0 0 0 0 0 1963 1321 1124 1124 0 0 0 0 0 0 0 1876 1257 1068 1068 0 0 0 0 0 0 0 1964 1322 1125 1125 0 0 0 0 0 0 0 1874 1076 927 927 0 0 0 0 0 0 0 1873 1257 1068 1068 0 0 0 0 0 0 0 1875 1078 928 928 0 0 0 0 0 0 0 1872 1256 1067 1067 0 0 0 0 0 0 0 1874 1076 927 927 0 0 0 0 0 0 0 1976 1075 926 926 0 0 0 0 0 0 0 1872 1256 1067 1067 0 0 0 0 0 0 0 1873 1257 1068 1068 0 0 0 0 0 0 0 1874 1076 927 927 0 0 0 0 0 0 0 1976 1075 926 926 0 0 0 0 0 0 0 1858 1249 1060 1060 0 0 0 0 0 0 0 1872 1256 1067 1067 0 0 0 0 0 0 0 1976 1075 926 926 0 0 0 0 0 0 0 1565 1059 914 914 0 0 0 0 0 0 0 1463 970 846 846 0 0 0 0 0 0 0 1976 1075 926 926 0 0 0 0 0 0 0 1463 970 846 846 0 0 0 0 0 0 0 1858 1249 1060 1060 0 0 0 0 0 0 0 1967 1322 1125 1125 0 0 0 0 0 0 0 1858 1249 1060 1060 0 0 0 0 0 0 0 1857 1248 1059 1059 0 0 0 0 0 0 0 1858 1249 1060 1060 0 0 0 0 0 0 0 1463 970 846 846 0 0 0 0 0 0 0 1859 1250 1061 1061 0 0 0 0 0 0 0 1857 1248 1059 1059 0 0 0 0 0 0 0 1858 1249 1060 1060 0 0 0 0 0 0 0 1859 1250 1061 1061 0 0 0 0 0 0 0 3041 1361 1152 1152 0 0 0 0 0 0 0 1463 970 846 846 0 0 0 0 0 0 0 1464 971 847 847 0 0 0 0 0 0 0 1465 972 848 848 0 0 0 0 0 0 0 1463 970 846 846 0 0 0 0 0 0 0 3041 1361 1152 1152 0 0 0 0 0 0 0 1565 1059 914 914 0 0 0 0 0 0 0 1462 969 845 845 0 0 0 0 0 0 0 1463 970 846 846 0 0 0 0 0 0 0 1465 972 848 848 0 0 0 0 0 0 0 1466 973 683 683 0 0 0 0 0 0 0 1463 970 846 846 0 0 0 0 0 0 0 1463 970 846 846 0 0 0 0 0 0 0 1462 969 845 845 0 0 0 0 0 0 0 1464 971 847 847 0 0 0 0 0 0 0 1716 1155 989 989 0 0 0 0 0 0 0 1564 1058 913 913 0 0 0 0 0 0 0 1565 1059 914 914 0 0 0 0 0 0 0 1564 1058 913 913 0 0 0 0 0 0 0 1462 969 845 845 0 0 0 0 0 0 0 1565 1059 914 914 0 0 0 0 0 0 0 1564 1058 913 913 0 0 0 0 0 0 0 1460 967 843 843 0 0 0 0 0 0 0 1462 969 845 845 0 0 0 0 0 0 0 1464 971 847 847 0 0 0 0 0 0 0 1462 969 845 845 0 0 0 0 0 0 0 1461 968 844 844 0 0 0 0 0 0 0 1459 966 842 842 0 0 0 0 0 0 0 1462 969 845 845 0 0 0 0 0 0 0 1460 967 843 843 0 0 0 0 0 0 0 1461 968 844 844 0 0 0 0 0 0 0 1462 969 845 845 0 0 0 0 0 0 0 1459 966 842 842 0 0 0 0 0 0 0 1655 1114 963 963 0 0 0 0 0 0 0 1564 1058 913 913 0 0 0 0 0 0 0 1716 1155 989 989 0 0 0 0 0 0 0 1564 1058 913 913 0 0 0 0 0 0 0 1656 1115 964 964 0 0 0 0 0 0 0 1657 1113 962 962 0 0 0 0 0 0 0 1655 1114 963 963 0 0 0 0 0 0 0 1656 1115 964 964 0 0 0 0 0 0 0 1564 1058 913 913 0 0 0 0 0 0 0 1563 1057 912 912 0 0 0 0 0 0 0 1460 967 843 843 0 0 0 0 0 0 0 1564 1058 913 913 0 0 0 0 0 0 0 1541 1037 464 464 0 0 0 0 0 0 0 1716 1155 989 989 0 0 0 0 0 0 0 1542 1038 897 897 0 0 0 0 0 0 0 1655 1114 963 963 0 0 0 0 0 0 0 1716 1155 989 989 0 0 0 0 0 0 0 1541 1037 464 464 0 0 0 0 0 0 0 1746 1180 1008 1008 0 0 0 0 0 0 0 1655 1114 963 963 0 0 0 0 0 0 0 1540 1036 896 896 0 0 0 0 0 0 0 1655 1114 963 963 0 0 0 0 0 0 0 1746 1180 1008 1008 0 0 0 0 0 0 0 1656 1115 964 964 0 0 0 0 0 0 0 1540 1036 896 896 0 0 0 0 0 0 0 1655 1114 963 963 0 0 0 0 0 0 0 1541 1037 464 464 0 0 0 0 0 0 0 1541 1037 464 464 0 0 0 0 0 0 0 1542 1038 897 897 0 0 0 0 0 0 0 1496 1000 869 869 0 0 0 0 0 0 0 1494 998 541 541 0 0 0 0 0 0 0 1541 1037 464 464 0 0 0 0 0 0 0 1496 1000 869 869 0 0 0 0 0 0 0 1540 1036 896 896 0 0 0 0 0 0 0 1541 1037 464 464 0 0 0 0 0 0 0 1494 998 541 541 0 0 0 0 0 0 0 1496 1000 869 869 0 0 0 0 0 0 0 1542 1038 897 897 0 0 0 0 0 0 0 1498 1002 871 871 0 0 0 0 0 0 0 1496 1000 869 869 0 0 0 0 0 0 0 1499 1003 872 872 0 0 0 0 0 0 0 1497 1001 870 870 0 0 0 0 0 0 0 1498 1002 871 871 0 0 0 0 0 0 0 1499 1003 872 872 0 0 0 0 0 0 0 1496 1000 869 869 0 0 0 0 0 0 0 1496 1000 869 869 0 0 0 0 0 0 0 1497 1001 870 870 0 0 0 0 0 0 0 1494 998 541 541 0 0 0 0 0 0 0 1494 998 541 541 0 0 0 0 0 0 0 1754 1112 961 961 0 0 0 0 0 0 0 1540 1036 896 896 0 0 0 0 0 0 0 1494 998 541 541 0 0 0 0 0 0 0 1497 1001 870 870 0 0 0 0 0 0 0 1495 999 868 868 0 0 0 0 0 0 0 1494 998 541 541 0 0 0 0 0 0 0 1495 999 868 868 0 0 0 0 0 0 0 1493 997 867 867 0 0 0 0 0 0 0 1540 1036 896 896 0 0 0 0 0 0 0 1754 1112 961 961 0 0 0 0 0 0 0 1733 1168 1000 1000 0 0 0 0 0 0 0 1540 1036 896 896 0 0 0 0 0 0 0 1734 1169 1001 1001 0 0 0 0 0 0 0 1746 1180 1008 1008 0 0 0 0 0 0 0 1540 1036 896 896 0 0 0 0 0 0 0 1733 1168 1000 1000 0 0 0 0 0 0 0 1734 1169 1001 1001 0 0 0 0 0 0 0 1493 997 867 867 0 0 0 0 0 0 0 1495 999 868 868 0 0 0 0 0 0 0 1492 996 866 866 0 0 0 0 0 0 0 1493 997 867 867 0 0 0 0 0 0 0 1490 994 864 864 0 0 0 0 0 0 0 1491 995 865 865 0 0 0 0 0 0 0 1492 996 866 866 0 0 0 0 0 0 0 1490 994 864 864 0 0 0 0 0 0 0 1493 997 867 867 0 0 0 0 0 0 0 1495 999 868 868 0 0 0 0 0 0 0 2001 1338 1134 1134 0 0 0 0 0 0 0 1492 996 866 866 0 0 0 0 0 0 0 1495 999 868 868 0 0 0 0 0 0 0 2000 1337 1128 1128 0 0 0 0 0 0 0 2001 1338 1134 1134 0 0 0 0 0 0 0 1497 1001 870 870 0 0 0 0 0 0 0 2000 1337 1128 1128 0 0 0 0 0 0 0 1495 999 868 868 0 0 0 0 0 0 0 1499 1003 872 872 0 0 0 0 0 0 0 2000 1337 1128 1128 0 0 0 0 0 0 0 1497 1001 870 870 0 0 0 0 0 0 0 1999 1336 1129 1129 0 0 0 0 0 0 0 2000 1337 1128 1128 0 0 0 0 0 0 0 1499 1003 872 872 0 0 0 0 0 0 0 1501 1005 874 874 0 0 0 0 0 0 0 1999 1336 1129 1129 0 0 0 0 0 0 0 1499 1003 872 872 0 0 0 0 0 0 0 1498 1002 871 871 0 0 0 0 0 0 0 1501 1005 874 874 0 0 0 0 0 0 0 1499 1003 872 872 0 0 0 0 0 0 0 1500 1004 873 873 0 0 0 0 0 0 0 1501 1005 874 874 0 0 0 0 0 0 0 1498 1002 871 871 0 0 0 0 0 0 0 1998 1335 1130 1130 0 0 0 0 0 0 0 1999 1336 1129 1129 0 0 0 0 0 0 0 1501 1005 874 874 0 0 0 0 0 0 0 1503 1007 876 876 0 0 0 0 0 0 0 1998 1335 1130 1130 0 0 0 0 0 0 0 1501 1005 874 874 0 0 0 0 0 0 0 1500 1004 873 873 0 0 0 0 0 0 0 1503 1007 876 876 0 0 0 0 0 0 0 1501 1005 874 874 0 0 0 0 0 0 0 1500 1004 873 873 0 0 0 0 0 0 0 1666 1120 968 968 0 0 0 0 0 0 0 1543 1039 898 898 0 0 0 0 0 0 0 1665 1119 467 467 0 0 0 0 0 0 0 1666 1120 968 968 0 0 0 0 0 0 0 1500 1004 873 873 0 0 0 0 0 0 0 1500 1004 873 873 0 0 0 0 0 0 0 1543 1039 898 898 0 0 0 0 0 0 0 1502 1006 875 875 0 0 0 0 0 0 0 1502 1006 875 875 0 0 0 0 0 0 0 1503 1007 876 876 0 0 0 0 0 0 0 1500 1004 873 873 0 0 0 0 0 0 0 1997 1328 1131 1131 0 0 0 0 0 0 0 1998 1335 1130 1130 0 0 0 0 0 0 0 1503 1007 876 876 0 0 0 0 0 0 0 1997 1328 1131 1131 0 0 0 0 0 0 0 3247 1193 1015 1015 0 0 0 0 0 0 0 1998 1335 1130 1130 0 0 0 0 0 0 0 3246 1191 544 544 0 0 0 0 0 0 0 3247 1193 1015 1015 0 0 0 0 0 0 0 1997 1328 1131 1131 0 0 0 0 0 0 0 1502 1006 875 875 0 0 0 0 0 0 0 1543 1039 898 898 0 0 0 0 0 0 0 1544 1040 899 899 0 0 0 0 0 0 0 1747 1181 1005 1005 0 0 0 0 0 0 0 1669 1123 971 971 0 0 0 0 0 0 0 1543 1039 898 898 0 0 0 0 0 0 0 1543 1039 898 898 0 0 0 0 0 0 0 1666 1120 968 968 0 0 0 0 0 0 0 1738 1172 974 974 0 0 0 0 0 0 0 1543 1039 898 898 0 0 0 0 0 0 0 1739 1173 1004 1004 0 0 0 0 0 0 0 1747 1181 1005 1005 0 0 0 0 0 0 0 1543 1039 898 898 0 0 0 0 0 0 0 1738 1172 974 974 0 0 0 0 0 0 0 1739 1173 1004 1004 0 0 0 0 0 0 0 1543 1039 898 898 0 0 0 0 0 0 0 1669 1123 971 971 0 0 0 0 0 0 0 1544 1040 899 899 0 0 0 0 0 0 0 1544 1040 899 899 0 0 0 0 0 0 0 1669 1123 971 971 0 0 0 0 0 0 0 1717 1156 971 971 0 0 0 0 0 0 0 1669 1123 971 971 0 0 0 0 0 0 0 1759 1080 930 930 0 0 0 0 0 0 0 1717 1156 971 971 0 0 0 0 0 0 0 1758 1077 626 626 0 0 0 0 0 0 0 1759 1080 930 930 0 0 0 0 0 0 0 1669 1123 971 971 0 0 0 0 0 0 0 1669 1123 971 971 0 0 0 0 0 0 0 1747 1181 1005 1005 0 0 0 0 0 0 0 1670 1124 972 972 0 0 0 0 0 0 0 1669 1123 971 971 0 0 0 0 0 0 0 1670 1124 972 972 0 0 0 0 0 0 0 1671 1077 626 626 0 0 0 0 0 0 0 1671 1077 626 626 0 0 0 0 0 0 0 1670 1124 972 972 0 0 0 0 0 0 0 1672 1121 969 969 0 0 0 0 0 0 0 1492 996 866 866 0 0 0 0 0 0 0 2001 1338 1134 1134 0 0 0 0 0 0 0 2002 1339 1127 1127 0 0 0 0 0 0 0 1492 996 866 866 0 0 0 0 0 0 0 2002 1339 1127 1127 0 0 0 0 0 0 0 1490 994 864 864 0 0 0 0 0 0 0 1490 994 864 864 0 0 0 0 0 0 0 2002 1339 1127 1127 0 0 0 0 0 0 0 2003 1340 1126 1126 0 0 0 0 0 0 0 1490 994 864 864 0 0 0 0 0 0 0 2003 1340 1126 1126 0 0 0 0 0 0 0 1489 993 863 863 0 0 0 0 0 0 0 1490 994 864 864 0 0 0 0 0 0 0 1489 993 863 863 0 0 0 0 0 0 0 1491 995 865 865 0 0 0 0 0 0 0 1488 992 862 862 0 0 0 0 0 0 0 1539 1035 895 895 0 0 0 0 0 0 0 1491 995 865 865 0 0 0 0 0 0 0 1491 995 865 865 0 0 0 0 0 0 0 1489 993 863 863 0 0 0 0 0 0 0 1488 992 862 862 0 0 0 0 0 0 0 1489 993 863 863 0 0 0 0 0 0 0 2005 1342 1135 1135 0 0 0 0 0 0 0 1487 991 861 861 0 0 0 0 0 0 0 2004 1341 1021 1021 0 0 0 0 0 0 0 2005 1342 1135 1135 0 0 0 0 0 0 0 1489 993 863 863 0 0 0 0 0 0 0 1489 993 863 863 0 0 0 0 0 0 0 2003 1340 1126 1126 0 0 0 0 0 0 0 2004 1341 1021 1021 0 0 0 0 0 0 0 1486 990 860 860 0 0 0 0 0 0 0 1489 993 863 863 0 0 0 0 0 0 0 1487 991 861 861 0 0 0 0 0 0 0 1488 992 862 862 0 0 0 0 0 0 0 1489 993 863 863 0 0 0 0 0 0 0 1486 990 860 860 0 0 0 0 0 0 0 1538 1034 894 894 0 0 0 0 0 0 0 1539 1035 895 895 0 0 0 0 0 0 0 1488 992 862 862 0 0 0 0 0 0 0 1488 992 862 862 0 0 0 0 0 0 0 1537 1033 893 893 0 0 0 0 0 0 0 1538 1034 894 894 0 0 0 0 0 0 0 1486 990 860 860 0 0 0 0 0 0 0 1537 1033 893 893 0 0 0 0 0 0 0 1488 992 862 862 0 0 0 0 0 0 0 1538 1034 894 894 0 0 0 0 0 0 0 1715 1154 988 988 0 0 0 0 0 0 0 1539 1035 895 895 0 0 0 0 0 0 0 1714 1103 952 952 0 0 0 0 0 0 0 1715 1154 988 988 0 0 0 0 0 0 0 1538 1034 894 894 0 0 0 0 0 0 0 1537 1033 893 893 0 0 0 0 0 0 0 1714 1103 952 952 0 0 0 0 0 0 0 1538 1034 894 894 0 0 0 0 0 0 0 1715 1154 988 988 0 0 0 0 0 0 0 1756 1072 923 923 0 0 0 0 0 0 0 1757 1073 924 924 0 0 0 0 0 0 0 1714 1103 952 952 0 0 0 0 0 0 0 1756 1072 923 923 0 0 0 0 0 0 0 1715 1154 988 988 0 0 0 0 0 0 0 1486 990 860 860 0 0 0 0 0 0 0 1487 991 861 861 0 0 0 0 0 0 0 1485 989 859 859 0 0 0 0 0 0 0 1487 991 861 861 0 0 0 0 0 0 0 2006 1343 1136 1136 0 0 0 0 0 0 0 1484 988 858 858 0 0 0 0 0 0 0 2005 1342 1135 1135 0 0 0 0 0 0 0 2006 1343 1136 1136 0 0 0 0 0 0 0 1487 991 861 861 0 0 0 0 0 0 0 1485 989 859 859 0 0 0 0 0 0 0 1487 991 861 861 0 0 0 0 0 0 0 1484 988 858 858 0 0 0 0 0 0 0 1536 1032 892 892 0 0 0 0 0 0 0 1627 1094 943 943 0 0 0 0 0 0 0 1485 989 859 859 0 0 0 0 0 0 0 1482 986 856 856 0 0 0 0 0 0 0 1536 1032 892 892 0 0 0 0 0 0 0 1485 989 859 859 0 0 0 0 0 0 0 1485 989 859 859 0 0 0 0 0 0 0 1483 987 857 857 0 0 0 0 0 0 0 1482 986 856 856 0 0 0 0 0 0 0 1484 988 858 858 0 0 0 0 0 0 0 1483 987 857 857 0 0 0 0 0 0 0 1485 989 859 859 0 0 0 0 0 0 0 1484 988 858 858 0 0 0 0 0 0 0 2006 1343 1136 1136 0 0 0 0 0 0 0 1483 987 857 857 0 0 0 0 0 0 0 1483 987 857 857 0 0 0 0 0 0 0 2006 1343 1136 1136 0 0 0 0 0 0 0 2007 1344 1137 1137 0 0 0 0 0 0 0 1483 987 857 857 0 0 0 0 0 0 0 2008 1345 1138 1138 0 0 0 0 0 0 0 1479 983 853 853 0 0 0 0 0 0 0 2007 1344 1137 1137 0 0 0 0 0 0 0 2008 1345 1138 1138 0 0 0 0 0 0 0 1483 987 857 857 0 0 0 0 0 0 0 1478 982 852 852 0 0 0 0 0 0 0 1483 987 857 857 0 0 0 0 0 0 0 1479 983 853 853 0 0 0 0 0 0 0 1482 986 856 856 0 0 0 0 0 0 0 1483 987 857 857 0 0 0 0 0 0 0 1478 982 852 852 0 0 0 0 0 0 0 1535 1031 891 891 0 0 0 0 0 0 0 1536 1032 892 892 0 0 0 0 0 0 0 1482 986 856 856 0 0 0 0 0 0 0 1482 986 856 856 0 0 0 0 0 0 0 1534 1030 498 498 0 0 0 0 0 0 0 1535 1031 891 891 0 0 0 0 0 0 0 1478 982 852 852 0 0 0 0 0 0 0 1534 1030 498 498 0 0 0 0 0 0 0 1482 986 856 856 0 0 0 0 0 0 0 1726 1163 995 995 0 0 0 0 0 0 0 1536 1032 892 892 0 0 0 0 0 0 0 1713 1153 987 987 0 0 0 0 0 0 0 1536 1032 892 892 0 0 0 0 0 0 0 1726 1163 995 995 0 0 0 0 0 0 0 1626 1096 945 945 0 0 0 0 0 0 0 1535 1031 891 891 0 0 0 0 0 0 0 1713 1153 987 987 0 0 0 0 0 0 0 1536 1032 892 892 0 0 0 0 0 0 0 1626 1096 945 945 0 0 0 0 0 0 0 1627 1094 943 943 0 0 0 0 0 0 0 1536 1032 892 892 0 0 0 0 0 0 0 1535 1031 891 891 0 0 0 0 0 0 0 1712 1092 941 941 0 0 0 0 0 0 0 1713 1153 987 987 0 0 0 0 0 0 0 1534 1030 498 498 0 0 0 0 0 0 0 1712 1092 941 941 0 0 0 0 0 0 0 1535 1031 891 891 0 0 0 0 0 0 0 1713 1153 987 987 0 0 0 0 0 0 0 1553 1047 903 903 0 0 0 0 0 0 0 1750 1184 1009 1009 0 0 0 0 0 0 0 1713 1153 987 987 0 0 0 0 0 0 0 1552 1046 526 526 0 0 0 0 0 0 0 1553 1047 903 903 0 0 0 0 0 0 0 1712 1092 941 941 0 0 0 0 0 0 0 1552 1046 526 526 0 0 0 0 0 0 0 1713 1153 987 987 0 0 0 0 0 0 0 1713 1153 987 987 0 0 0 0 0 0 0 1750 1184 1009 1009 0 0 0 0 0 0 0 1725 1162 994 994 0 0 0 0 0 0 0 1713 1153 987 987 0 0 0 0 0 0 0 1725 1162 994 994 0 0 0 0 0 0 0 1726 1163 995 995 0 0 0 0 0 0 0 1750 1184 1009 1009 0 0 0 0 0 0 0 1553 1047 903 903 0 0 0 0 0 0 0 1764 1098 947 947 0 0 0 0 0 0 0 1553 1047 903 903 0 0 0 0 0 0 0 1452 959 835 835 0 0 0 0 0 0 0 1554 1048 904 904 0 0 0 0 0 0 0 1552 1046 526 526 0 0 0 0 0 0 0 1452 959 835 835 0 0 0 0 0 0 0 1553 1047 903 903 0 0 0 0 0 0 0 1551 1045 902 902 0 0 0 0 0 0 0 1552 1046 526 526 0 0 0 0 0 0 0 3037 1091 940 940 0 0 0 0 0 0 0 1554 1048 904 904 0 0 0 0 0 0 0 1452 959 835 835 0 0 0 0 0 0 0 1454 961 837 837 0 0 0 0 0 0 0 1451 958 834 834 0 0 0 0 0 0 0 1454 961 837 837 0 0 0 0 0 0 0 1452 959 835 835 0 0 0 0 0 0 0 1451 958 834 834 0 0 0 0 0 0 0 1452 959 835 835 0 0 0 0 0 0 0 1449 956 832 832 0 0 0 0 0 0 0 1455 962 838 838 0 0 0 0 0 0 0 1555 1049 905 905 0 0 0 0 0 0 0 1454 961 837 837 0 0 0 0 0 0 0 1456 963 839 839 0 0 0 0 0 0 0 1454 961 837 837 0 0 0 0 0 0 0 1453 960 836 836 0 0 0 0 0 0 0 1455 962 838 838 0 0 0 0 0 0 0 1454 961 837 837 0 0 0 0 0 0 0 1456 963 839 839 0 0 0 0 0 0 0 1453 960 836 836 0 0 0 0 0 0 0 1454 961 837 837 0 0 0 0 0 0 0 1451 958 834 834 0 0 0 0 0 0 0 1455 962 838 838 0 0 0 0 0 0 0 1560 1054 909 909 0 0 0 0 0 0 0 1556 1050 838 838 0 0 0 0 0 0 0 1457 964 840 840 0 0 0 0 0 0 0 1560 1054 909 909 0 0 0 0 0 0 0 1455 962 838 838 0 0 0 0 0 0 0 1556 1050 838 838 0 0 0 0 0 0 0 1555 1049 905 905 0 0 0 0 0 0 0 1455 962 838 838 0 0 0 0 0 0 0 1458 965 841 841 0 0 0 0 0 0 0 1455 962 838 838 0 0 0 0 0 0 0 1456 963 839 839 0 0 0 0 0 0 0 1457 964 840 840 0 0 0 0 0 0 0 1455 962 838 838 0 0 0 0 0 0 0 1458 965 841 841 0 0 0 0 0 0 0 1557 1051 906 906 0 0 0 0 0 0 0 3039 1071 922 922 0 0 0 0 0 0 0 1555 1049 905 905 0 0 0 0 0 0 0 1555 1049 905 905 0 0 0 0 0 0 0 1556 1050 838 838 0 0 0 0 0 0 0 1557 1051 906 906 0 0 0 0 0 0 0 1559 1053 908 908 0 0 0 0 0 0 0 1556 1050 838 838 0 0 0 0 0 0 0 1560 1054 909 909 0 0 0 0 0 0 0 1558 1052 907 907 0 0 0 0 0 0 0 1556 1050 838 838 0 0 0 0 0 0 0 1559 1053 908 908 0 0 0 0 0 0 0 1557 1051 906 906 0 0 0 0 0 0 0 1556 1050 838 838 0 0 0 0 0 0 0 1558 1052 907 907 0 0 0 0 0 0 0 1457 964 840 840 0 0 0 0 0 0 0 1561 1055 910 910 0 0 0 0 0 0 0 1560 1054 909 909 0 0 0 0 0 0 0 1560 1054 909 909 0 0 0 0 0 0 0 1561 1055 910 910 0 0 0 0 0 0 0 1559 1053 908 908 0 0 0 0 0 0 0 1460 967 843 843 0 0 0 0 0 0 0 1561 1055 910 910 0 0 0 0 0 0 0 1457 964 840 840 0 0 0 0 0 0 0 1458 965 841 841 0 0 0 0 0 0 0 1460 967 843 843 0 0 0 0 0 0 0 1457 964 840 840 0 0 0 0 0 0 0 1459 966 842 842 0 0 0 0 0 0 0 1460 967 843 843 0 0 0 0 0 0 0 1458 965 841 841 0 0 0 0 0 0 0 1559 1053 908 908 0 0 0 0 0 0 0 1561 1055 910 910 0 0 0 0 0 0 0 1562 1056 911 911 0 0 0 0 0 0 0 1478 982 852 852 0 0 0 0 0 0 0 1479 983 853 853 0 0 0 0 0 0 0 1480 984 854 854 0 0 0 0 0 0 0 1479 983 853 853 0 0 0 0 0 0 0 2008 1345 1138 1138 0 0 0 0 0 0 0 1481 985 855 855 0 0 0 0 0 0 0 1480 984 854 854 0 0 0 0 0 0 0 1479 983 853 853 0 0 0 0 0 0 0 1481 985 855 855 0 0 0 0 0 0 0 1550 1044 900 900 0 0 0 0 0 0 0 1609 1083 932 932 0 0 0 0 0 0 0 1480 984 854 854 0 0 0 0 0 0 0 1521 1017 881 881 0 0 0 0 0 0 0 1550 1044 900 900 0 0 0 0 0 0 0 1480 984 854 854 0 0 0 0 0 0 0 1480 984 854 854 0 0 0 0 0 0 0 1481 985 855 855 0 0 0 0 0 0 0 1521 1017 881 881 0 0 0 0 0 0 0 1481 985 855 855 0 0 0 0 0 0 0 2009 1346 1139 1139 0 0 0 0 0 0 0 1522 1018 882 882 0 0 0 0 0 0 0 1481 985 855 855 0 0 0 0 0 0 0 2008 1345 1138 1138 0 0 0 0 0 0 0 2009 1346 1139 1139 0 0 0 0 0 0 0 1521 1017 881 881 0 0 0 0 0 0 0 1481 985 855 855 0 0 0 0 0 0 0 1522 1018 882 882 0 0 0 0 0 0 0 1549 1043 901 901 0 0 0 0 0 0 0 1550 1044 900 900 0 0 0 0 0 0 0 1521 1017 881 881 0 0 0 0 0 0 0 1721 1159 991 991 0 0 0 0 0 0 0 1550 1044 900 900 0 0 0 0 0 0 0 1719 1157 979 979 0 0 0 0 0 0 0 1550 1044 900 900 0 0 0 0 0 0 0 1721 1159 991 991 0 0 0 0 0 0 0 1608 1085 934 934 0 0 0 0 0 0 0 1549 1043 901 901 0 0 0 0 0 0 0 1719 1157 979 979 0 0 0 0 0 0 0 1550 1044 900 900 0 0 0 0 0 0 0 1608 1085 934 934 0 0 0 0 0 0 0 1609 1083 932 932 0 0 0 0 0 0 0 1550 1044 900 900 0 0 0 0 0 0 0 1700 1144 979 979 0 0 0 0 0 0 0 1719 1157 979 979 0 0 0 0 0 0 0 1549 1043 901 901 0 0 0 0 0 0 0 1719 1157 979 979 0 0 0 0 0 0 0 1762 1064 918 918 0 0 0 0 0 0 0 1749 1183 980 980 0 0 0 0 0 0 0 1719 1157 979 979 0 0 0 0 0 0 0 1749 1183 980 980 0 0 0 0 0 0 0 1720 1158 990 990 0 0 0 0 0 0 0 1719 1157 979 979 0 0 0 0 0 0 0 1720 1158 990 990 0 0 0 0 0 0 0 1721 1159 991 991 0 0 0 0 0 0 0 1749 1183 980 980 0 0 0 0 0 0 0 1762 1064 918 918 0 0 0 0 0 0 0 1763 1087 936 936 0 0 0 0 0 0 0 1748 1182 990 990 0 0 0 0 0 0 0 1700 1144 979 979 0 0 0 0 0 0 0 1547 1042 900 900 0 0 0 0 0 0 0 1700 1144 979 979 0 0 0 0 0 0 0 1702 1063 918 918 0 0 0 0 0 0 0 1760 1157 979 979 0 0 0 0 0 0 0 1700 1144 979 979 0 0 0 0 0 0 0 1748 1182 990 990 0 0 0 0 0 0 0 1701 1145 980 980 0 0 0 0 0 0 0 1547 1042 900 900 0 0 0 0 0 0 0 1700 1144 979 979 0 0 0 0 0 0 0 1548 1043 901 901 0 0 0 0 0 0 0 1700 1144 979 979 0 0 0 0 0 0 0 1701 1145 980 980 0 0 0 0 0 0 0 1702 1063 918 918 0 0 0 0 0 0 0 1547 1042 900 900 0 0 0 0 0 0 0 1743 1177 991 991 0 0 0 0 0 0 0 1748 1182 990 990 0 0 0 0 0 0 0 1547 1042 900 900 0 0 0 0 0 0 0 1755 1141 932 932 0 0 0 0 0 0 0 1742 1176 934 934 0 0 0 0 0 0 0 1519 1016 854 854 0 0 0 0 0 0 0 1755 1141 932 932 0 0 0 0 0 0 0 1547 1042 900 900 0 0 0 0 0 0 0 1547 1042 900 900 0 0 0 0 0 0 0 1742 1176 934 934 0 0 0 0 0 0 0 1743 1177 991 991 0 0 0 0 0 0 0 1517 1017 881 881 0 0 0 0 0 0 0 1547 1042 900 900 0 0 0 0 0 0 0 1548 1043 901 901 0 0 0 0 0 0 0 1519 1016 854 854 0 0 0 0 0 0 0 1547 1042 900 900 0 0 0 0 0 0 0 1517 1017 881 881 0 0 0 0 0 0 0 1517 1017 881 881 0 0 0 0 0 0 0 1518 1018 882 882 0 0 0 0 0 0 0 1519 1016 854 854 0 0 0 0 0 0 0 1519 1016 854 854 0 0 0 0 0 0 0 1518 1018 882 882 0 0 0 0 0 0 0 1520 1015 855 855 0 0 0 0 0 0 0 1518 1018 882 882 0 0 0 0 0 0 0 2011 1347 1140 1140 0 0 0 0 0 0 0 1520 1015 855 855 0 0 0 0 0 0 0 1520 1015 855 855 0 0 0 0 0 0 0 2011 1347 1140 1140 0 0 0 0 0 0 0 2012 1348 1141 1141 0 0 0 0 0 0 0 1702 1063 918 918 0 0 0 0 0 0 0 1701 1145 980 980 0 0 0 0 0 0 0 1703 1142 936 936 0 0 0 0 0 0 0 1760 1157 979 979 0 0 0 0 0 0 0 1702 1063 918 918 0 0 0 0 0 0 0 1761 1064 918 918 0 0 0 0 0 0 0 1522 1018 882 882 0 0 0 0 0 0 0 2009 1346 1139 1139 0 0 0 0 0 0 0 2010 1347 1140 1140 0 0 0 0 0 0 0 1963 1321 1124 1124 0 0 0 0 0 0 0 1857 1248 1059 1059 0 0 0 0 0 0 0 1861 1252 1063 1063 0 0 0 0 0 0 0 1967 1322 1125 1125 0 0 0 0 0 0 0 1857 1248 1059 1059 0 0 0 0 0 0 0 1963 1321 1124 1124 0 0 0 0 0 0 0 1467 974 849 849 0 0 0 0 0 0 0 1468 973 683 683 0 0 0 0 0 0 0 1469 975 667 667 0 0 0 0 0 0 0 1469 975 667 667 0 0 0 0 0 0 0 1468 973 683 683 0 0 0 0 0 0 0 1470 972 848 848 0 0 0 0 0 0 0 1469 975 667 667 0 0 0 0 0 0 0 2039 1363 1154 1154 0 0 0 0 0 0 0 2040 1364 1155 1155 0 0 0 0 0 0 0 1470 972 848 848 0 0 0 0 0 0 0 2039 1363 1154 1154 0 0 0 0 0 0 0 1469 975 667 667 0 0 0 0 0 0 0 1470 972 848 848 0 0 0 0 0 0 0 2038 1362 1153 1153 0 0 0 0 0 0 0 2039 1363 1154 1154 0 0 0 0 0 0 0 2037 1361 1152 1152 0 0 0 0 0 0 0 2038 1362 1153 1153 0 0 0 0 0 0 0 1470 972 848 848 0 0 0 0 0 0 0 2037 1361 1152 1152 0 0 0 0 0 0 0 2036 1360 1151 1151 0 0 0 0 0 0 0 2038 1362 1153 1153 0 0 0 0 0 0 0 2035 971 847 847 0 0 0 0 0 0 0 2036 1360 1151 1151 0 0 0 0 0 0 0 2037 1361 1152 1152 0 0 0 0 0 0 0 2035 971 847 847 0 0 0 0 0 0 0 2034 1359 1150 1150 0 0 0 0 0 0 0 2036 1360 1151 1151 0 0 0 0 0 0 0 2033 968 844 844 0 0 0 0 0 0 0 2034 1359 1150 1150 0 0 0 0 0 0 0 2035 971 847 847 0 0 0 0 0 0 0 2033 968 844 844 0 0 0 0 0 0 0 2032 1358 1149 1149 0 0 0 0 0 0 0 2034 1359 1150 1150 0 0 0 0 0 0 0 2031 966 842 842 0 0 0 0 0 0 0 2032 1358 1149 1149 0 0 0 0 0 0 0 2033 968 844 844 0 0 0 0 0 0 0 2031 966 842 842 0 0 0 0 0 0 0 2030 1357 1148 1148 0 0 0 0 0 0 0 2032 1358 1149 1149 0 0 0 0 0 0 0 2029 965 841 841 0 0 0 0 0 0 0 2030 1357 1148 1148 0 0 0 0 0 0 0 2031 966 842 842 0 0 0 0 0 0 0 2029 965 841 841 0 0 0 0 0 0 0 2028 1356 1147 1147 0 0 0 0 0 0 0 2030 1357 1148 1148 0 0 0 0 0 0 0 2027 963 839 839 0 0 0 0 0 0 0 2028 1356 1147 1147 0 0 0 0 0 0 0 2029 965 841 841 0 0 0 0 0 0 0 2027 963 839 839 0 0 0 0 0 0 0 2026 1355 1146 1146 0 0 0 0 0 0 0 2028 1356 1147 1147 0 0 0 0 0 0 0 2025 960 836 836 0 0 0 0 0 0 0 2026 1355 1146 1146 0 0 0 0 0 0 0 2027 963 839 839 0 0 0 0 0 0 0 2025 960 836 836 0 0 0 0 0 0 0 2024 1354 1145 1145 0 0 0 0 0 0 0 2026 1355 1146 1146 0 0 0 0 0 0 0 2023 958 834 834 0 0 0 0 0 0 0 2024 1354 1145 1145 0 0 0 0 0 0 0 2025 960 836 836 0 0 0 0 0 0 0 2023 958 834 834 0 0 0 0 0 0 0 2022 1353 1144 1144 0 0 0 0 0 0 0 2024 1354 1145 1145 0 0 0 0 0 0 0 2021 956 832 832 0 0 0 0 0 0 0 2022 1353 1144 1144 0 0 0 0 0 0 0 2023 958 834 834 0 0 0 0 0 0 0 2021 956 832 832 0 0 0 0 0 0 0 2020 1352 1143 1143 0 0 0 0 0 0 0 2022 1353 1144 1144 0 0 0 0 0 0 0 2019 952 828 828 0 0 0 0 0 0 0 2020 1352 1143 1143 0 0 0 0 0 0 0 2021 956 832 832 0 0 0 0 0 0 0 2019 952 828 828 0 0 0 0 0 0 0 2018 1351 1142 1142 0 0 0 0 0 0 0 2020 1352 1143 1143 0 0 0 0 0 0 0 2017 954 830 830 0 0 0 0 0 0 0 2018 1351 1142 1142 0 0 0 0 0 0 0 2019 952 828 828 0 0 0 0 0 0 0 2017 954 830 830 0 0 0 0 0 0 0 2057 1377 1161 1161 0 0 0 0 0 0 0 2018 1351 1142 1142 0 0 0 0 0 0 0 3250 1219 1037 1037 0 0 0 0 0 0 0 1855 1222 1040 1040 0 0 0 0 0 0 0 1799 1214 1032 1032 0 0 0 0 0 0 0 1798 1213 1031 1031 0 0 0 0 0 0 0 1799 1214 1032 1032 0 0 0 0 0 0 0 1855 1222 1040 1040 0 0 0 0 0 0 0 3251 1217 1035 1035 0 0 0 0 0 0 0 3250 1219 1037 1037 0 0 0 0 0 0 0 1799 1214 1032 1032 0 0 0 0 0 0 0 1799 1214 1032 1032 0 0 0 0 0 0 0 1797 1212 949 949 0 0 0 0 0 0 0 1957 1319 1122 1122 0 0 0 0 0 0 0 1799 1214 1032 1032 0 0 0 0 0 0 0 1957 1319 1122 1122 0 0 0 0 0 0 0 1958 1272 1082 1082 0 0 0 0 0 0 0 1798 1213 1031 1031 0 0 0 0 0 0 0 1797 1212 949 949 0 0 0 0 0 0 0 1799 1214 1032 1032 0 0 0 0 0 0 0 1800 1215 1033 1033 0 0 0 0 0 0 0 1796 1211 946 946 0 0 0 0 0 0 0 1798 1213 1031 1031 0 0 0 0 0 0 0 1796 1211 946 946 0 0 0 0 0 0 0 1797 1212 949 949 0 0 0 0 0 0 0 1798 1213 1031 1031 0 0 0 0 0 0 0 1577 1070 921 921 0 0 0 0 0 0 0 1704 1146 981 981 0 0 0 0 0 0 0 1578 1066 919 919 0 0 0 0 0 0 0 1577 1070 921 921 0 0 0 0 0 0 0 1578 1066 919 919 0 0 0 0 0 0 0 1579 953 829 829 0 0 0 0 0 0 0 1578 1066 919 919 0 0 0 0 0 0 0 1704 1146 981 981 0 0 0 0 0 0 0 1705 1147 982 982 0 0 0 0 0 0 0 1579 953 829 829 0 0 0 0 0 0 0 1578 1066 919 919 0 0 0 0 0 0 0 1580 955 831 831 0 0 0 0 0 0 0 1585 1048 904 904 0 0 0 0 0 0 0 3038 961 837 837 0 0 0 0 0 0 0 1583 1049 905 905 0 0 0 0 0 0 0 1583 1049 905 905 0 0 0 0 0 0 0 1584 1071 922 922 0 0 0 0 0 0 0 1585 1048 904 904 0 0 0 0 0 0 0 1586 1071 922 922 0 0 0 0 0 0 0 1588 1072 923 923 0 0 0 0 0 0 0 1637 1102 951 951 0 0 0 0 0 0 0 1637 1102 951 951 0 0 0 0 0 0 0 1638 1100 949 949 0 0 0 0 0 0 0 1586 1071 922 922 0 0 0 0 0 0 0 1586 1071 922 922 0 0 0 0 0 0 0 1587 1051 906 906 0 0 0 0 0 0 0 1588 1072 923 923 0 0 0 0 0 0 0 1588 1072 923 923 0 0 0 0 0 0 0 1640 1104 953 953 0 0 0 0 0 0 0 1637 1102 951 951 0 0 0 0 0 0 0 1639 1103 952 952 0 0 0 0 0 0 0 1640 1104 953 953 0 0 0 0 0 0 0 1588 1072 923 923 0 0 0 0 0 0 0 1588 1072 923 923 0 0 0 0 0 0 0 1589 1052 907 907 0 0 0 0 0 0 0 1590 1073 924 924 0 0 0 0 0 0 0 1588 1072 923 923 0 0 0 0 0 0 0 1587 1051 906 906 0 0 0 0 0 0 0 1589 1052 907 907 0 0 0 0 0 0 0 1639 1103 952 952 0 0 0 0 0 0 0 1745 1179 1007 1007 0 0 0 0 0 0 0 1640 1104 953 953 0 0 0 0 0 0 0 1745 1179 1007 1007 0 0 0 0 0 0 0 1639 1103 952 952 0 0 0 0 0 0 0 1727 1033 893 893 0 0 0 0 0 0 0 1727 1033 893 893 0 0 0 0 0 0 0 1729 1165 997 997 0 0 0 0 0 0 0 1745 1179 1007 1007 0 0 0 0 0 0 0 1727 1033 893 893 0 0 0 0 0 0 0 1636 1101 950 950 0 0 0 0 0 0 0 1728 1164 996 996 0 0 0 0 0 0 0 1631 990 860 860 0 0 0 0 0 0 0 1636 1101 950 950 0 0 0 0 0 0 0 1727 1033 893 893 0 0 0 0 0 0 0 1727 1033 893 893 0 0 0 0 0 0 0 1728 1164 996 996 0 0 0 0 0 0 0 1729 1165 997 997 0 0 0 0 0 0 0 1632 1099 948 948 0 0 0 0 0 0 0 1636 1101 950 950 0 0 0 0 0 0 0 1631 990 860 860 0 0 0 0 0 0 0 1631 990 860 860 0 0 0 0 0 0 0 1624 1095 944 944 0 0 0 0 0 0 0 1632 1099 948 948 0 0 0 0 0 0 0 1625 989 859 859 0 0 0 0 0 0 0 1624 1095 944 944 0 0 0 0 0 0 0 1631 990 860 860 0 0 0 0 0 0 0 1623 1094 943 943 0 0 0 0 0 0 0 1624 1095 944 944 0 0 0 0 0 0 0 1625 989 859 859 0 0 0 0 0 0 0 1590 1073 924 924 0 0 0 0 0 0 0 1592 1074 925 925 0 0 0 0 0 0 0 1646 1108 957 957 0 0 0 0 0 0 0 1751 1185 1010 1010 0 0 0 0 0 0 0 1590 1073 924 924 0 0 0 0 0 0 0 1647 1109 958 958 0 0 0 0 0 0 0 1730 1154 988 988 0 0 0 0 0 0 0 1590 1073 924 924 0 0 0 0 0 0 0 1751 1185 1010 1010 0 0 0 0 0 0 0 1646 1108 957 957 0 0 0 0 0 0 0 1647 1109 958 958 0 0 0 0 0 0 0 1590 1073 924 924 0 0 0 0 0 0 0 1590 1073 924 924 0 0 0 0 0 0 0 1591 1053 908 908 0 0 0 0 0 0 0 1592 1074 925 925 0 0 0 0 0 0 0 1590 1073 924 924 0 0 0 0 0 0 0 1589 1052 907 907 0 0 0 0 0 0 0 1591 1053 908 908 0 0 0 0 0 0 0 1650 1057 912 912 0 0 0 0 0 0 0 1592 1074 925 925 0 0 0 0 0 0 0 1593 1056 911 911 0 0 0 0 0 0 0 1592 1074 925 925 0 0 0 0 0 0 0 1651 1111 960 960 0 0 0 0 0 0 0 1646 1108 957 957 0 0 0 0 0 0 0 1650 1057 912 912 0 0 0 0 0 0 0 1651 1111 960 960 0 0 0 0 0 0 0 1592 1074 925 925 0 0 0 0 0 0 0 1592 1074 925 925 0 0 0 0 0 0 0 1591 1053 908 908 0 0 0 0 0 0 0 1593 1056 911 911 0 0 0 0 0 0 0 1595 967 843 843 0 0 0 0 0 0 0 1650 1057 912 912 0 0 0 0 0 0 0 1593 1056 911 911 0 0 0 0 0 0 0 1650 1057 912 912 0 0 0 0 0 0 0 3036 1058 913 913 0 0 0 0 0 0 0 1654 1113 962 962 0 0 0 0 0 0 0 1654 1113 962 962 0 0 0 0 0 0 0 1651 1111 960 960 0 0 0 0 0 0 0 1650 1057 912 912 0 0 0 0 0 0 0 1593 1056 911 911 0 0 0 0 0 0 0 1594 1055 910 910 0 0 0 0 0 0 0 1595 967 843 843 0 0 0 0 0 0 0 1732 1167 999 999 0 0 0 0 0 0 0 1645 1035 895 895 0 0 0 0 0 0 0 1730 1154 988 988 0 0 0 0 0 0 0 1730 1154 988 988 0 0 0 0 0 0 0 1751 1185 1010 1010 0 0 0 0 0 0 0 1731 1166 998 998 0 0 0 0 0 0 0 1730 1154 988 988 0 0 0 0 0 0 0 1731 1166 998 998 0 0 0 0 0 0 0 1732 1167 999 999 0 0 0 0 0 0 0 1645 1035 895 895 0 0 0 0 0 0 0 1732 1167 999 999 0 0 0 0 0 0 0 1644 1107 956 956 0 0 0 0 0 0 0 1645 1035 895 895 0 0 0 0 0 0 0 1641 1105 954 954 0 0 0 0 0 0 0 1643 995 865 865 0 0 0 0 0 0 0 1644 1107 956 956 0 0 0 0 0 0 0 1641 1105 954 954 0 0 0 0 0 0 0 1645 1035 895 895 0 0 0 0 0 0 0 1641 1105 954 954 0 0 0 0 0 0 0 1642 1106 955 955 0 0 0 0 0 0 0 1643 995 865 865 0 0 0 0 0 0 0 1643 995 865 865 0 0 0 0 0 0 0 1642 1106 955 955 0 0 0 0 0 0 0 1648 997 867 867 0 0 0 0 0 0 0 1648 997 867 867 0 0 0 0 0 0 0 1642 1106 955 955 0 0 0 0 0 0 0 1649 1110 959 959 0 0 0 0 0 0 0 1653 998 541 541 0 0 0 0 0 0 0 1648 997 867 867 0 0 0 0 0 0 0 1649 1110 959 959 0 0 0 0 0 0 0 1649 1110 959 959 0 0 0 0 0 0 0 1652 1112 961 961 0 0 0 0 0 0 0 1653 998 541 541 0 0 0 0 0 0 0 1668 1122 970 970 0 0 0 0 0 0 0 3035 1971 1046 1046 0 0 0 0 0 0 0 1596 1075 926 926 0 0 0 0 0 0 0 1596 1075 926 926 0 0 0 0 0 0 0 3035 1971 1046 1046 0 0 0 0 0 0 0 1766 1188 1012 1012 0 0 0 0 0 0 0 1596 1075 926 926 0 0 0 0 0 0 0 1766 1188 1012 1012 0 0 0 0 0 0 0 1765 1059 914 914 0 0 0 0 0 0 0 1596 1075 926 926 0 0 0 0 0 0 0 1598 1077 626 626 0 0 0 0 0 0 0 1667 1121 969 969 0 0 0 0 0 0 0 1667 1121 969 969 0 0 0 0 0 0 0 1668 1122 970 970 0 0 0 0 0 0 0 1596 1075 926 926 0 0 0 0 0 0 0 1596 1075 926 926 0 0 0 0 0 0 0 1597 1076 927 927 0 0 0 0 0 0 0 1598 1077 626 626 0 0 0 0 0 0 0 1598 1077 626 626 0 0 0 0 0 0 0 1597 1076 927 927 0 0 0 0 0 0 0 1599 1078 928 928 0 0 0 0 0 0 0 1599 1078 928 928 0 0 0 0 0 0 0 1600 1079 929 929 0 0 0 0 0 0 0 1601 1077 626 626 0 0 0 0 0 0 0 1600 1079 929 929 0 0 0 0 0 0 0 1603 1081 927 927 0 0 0 0 0 0 0 1602 1080 930 930 0 0 0 0 0 0 0 1601 1077 626 626 0 0 0 0 0 0 0 1600 1079 929 929 0 0 0 0 0 0 0 1602 1080 930 930 0 0 0 0 0 0 0 1602 1080 930 930 0 0 0 0 0 0 0 1603 1081 927 927 0 0 0 0 0 0 0 1604 1082 931 931 0 0 0 0 0 0 0 1602 1080 930 930 0 0 0 0 0 0 0 3034 1082 931 931 0 0 0 0 0 0 0 1679 1128 970 970 0 0 0 0 0 0 0 1679 1128 970 970 0 0 0 0 0 0 0 1680 1129 969 969 0 0 0 0 0 0 0 1602 1080 930 930 0 0 0 0 0 0 0 1752 1186 1011 1011 0 0 0 0 0 0 0 1765 1059 914 914 0 0 0 0 0 0 0 1766 1188 1012 1012 0 0 0 0 0 0 0 1735 1155 989 989 0 0 0 0 0 0 0 1765 1059 914 914 0 0 0 0 0 0 0 1752 1186 1011 1011 0 0 0 0 0 0 0 1735 1155 989 989 0 0 0 0 0 0 0 1752 1186 1011 1011 0 0 0 0 0 0 0 1736 1170 1002 1002 0 0 0 0 0 0 0 1737 1171 1003 1003 0 0 0 0 0 0 0 1662 1038 897 897 0 0 0 0 0 0 0 1735 1155 989 989 0 0 0 0 0 0 0 1735 1155 989 989 0 0 0 0 0 0 0 1736 1170 1002 1002 0 0 0 0 0 0 0 1737 1171 1003 1003 0 0 0 0 0 0 0 1662 1038 897 897 0 0 0 0 0 0 0 1737 1171 1003 1003 0 0 0 0 0 0 0 1661 1118 967 967 0 0 0 0 0 0 0 1662 1038 897 897 0 0 0 0 0 0 0 1658 1116 965 965 0 0 0 0 0 0 0 1660 1002 871 871 0 0 0 0 0 0 0 1661 1118 967 967 0 0 0 0 0 0 0 1658 1116 965 965 0 0 0 0 0 0 0 1662 1038 897 897 0 0 0 0 0 0 0 1658 1116 965 965 0 0 0 0 0 0 0 1659 1117 966 966 0 0 0 0 0 0 0 1660 1002 871 871 0 0 0 0 0 0 0 1660 1002 871 871 0 0 0 0 0 0 0 1659 1117 966 966 0 0 0 0 0 0 0 1663 1004 873 873 0 0 0 0 0 0 0 1663 1004 873 873 0 0 0 0 0 0 0 1659 1117 966 966 0 0 0 0 0 0 0 1664 1119 467 467 0 0 0 0 0 0 0 1605 1083 932 932 0 0 0 0 0 0 0 1606 1084 933 933 0 0 0 0 0 0 0 1607 984 854 854 0 0 0 0 0 0 0 1613 982 852 852 0 0 0 0 0 0 0 1606 1084 933 933 0 0 0 0 0 0 0 1614 1088 937 937 0 0 0 0 0 0 0 1607 984 854 854 0 0 0 0 0 0 0 1606 1084 933 933 0 0 0 0 0 0 0 1613 982 852 852 0 0 0 0 0 0 0 1613 982 852 852 0 0 0 0 0 0 0 1617 1090 939 939 0 0 0 0 0 0 0 1722 1030 498 498 0 0 0 0 0 0 0 1614 1088 937 937 0 0 0 0 0 0 0 1617 1090 939 939 0 0 0 0 0 0 0 1613 982 852 852 0 0 0 0 0 0 0 1722 1030 498 498 0 0 0 0 0 0 0 1617 1090 939 939 0 0 0 0 0 0 0 1723 1160 992 992 0 0 0 0 0 0 0 1744 1178 1006 1006 0 0 0 0 0 0 0 1619 1092 941 941 0 0 0 0 0 0 0 1722 1030 498 498 0 0 0 0 0 0 0 1722 1030 498 498 0 0 0 0 0 0 0 1724 1161 993 993 0 0 0 0 0 0 0 1744 1178 1006 1006 0 0 0 0 0 0 0 1722 1030 498 498 0 0 0 0 0 0 0 1723 1160 992 992 0 0 0 0 0 0 0 1724 1161 993 993 0 0 0 0 0 0 0 1619 1092 941 941 0 0 0 0 0 0 0 1744 1178 1006 1006 0 0 0 0 0 0 0 1620 1093 942 942 0 0 0 0 0 0 0 1619 1092 941 941 0 0 0 0 0 0 0 1620 1093 942 942 0 0 0 0 0 0 0 1621 1046 526 526 0 0 0 0 0 0 0 1621 1046 526 526 0 0 0 0 0 0 0 1620 1093 942 942 0 0 0 0 0 0 0 1622 1091 940 940 0 0 0 0 0 0 0 1630 1047 903 903 0 0 0 0 0 0 0 1635 1048 904 904 0 0 0 0 0 0 0 1628 1097 946 946 0 0 0 0 0 0 0 1635 1048 904 904 0 0 0 0 0 0 0 1634 1100 949 949 0 0 0 0 0 0 0 1628 1097 946 946 0 0 0 0 0 0 0 1628 1097 946 946 0 0 0 0 0 0 0 1629 1098 947 947 0 0 0 0 0 0 0 1630 1047 903 903 0 0 0 0 0 0 0 1633 1071 922 922 0 0 0 0 0 0 0 1634 1100 949 949 0 0 0 0 0 0 0 1635 1048 904 904 0 0 0 0 0 0 0 1887 1266 1076 1076 0 0 0 0 0 0 0 1687 1135 977 977 0 0 0 0 0 0 0 1885 1264 1074 1074 0 0 0 0 0 0 0 1887 1266 1076 1076 0 0 0 0 0 0 0 1951 1316 1119 1119 0 0 0 0 0 0 0 1687 1135 977 977 0 0 0 0 0 0 0 1951 1316 1119 1119 0 0 0 0 0 0 0 1688 1136 948 948 0 0 0 0 0 0 0 1687 1135 977 977 0 0 0 0 0 0 0 1687 1135 977 977 0 0 0 0 0 0 0 1688 1136 948 948 0 0 0 0 0 0 0 1689 1137 978 978 0 0 0 0 0 0 0 1885 1264 1074 1074 0 0 0 0 0 0 0 1886 1265 1075 1075 0 0 0 0 0 0 0 1887 1266 1076 1076 0 0 0 0 0 0 0 1974 1271 1081 1081 0 0 0 0 0 0 0 1886 1265 1075 1075 0 0 0 0 0 0 0 1885 1264 1074 1074 0 0 0 0 0 0 0 1973 1273 1083 1083 0 0 0 0 0 0 0 1886 1265 1075 1075 0 0 0 0 0 0 0 1974 1271 1081 1081 0 0 0 0 0 0 0 1973 1273 1083 1083 0 0 0 0 0 0 0 1974 1271 1081 1081 0 0 0 0 0 0 0 3027 1214 1032 1032 0 0 0 0 0 0 0 1690 1138 944 944 0 0 0 0 0 0 0 1977 1283 943 943 0 0 0 0 0 0 0 1689 1137 978 978 0 0 0 0 0 0 0 1689 1137 978 978 0 0 0 0 0 0 0 1688 1136 948 948 0 0 0 0 0 0 0 1690 1138 944 944 0 0 0 0 0 0 0 1695 1140 933 933 0 0 0 0 0 0 0 1696 1141 932 932 0 0 0 0 0 0 0 1697 1016 854 854 0 0 0 0 0 0 0 1769 1189 1013 1013 0 0 0 0 0 0 0 1770 1190 1014 1014 0 0 0 0 0 0 0 1771 1019 883 883 0 0 0 0 0 0 0 1771 1019 883 883 0 0 0 0 0 0 0 1770 1190 1014 1014 0 0 0 0 0 0 0 1772 1191 544 544 0 0 0 0 0 0 0 1772 1191 544 544 0 0 0 0 0 0 0 3252 1020 558 558 0 0 0 0 0 0 0 1771 1019 883 883 0 0 0 0 0 0 0 1773 1190 1014 1014 0 0 0 0 0 0 0 1774 1192 1013 1013 0 0 0 0 0 0 0 1775 1191 544 544 0 0 0 0 0 0 0 1775 1191 544 544 0 0 0 0 0 0 0 1774 1192 1013 1013 0 0 0 0 0 0 0 1776 1193 1015 1015 0 0 0 0 0 0 0 1802 1216 1034 1034 0 0 0 0 0 0 0 1801 1209 1030 1030 0 0 0 0 0 0 0 1846 1239 1052 1052 0 0 0 0 0 0 0 1801 1209 1030 1030 0 0 0 0 0 0 0 1802 1216 1034 1034 0 0 0 0 0 0 0 1803 1217 1035 1035 0 0 0 0 0 0 0 1802 1216 1034 1034 0 0 0 0 0 0 0 1847 1240 1053 1053 0 0 0 0 0 0 0 1804 1218 1036 1036 0 0 0 0 0 0 0 1846 1239 1052 1052 0 0 0 0 0 0 0 1847 1240 1053 1053 0 0 0 0 0 0 0 1802 1216 1034 1034 0 0 0 0 0 0 0 1803 1217 1035 1035 0 0 0 0 0 0 0 1802 1216 1034 1034 0 0 0 0 0 0 0 1804 1218 1036 1036 0 0 0 0 0 0 0 3249 1242 1055 1055 0 0 0 0 0 0 0 1847 1240 1053 1053 0 0 0 0 0 0 0 1846 1239 1052 1052 0 0 0 0 0 0 0 1844 1237 1050 1050 0 0 0 0 0 0 0 1847 1240 1053 1053 0 0 0 0 0 0 0 3248 1241 1054 1054 0 0 0 0 0 0 0 3248 1241 1054 1054 0 0 0 0 0 0 0 1847 1240 1053 1053 0 0 0 0 0 0 0 3249 1242 1055 1055 0 0 0 0 0 0 0 1806 1220 1038 1038 0 0 0 0 0 0 0 1847 1240 1053 1053 0 0 0 0 0 0 0 1844 1237 1050 1050 0 0 0 0 0 0 0 1804 1218 1036 1036 0 0 0 0 0 0 0 1847 1240 1053 1053 0 0 0 0 0 0 0 1806 1220 1038 1038 0 0 0 0 0 0 0 1805 1219 1037 1037 0 0 0 0 0 0 0 1804 1218 1036 1036 0 0 0 0 0 0 0 1806 1220 1038 1038 0 0 0 0 0 0 0 1803 1217 1035 1035 0 0 0 0 0 0 0 1804 1218 1036 1036 0 0 0 0 0 0 0 1805 1219 1037 1037 0 0 0 0 0 0 0 1806 1220 1038 1038 0 0 0 0 0 0 0 1845 1238 1051 1051 0 0 0 0 0 0 0 1807 1221 1039 1039 0 0 0 0 0 0 0 1844 1237 1050 1050 0 0 0 0 0 0 0 1845 1238 1051 1051 0 0 0 0 0 0 0 1806 1220 1038 1038 0 0 0 0 0 0 0 1806 1220 1038 1038 0 0 0 0 0 0 0 1807 1221 1039 1039 0 0 0 0 0 0 0 1805 1219 1037 1037 0 0 0 0 0 0 0 1845 1238 1051 1051 0 0 0 0 0 0 0 1844 1237 1050 1050 0 0 0 0 0 0 0 3248 1241 1054 1054 0 0 0 0 0 0 0 1975 1245 1057 1057 0 0 0 0 0 0 0 1845 1238 1051 1051 0 0 0 0 0 0 0 3023 1246 839 839 0 0 0 0 0 0 0 1854 1244 1056 1056 0 0 0 0 0 0 0 1845 1238 1051 1051 0 0 0 0 0 0 0 1975 1245 1057 1057 0 0 0 0 0 0 0 1807 1221 1039 1039 0 0 0 0 0 0 0 1845 1238 1051 1051 0 0 0 0 0 0 0 1854 1244 1056 1056 0 0 0 0 0 0 0 1854 1244 1056 1056 0 0 0 0 0 0 0 1808 1222 1040 1040 0 0 0 0 0 0 0 1807 1221 1039 1039 0 0 0 0 0 0 0 1805 1219 1037 1037 0 0 0 0 0 0 0 1807 1221 1039 1039 0 0 0 0 0 0 0 1808 1222 1040 1040 0 0 0 0 0 0 0 1860 1251 1062 1062 0 0 0 0 0 0 0 1862 1253 1064 1064 0 0 0 0 0 0 0 1870 974 849 849 0 0 0 0 0 0 0 1860 1251 1062 1062 0 0 0 0 0 0 0 1861 1252 1063 1063 0 0 0 0 0 0 0 1862 1253 1064 1064 0 0 0 0 0 0 0 1869 1250 1061 1061 0 0 0 0 0 0 0 1862 1253 1064 1064 0 0 0 0 0 0 0 1863 1248 1059 1059 0 0 0 0 0 0 0 1870 974 849 849 0 0 0 0 0 0 0 1862 1253 1064 1064 0 0 0 0 0 0 0 1868 973 683 683 0 0 0 0 0 0 0 1868 973 683 683 0 0 0 0 0 0 0 1862 1253 1064 1064 0 0 0 0 0 0 0 1869 1250 1061 1061 0 0 0 0 0 0 0 1862 1253 1064 1064 0 0 0 0 0 0 0 1861 1252 1063 1063 0 0 0 0 0 0 0 1863 1248 1059 1059 0 0 0 0 0 0 0 1869 1250 1061 1061 0 0 0 0 0 0 0 3031 970 846 846 0 0 0 0 0 0 0 1868 973 683 683 0 0 0 0 0 0 0 1871 974 849 849 0 0 0 0 0 0 0 3030 976 846 846 0 0 0 0 0 0 0 1864 1254 1065 1065 0 0 0 0 0 0 0 1864 1254 1065 1065 0 0 0 0 0 0 0 1866 1251 1062 1062 0 0 0 0 0 0 0 1871 974 849 849 0 0 0 0 0 0 0 1864 1254 1065 1065 0 0 0 0 0 0 0 1865 1255 1066 1066 0 0 0 0 0 0 0 1866 1251 1062 1062 0 0 0 0 0 0 0 1866 1251 1062 1062 0 0 0 0 0 0 0 1865 1255 1066 1066 0 0 0 0 0 0 0 1867 1252 1063 1063 0 0 0 0 0 0 0 1894 1214 1032 1032 0 0 0 0 0 0 0 1895 1272 1082 1082 0 0 0 0 0 0 0 1896 1273 1083 1083 0 0 0 0 0 0 0 1959 1259 1069 1069 0 0 0 0 0 0 0 1960 1258 1068 1068 0 0 0 0 0 0 0 1961 1320 1123 1123 0 0 0 0 0 0 0 1961 1320 1123 1123 0 0 0 0 0 0 0 1960 1258 1068 1068 0 0 0 0 0 0 0 1962 1321 1124 1124 0 0 0 0 0 0 0 2062 1382 1166 1166 0 0 0 0 0 0 0 2058 1378 1162 1162 0 0 0 0 0 0 0 2060 1380 1164 1164 0 0 0 0 0 0 0 2058 1378 1162 1162 0 0 0 0 0 0 0 2059 1379 1163 1163 0 0 0 0 0 0 0 2060 1380 1164 1164 0 0 0 0 0 0 0 2078 1395 1179 1179 0 0 0 0 0 0 0 2060 1380 1164 1164 0 0 0 0 0 0 0 2061 1381 1165 1165 0 0 0 0 0 0 0 2060 1380 1164 1164 0 0 0 0 0 0 0 2059 1379 1163 1163 0 0 0 0 0 0 0 2061 1381 1165 1165 0 0 0 0 0 0 0 2078 1395 1179 1179 0 0 0 0 0 0 0 2061 1381 1165 1165 0 0 0 0 0 0 0 2076 1383 1167 1167 0 0 0 0 0 0 0 2076 1383 1167 1167 0 0 0 0 0 0 0 2077 1394 1178 1178 0 0 0 0 0 0 0 2078 1395 1179 1179 0 0 0 0 0 0 0 2065 1383 1167 1167 0 0 0 0 0 0 0 3017 1381 1165 1165 0 0 0 0 0 0 0 2063 1379 1163 1163 0 0 0 0 0 0 0 2063 1379 1163 1163 0 0 0 0 0 0 0 2087 1378 1162 1162 0 0 0 0 0 0 0 2064 1382 1166 1166 0 0 0 0 0 0 0 2063 1379 1163 1163 0 0 0 0 0 0 0 2064 1382 1166 1166 0 0 0 0 0 0 0 2065 1383 1167 1167 0 0 0 0 0 0 0 2066 1384 1168 1168 0 0 0 0 0 0 0 3014 1390 1174 1174 0 0 0 0 0 0 0 3015 1392 1176 1176 0 0 0 0 0 0 0 2068 1386 1170 1170 0 0 0 0 0 0 0 2079 1396 1180 1180 0 0 0 0 0 0 0 2066 1384 1168 1168 0 0 0 0 0 0 0 3014 1390 1174 1174 0 0 0 0 0 0 0 2066 1384 1168 1168 0 0 0 0 0 0 0 2079 1396 1180 1180 0 0 0 0 0 0 0 2075 1393 1177 1177 0 0 0 0 0 0 0 2067 1385 1169 1169 0 0 0 0 0 0 0 2066 1384 1168 1168 0 0 0 0 0 0 0 2066 1384 1168 1168 0 0 0 0 0 0 0 2067 1385 1169 1169 0 0 0 0 0 0 0 2068 1386 1170 1170 0 0 0 0 0 0 0 2079 1396 1180 1180 0 0 0 0 0 0 0 2068 1386 1170 1170 0 0 0 0 0 0 0 2080 1388 1172 1172 0 0 0 0 0 0 0 2069 1387 1171 1171 0 0 0 0 0 0 0 2070 1388 1172 1172 0 0 0 0 0 0 0 2071 1389 1173 1173 0 0 0 0 0 0 0 2072 1390 1174 1174 0 0 0 0 0 0 0 2073 1391 1175 1175 0 0 0 0 0 0 0 2074 1392 1176 1176 0 0 0 0 0 0 0 2081 1387 1171 1171 0 0 0 0 0 0 0 2082 1395 1179 1179 0 0 0 0 0 0 0 2083 1396 1180 1180 0 0 0 0 0 0 0 2084 1395 1179 1179 0 0 0 0 0 0 0 2085 1394 1178 1178 0 0 0 0 0 0 0 2086 1396 1180 1180 0 0 0 0 0 0 0 2088 1397 1181 1181 0 0 0 0 0 0 0 2089 1398 1182 1182 0 0 0 0 0 0 0 2090 1399 1183 1183 0 0 0 0 0 0 0 2103 1399 1183 1183 0 0 0 0 0 0 0 2091 1400 1184 1184 0 0 0 0 0 0 0 3004 1397 1181 1181 0 0 0 0 0 0 0 2093 1402 1186 1186 0 0 0 0 0 0 0 3003 1407 1190 1190 0 0 0 0 0 0 0 2091 1400 1184 1184 0 0 0 0 0 0 0 2100 1408 1191 1191 0 0 0 0 0 0 0 2102 1410 1192 1192 0 0 0 0 0 0 0 2091 1400 1184 1184 0 0 0 0 0 0 0 2092 1401 1185 1185 0 0 0 0 0 0 0 2091 1400 1184 1184 0 0 0 0 0 0 0 2104 1403 1187 1187 0 0 0 0 0 0 0 2102 1410 1192 1192 0 0 0 0 0 0 0 2104 1403 1187 1187 0 0 0 0 0 0 0 2091 1400 1184 1184 0 0 0 0 0 0 0 2091 1400 1184 1184 0 0 0 0 0 0 0 2103 1399 1183 1183 0 0 0 0 0 0 0 2100 1408 1191 1191 0 0 0 0 0 0 0 2091 1400 1184 1184 0 0 0 0 0 0 0 2092 1401 1185 1185 0 0 0 0 0 0 0 2093 1402 1186 1186 0 0 0 0 0 0 0 2100 1408 1191 1191 0 0 0 0 0 0 0 2101 1409 1166 1166 0 0 0 0 0 0 0 2102 1410 1192 1192 0 0 0 0 0 0 0 2094 1403 1187 1187 0 0 0 0 0 0 0 2095 1404 1188 1188 0 0 0 0 0 0 0 2096 1405 1189 1189 0 0 0 0 0 0 0 2097 1402 1186 1186 0 0 0 0 0 0 0 2098 1406 655 655 0 0 0 0 0 0 0 2099 1407 1190 1190 0 0 0 0 0 0 0 2105 1403 1187 1187 0 0 0 0 0 0 0 2106 1405 1189 1189 0 0 0 0 0 0 0 2107 1401 1185 1185 0 0 0 0 0 0 0 2120 1421 1203 1203 0 0 0 0 0 0 0 2123 1422 1204 1204 0 0 0 0 0 0 0 2108 1411 1193 1193 0 0 0 0 0 0 0 2108 1411 1193 1193 0 0 0 0 0 0 0 2119 1420 1202 1202 0 0 0 0 0 0 0 2120 1421 1203 1203 0 0 0 0 0 0 0 2110 1413 1195 1195 0 0 0 0 0 0 0 2119 1420 1202 1202 0 0 0 0 0 0 0 2108 1411 1193 1193 0 0 0 0 0 0 0 2108 1411 1193 1193 0 0 0 0 0 0 0 2114 1417 1199 1199 0 0 0 0 0 0 0 2112 1415 1197 1197 0 0 0 0 0 0 0 2108 1411 1193 1193 0 0 0 0 0 0 0 2112 1415 1197 1197 0 0 0 0 0 0 0 2109 1412 1194 1194 0 0 0 0 0 0 0 2108 1411 1193 1193 0 0 0 0 0 0 0 2109 1412 1194 1194 0 0 0 0 0 0 0 2110 1413 1195 1195 0 0 0 0 0 0 0 2120 1421 1203 1203 0 0 0 0 0 0 0 2132 1429 1211 1211 0 0 0 0 0 0 0 2123 1422 1204 1204 0 0 0 0 0 0 0 2119 1420 1202 1202 0 0 0 0 0 0 0 2129 1427 1209 1209 0 0 0 0 0 0 0 2120 1421 1203 1203 0 0 0 0 0 0 0 2123 1422 1204 1204 0 0 0 0 0 0 0 2132 1429 1211 1211 0 0 0 0 0 0 0 2133 1430 734 734 0 0 0 0 0 0 0 2109 1412 1194 1194 0 0 0 0 0 0 0 2113 1416 1198 1198 0 0 0 0 0 0 0 2134 1431 1212 1212 0 0 0 0 0 0 0 2109 1412 1194 1194 0 0 0 0 0 0 0 2135 1432 1213 1213 0 0 0 0 0 0 0 2111 1414 1196 1196 0 0 0 0 0 0 0 2134 1431 1212 1212 0 0 0 0 0 0 0 2135 1432 1213 1213 0 0 0 0 0 0 0 2109 1412 1194 1194 0 0 0 0 0 0 0 2109 1412 1194 1194 0 0 0 0 0 0 0 2112 1415 1197 1197 0 0 0 0 0 0 0 2113 1416 1198 1198 0 0 0 0 0 0 0 2110 1413 1195 1195 0 0 0 0 0 0 0 2109 1412 1194 1194 0 0 0 0 0 0 0 2111 1414 1196 1196 0 0 0 0 0 0 0 2112 1415 1197 1197 0 0 0 0 0 0 0 2124 1423 1205 1205 0 0 0 0 0 0 0 2125 1424 1206 1206 0 0 0 0 0 0 0 2114 1417 1199 1199 0 0 0 0 0 0 0 2124 1423 1205 1205 0 0 0 0 0 0 0 2112 1415 1197 1197 0 0 0 0 0 0 0 2114 1417 1199 1199 0 0 0 0 0 0 0 2160 1418 1200 1200 0 0 0 0 0 0 0 2124 1423 1205 1205 0 0 0 0 0 0 0 2114 1417 1199 1199 0 0 0 0 0 0 0 2159 1425 1207 1207 0 0 0 0 0 0 0 2160 1418 1200 1200 0 0 0 0 0 0 0 2157 1411 1193 1193 0 0 0 0 0 0 0 2159 1425 1207 1207 0 0 0 0 0 0 0 2114 1417 1199 1199 0 0 0 0 0 0 0 2124 1423 1205 1205 0 0 0 0 0 0 0 2160 1418 1200 1200 0 0 0 0 0 0 0 2162 1428 1210 1210 0 0 0 0 0 0 0 2127 1426 1208 1208 0 0 0 0 0 0 0 2157 1411 1193 1193 0 0 0 0 0 0 0 2158 1422 1204 1204 0 0 0 0 0 0 0 2126 1425 1207 1207 0 0 0 0 0 0 0 2157 1411 1193 1193 0 0 0 0 0 0 0 2127 1426 1208 1208 0 0 0 0 0 0 0 2158 1422 1204 1204 0 0 0 0 0 0 0 2136 1433 1214 1214 0 0 0 0 0 0 0 2127 1426 1208 1208 0 0 0 0 0 0 0 2127 1426 1208 1208 0 0 0 0 0 0 0 2136 1433 1214 1214 0 0 0 0 0 0 0 2128 1420 1202 1202 0 0 0 0 0 0 0 2115 1413 1195 1195 0 0 0 0 0 0 0 2127 1426 1208 1208 0 0 0 0 0 0 0 2128 1420 1202 1202 0 0 0 0 0 0 0 2126 1425 1207 1207 0 0 0 0 0 0 0 2127 1426 1208 1208 0 0 0 0 0 0 0 2115 1413 1195 1195 0 0 0 0 0 0 0 2161 1430 734 734 0 0 0 0 0 0 0 2136 1433 1214 1214 0 0 0 0 0 0 0 2158 1422 1204 1204 0 0 0 0 0 0 0 2128 1420 1202 1202 0 0 0 0 0 0 0 2136 1433 1214 1214 0 0 0 0 0 0 0 2137 1427 1209 1209 0 0 0 0 0 0 0 2117 1418 1200 1200 0 0 0 0 0 0 0 2126 1425 1207 1207 0 0 0 0 0 0 0 2115 1413 1195 1195 0 0 0 0 0 0 0 2115 1413 1195 1195 0 0 0 0 0 0 0 2116 1414 1196 1196 0 0 0 0 0 0 0 2117 1418 1200 1200 0 0 0 0 0 0 0 2121 1415 1197 1197 0 0 0 0 0 0 0 2131 1428 1210 1210 0 0 0 0 0 0 0 2117 1418 1200 1200 0 0 0 0 0 0 0 2117 1418 1200 1200 0 0 0 0 0 0 0 2118 1419 1201 1201 0 0 0 0 0 0 0 2121 1415 1197 1197 0 0 0 0 0 0 0 2117 1418 1200 1200 0 0 0 0 0 0 0 2116 1414 1196 1196 0 0 0 0 0 0 0 2118 1419 1201 1201 0 0 0 0 0 0 0 2116 1414 1196 1196 0 0 0 0 0 0 0 2142 1432 1213 1213 0 0 0 0 0 0 0 2118 1419 1201 1201 0 0 0 0 0 0 0 2118 1419 1201 1201 0 0 0 0 0 0 0 2144 1439 1220 1220 0 0 0 0 0 0 0 2138 1434 1215 1215 0 0 0 0 0 0 0 2143 1438 1219 1219 0 0 0 0 0 0 0 2144 1439 1220 1220 0 0 0 0 0 0 0 2118 1419 1201 1201 0 0 0 0 0 0 0 2118 1419 1201 1201 0 0 0 0 0 0 0 2142 1432 1213 1213 0 0 0 0 0 0 0 2143 1438 1219 1219 0 0 0 0 0 0 0 2118 1419 1201 1201 0 0 0 0 0 0 0 2138 1434 1215 1215 0 0 0 0 0 0 0 2122 1416 1198 1198 0 0 0 0 0 0 0 2121 1415 1197 1197 0 0 0 0 0 0 0 2118 1419 1201 1201 0 0 0 0 0 0 0 2122 1416 1198 1198 0 0 0 0 0 0 0 2130 1424 1206 1206 0 0 0 0 0 0 0 2131 1428 1210 1210 0 0 0 0 0 0 0 2121 1415 1197 1197 0 0 0 0 0 0 0 2122 1416 1198 1198 0 0 0 0 0 0 0 2138 1434 1215 1215 0 0 0 0 0 0 0 2139 1435 1216 1216 0 0 0 0 0 0 0 2153 1443 1223 1223 0 0 0 0 0 0 0 2156 1445 1225 1225 0 0 0 0 0 0 0 2138 1434 1215 1215 0 0 0 0 0 0 0 2144 1439 1220 1220 0 0 0 0 0 0 0 2153 1443 1223 1223 0 0 0 0 0 0 0 2138 1434 1215 1215 0 0 0 0 0 0 0 2144 1439 1220 1220 0 0 0 0 0 0 0 2154 1442 769 769 0 0 0 0 0 0 0 2153 1443 1223 1223 0 0 0 0 0 0 0 2152 1441 1222 1222 0 0 0 0 0 0 0 2154 1442 769 769 0 0 0 0 0 0 0 2144 1439 1220 1220 0 0 0 0 0 0 0 2143 1438 1219 1219 0 0 0 0 0 0 0 2148 1441 1222 1222 0 0 0 0 0 0 0 2144 1439 1220 1220 0 0 0 0 0 0 0 2143 1438 1219 1219 0 0 0 0 0 0 0 2149 1440 1221 1221 0 0 0 0 0 0 0 2140 1436 1217 1217 0 0 0 0 0 0 0 2147 1436 1217 1217 0 0 0 0 0 0 0 2148 1441 1222 1222 0 0 0 0 0 0 0 2143 1438 1219 1219 0 0 0 0 0 0 0 2142 1432 1213 1213 0 0 0 0 0 0 0 2146 1440 1221 1221 0 0 0 0 0 0 0 2143 1438 1219 1219 0 0 0 0 0 0 0 2145 1437 1218 1218 0 0 0 0 0 0 0 2146 1440 1221 1221 0 0 0 0 0 0 0 2142 1432 1213 1213 0 0 0 0 0 0 0 2113 1416 1198 1198 0 0 0 0 0 0 0 2152 1441 1222 1222 0 0 0 0 0 0 0 2140 1436 1217 1217 0 0 0 0 0 0 0 2140 1436 1217 1217 0 0 0 0 0 0 0 2149 1440 1221 1221 0 0 0 0 0 0 0 2141 1437 1218 1218 0 0 0 0 0 0 0 2140 1436 1217 1217 0 0 0 0 0 0 0 2141 1437 1218 1218 0 0 0 0 0 0 0 2134 1431 1212 1212 0 0 0 0 0 0 0 2134 1431 1212 1212 0 0 0 0 0 0 0 2113 1416 1198 1198 0 0 0 0 0 0 0 2140 1436 1217 1217 0 0 0 0 0 0 0 2150 1435 1216 1216 0 0 0 0 0 0 0 2152 1441 1222 1222 0 0 0 0 0 0 0 2113 1416 1198 1198 0 0 0 0 0 0 0 2150 1435 1216 1216 0 0 0 0 0 0 0 2151 1442 769 769 0 0 0 0 0 0 0 2152 1441 1222 1222 0 0 0 0 0 0 0 2150 1435 1216 1216 0 0 0 0 0 0 0 2155 1444 1224 1224 0 0 0 0 0 0 0 2151 1442 769 769 0 0 0 0 0 0 0 2155 1444 1224 1224 0 0 0 0 0 0 0 2156 1445 1225 1225 0 0 0 0 0 0 0 2154 1442 769 769 0 0 0 0 0 0 0 2154 1442 769 769 0 0 0 0 0 0 0 2156 1445 1225 1225 0 0 0 0 0 0 0 2153 1443 1223 1223 0 0 0 0 0 0 0 2134 1431 1212 1212 0 0 0 0 0 0 0 2141 1437 1218 1218 0 0 0 0 0 0 0 2135 1432 1213 1213 0 0 0 0 0 0 0 2178 1450 1230 1230 0 0 0 0 0 0 0 2170 1452 1232 1232 0 0 0 0 0 0 0 2163 1446 1226 1226 0 0 0 0 0 0 0 2163 1446 1226 1226 0 0 0 0 0 0 0 2170 1452 1232 1232 0 0 0 0 0 0 0 2164 1447 1227 1227 0 0 0 0 0 0 0 2163 1446 1226 1226 0 0 0 0 0 0 0 2167 1448 1228 1228 0 0 0 0 0 0 0 2168 1450 1230 1230 0 0 0 0 0 0 0 2163 1446 1226 1226 0 0 0 0 0 0 0 2164 1447 1227 1227 0 0 0 0 0 0 0 2165 1448 1228 1228 0 0 0 0 0 0 0 2170 1452 1232 1232 0 0 0 0 0 0 0 2177 1457 1235 1235 0 0 0 0 0 0 0 2164 1447 1227 1227 0 0 0 0 0 0 0 2164 1447 1227 1227 0 0 0 0 0 0 0 2177 1457 1235 1235 0 0 0 0 0 0 0 2173 1454 1227 1227 0 0 0 0 0 0 0 2172 1453 1233 1233 0 0 0 0 0 0 0 2164 1447 1227 1227 0 0 0 0 0 0 0 2173 1454 1227 1227 0 0 0 0 0 0 0 2171 1449 1229 1229 0 0 0 0 0 0 0 2164 1447 1227 1227 0 0 0 0 0 0 0 2172 1453 1233 1233 0 0 0 0 0 0 0 2165 1448 1228 1228 0 0 0 0 0 0 0 2164 1447 1227 1227 0 0 0 0 0 0 0 2166 1449 1229 1229 0 0 0 0 0 0 0 2165 1448 1228 1228 0 0 0 0 0 0 0 2188 1464 1240 1240 0 0 0 0 0 0 0 2190 1451 1231 1231 0 0 0 0 0 0 0 2165 1448 1228 1228 0 0 0 0 0 0 0 2166 1449 1229 1229 0 0 0 0 0 0 0 2188 1464 1240 1240 0 0 0 0 0 0 0 2188 1464 1240 1240 0 0 0 0 0 0 0 2166 1449 1229 1229 0 0 0 0 0 0 0 2189 1465 1241 1241 0 0 0 0 0 0 0 2190 1451 1231 1231 0 0 0 0 0 0 0 2188 1464 1240 1240 0 0 0 0 0 0 0 2191 1466 1242 1242 0 0 0 0 0 0 0 2189 1465 1241 1241 0 0 0 0 0 0 0 2171 1449 1229 1229 0 0 0 0 0 0 0 2192 1467 1243 1243 0 0 0 0 0 0 0 2192 1467 1243 1243 0 0 0 0 0 0 0 2171 1449 1229 1229 0 0 0 0 0 0 0 2176 1453 1233 1233 0 0 0 0 0 0 0 2192 1467 1243 1243 0 0 0 0 0 0 0 2169 1451 1231 1231 0 0 0 0 0 0 0 2193 1466 1242 1242 0 0 0 0 0 0 0 2176 1453 1233 1233 0 0 0 0 0 0 0 2169 1451 1231 1231 0 0 0 0 0 0 0 2192 1467 1243 1243 0 0 0 0 0 0 0 2179 1454 1227 1227 0 0 0 0 0 0 0 2174 1455 1233 1233 0 0 0 0 0 0 0 2176 1453 1233 1233 0 0 0 0 0 0 0 2176 1453 1233 1233 0 0 0 0 0 0 0 2175 1456 1234 1234 0 0 0 0 0 0 0 2169 1451 1231 1231 0 0 0 0 0 0 0 2174 1455 1233 1233 0 0 0 0 0 0 0 2175 1456 1234 1234 0 0 0 0 0 0 0 2176 1453 1233 1233 0 0 0 0 0 0 0 2169 1451 1231 1231 0 0 0 0 0 0 0 2175 1456 1234 1234 0 0 0 0 0 0 0 2168 1450 1230 1230 0 0 0 0 0 0 0 2168 1450 1230 1230 0 0 0 0 0 0 0 2167 1448 1228 1228 0 0 0 0 0 0 0 2169 1451 1231 1231 0 0 0 0 0 0 0 2168 1450 1230 1230 0 0 0 0 0 0 0 2175 1456 1234 1234 0 0 0 0 0 0 0 2179 1454 1227 1227 0 0 0 0 0 0 0 2168 1450 1230 1230 0 0 0 0 0 0 0 2180 1457 1235 1235 0 0 0 0 0 0 0 2181 1452 1232 1232 0 0 0 0 0 0 0 2179 1454 1227 1227 0 0 0 0 0 0 0 2180 1457 1235 1235 0 0 0 0 0 0 0 2168 1450 1230 1230 0 0 0 0 0 0 0 2179 1454 1227 1227 0 0 0 0 0 0 0 2175 1456 1234 1234 0 0 0 0 0 0 0 2174 1455 1233 1233 0 0 0 0 0 0 0 2182 1458 1233 1233 0 0 0 0 0 0 0 2186 1462 1238 1238 0 0 0 0 0 0 0 2187 1463 1239 1239 0 0 0 0 0 0 0 2184 1460 1234 1234 0 0 0 0 0 0 0 2186 1462 1238 1238 0 0 0 0 0 0 0 2182 1458 1233 1233 0 0 0 0 0 0 0 2182 1458 1233 1233 0 0 0 0 0 0 0 2187 1463 1239 1239 0 0 0 0 0 0 0 2183 1459 1236 1236 0 0 0 0 0 0 0 2182 1458 1233 1233 0 0 0 0 0 0 0 2183 1459 1236 1236 0 0 0 0 0 0 0 2184 1460 1234 1234 0 0 0 0 0 0 0 2185 1461 1237 1237 0 0 0 0 0 0 0 2186 1462 1238 1238 0 0 0 0 0 0 0 2184 1460 1234 1234 0 0 0 0 0 0 0 2184 1460 1234 1234 0 0 0 0 0 0 0 2183 1459 1236 1236 0 0 0 0 0 0 0 2185 1461 1237 1237 0 0 0 0 0 0 0 2194 1468 1244 1244 0 0 0 0 0 0 0 2195 1469 1245 1245 0 0 0 0 0 0 0 2196 1470 1246 1246 0 0 0 0 0 0 0 2197 1471 1247 1247 0 0 0 0 0 0 0 2201 1474 1249 1249 0 0 0 0 0 0 0 2219 1484 1258 1258 0 0 0 0 0 0 0 2197 1471 1247 1247 0 0 0 0 0 0 0 2221 1485 1259 1259 0 0 0 0 0 0 0 2222 1472 285 285 0 0 0 0 0 0 0 2219 1484 1258 1258 0 0 0 0 0 0 0 2220 1485 1259 1259 0 0 0 0 0 0 0 2197 1471 1247 1247 0 0 0 0 0 0 0 2202 480 396 396 0 0 0 0 0 0 0 2197 1471 1247 1247 0 0 0 0 0 0 0 2199 478 394 394 0 0 0 0 0 0 0 2201 1474 1249 1249 0 0 0 0 0 0 0 2197 1471 1247 1247 0 0 0 0 0 0 0 2202 480 396 396 0 0 0 0 0 0 0 2197 1471 1247 1247 0 0 0 0 0 0 0 2198 1472 285 285 0 0 0 0 0 0 0 2199 478 394 394 0 0 0 0 0 0 0 2999 472 388 388 0 0 0 0 0 0 0 2245 471 389 389 0 0 0 0 0 0 0 2201 1474 1249 1249 0 0 0 0 0 0 0 2244 1497 1271 1271 0 0 0 0 0 0 0 2201 1474 1249 1249 0 0 0 0 0 0 0 2245 471 389 389 0 0 0 0 0 0 0 2219 1484 1258 1258 0 0 0 0 0 0 0 2201 1474 1249 1249 0 0 0 0 0 0 0 2244 1497 1271 1271 0 0 0 0 0 0 0 2281 1516 1284 1284 0 0 0 0 0 0 0 2219 1484 1258 1258 0 0 0 0 0 0 0 2279 1515 1283 1283 0 0 0 0 0 0 0 2219 1484 1258 1258 0 0 0 0 0 0 0 2281 1516 1284 1284 0 0 0 0 0 0 0 2220 1485 1259 1259 0 0 0 0 0 0 0 2244 1497 1271 1271 0 0 0 0 0 0 0 2279 1515 1283 1283 0 0 0 0 0 0 0 2219 1484 1258 1258 0 0 0 0 0 0 0 2226 1486 1260 1260 0 0 0 0 0 0 0 2220 1485 1259 1259 0 0 0 0 0 0 0 2281 1516 1284 1284 0 0 0 0 0 0 0 2987 1503 1275 1275 0 0 0 0 0 0 0 2227 1489 1262 1262 0 0 0 0 0 0 0 2281 1516 1284 1284 0 0 0 0 0 0 0 2226 1486 1260 1260 0 0 0 0 0 0 0 2281 1516 1284 1284 0 0 0 0 0 0 0 2227 1489 1262 1262 0 0 0 0 0 0 0 2279 1515 1283 1283 0 0 0 0 0 0 0 2280 1499 1273 1273 0 0 0 0 0 0 0 2281 1516 1284 1284 0 0 0 0 0 0 0 2198 1472 285 285 0 0 0 0 0 0 0 2226 1486 1260 1260 0 0 0 0 0 0 0 2227 1489 1262 1262 0 0 0 0 0 0 0 2225 1488 298 298 0 0 0 0 0 0 0 2200 1473 1248 1248 0 0 0 0 0 0 0 2198 1472 285 285 0 0 0 0 0 0 0 2227 1489 1262 1262 0 0 0 0 0 0 0 2224 1487 1261 1261 0 0 0 0 0 0 0 2198 1472 285 285 0 0 0 0 0 0 0 2198 1472 285 285 0 0 0 0 0 0 0 2224 1487 1261 1261 0 0 0 0 0 0 0 2225 1488 298 298 0 0 0 0 0 0 0 2199 478 394 394 0 0 0 0 0 0 0 2198 1472 285 285 0 0 0 0 0 0 0 2200 1473 1248 1248 0 0 0 0 0 0 0 2991 1470 1246 1246 0 0 0 0 0 0 0 2225 1488 298 298 0 0 0 0 0 0 0 2224 1487 1261 1261 0 0 0 0 0 0 0 2243 1495 1269 1269 0 0 0 0 0 0 0 2244 1497 1271 1271 0 0 0 0 0 0 0 2245 471 389 389 0 0 0 0 0 0 0 2222 1472 285 285 0 0 0 0 0 0 0 2221 1485 1259 1259 0 0 0 0 0 0 0 2223 1486 1260 1260 0 0 0 0 0 0 0 2208 1474 1249 1249 0 0 0 0 0 0 0 3000 480 396 396 0 0 0 0 0 0 0 2209 516 432 432 0 0 0 0 0 0 0 2208 1474 1249 1249 0 0 0 0 0 0 0 2209 516 432 432 0 0 0 0 0 0 0 2210 472 388 388 0 0 0 0 0 0 0 2211 1477 1251 1251 0 0 0 0 0 0 0 2212 1477 1252 1252 0 0 0 0 0 0 0 2213 1478 56 56 0 0 0 0 0 0 0 2213 1478 56 56 0 0 0 0 0 0 0 2212 1477 1252 1252 0 0 0 0 0 0 0 2214 1479 1253 1253 0 0 0 0 0 0 0 2228 1490 82 82 0 0 0 0 0 0 0 2256 1503 1275 1275 0 0 0 0 0 0 0 2247 1498 1272 1272 0 0 0 0 0 0 0 2249 1500 73 73 0 0 0 0 0 0 0 2228 1490 82 82 0 0 0 0 0 0 0 2250 1501 1274 1274 0 0 0 0 0 0 0 2247 1498 1272 1272 0 0 0 0 0 0 0 2229 1491 1263 1263 0 0 0 0 0 0 0 2228 1490 82 82 0 0 0 0 0 0 0 2256 1503 1275 1275 0 0 0 0 0 0 0 2228 1490 82 82 0 0 0 0 0 0 0 2249 1500 73 73 0 0 0 0 0 0 0 2228 1490 82 82 0 0 0 0 0 0 0 2229 1491 1263 1263 0 0 0 0 0 0 0 2230 1492 44 44 0 0 0 0 0 0 0 2249 1500 73 73 0 0 0 0 0 0 0 2251 1468 1244 1244 0 0 0 0 0 0 0 2256 1503 1275 1275 0 0 0 0 0 0 0 2258 1489 1262 1262 0 0 0 0 0 0 0 2256 1503 1275 1275 0 0 0 0 0 0 0 2251 1468 1244 1244 0 0 0 0 0 0 0 2282 1516 1284 1284 0 0 0 0 0 0 0 2247 1498 1272 1272 0 0 0 0 0 0 0 2256 1503 1275 1275 0 0 0 0 0 0 0 2247 1498 1272 1272 0 0 0 0 0 0 0 2246 1497 1271 1271 0 0 0 0 0 0 0 2271 1511 1280 1280 0 0 0 0 0 0 0 2248 1499 1273 1273 0 0 0 0 0 0 0 2247 1498 1272 1272 0 0 0 0 0 0 0 2282 1516 1284 1284 0 0 0 0 0 0 0 2272 1512 46 46 0 0 0 0 0 0 0 2229 1491 1263 1263 0 0 0 0 0 0 0 2247 1498 1272 1272 0 0 0 0 0 0 0 2271 1511 1280 1280 0 0 0 0 0 0 0 2272 1512 46 46 0 0 0 0 0 0 0 2247 1498 1272 1272 0 0 0 0 0 0 0 2246 1497 1271 1271 0 0 0 0 0 0 0 2247 1498 1272 1272 0 0 0 0 0 0 0 2248 1499 1273 1273 0 0 0 0 0 0 0 2248 1499 1273 1273 0 0 0 0 0 0 0 2992 1515 1283 1283 0 0 0 0 0 0 0 2246 1497 1271 1271 0 0 0 0 0 0 0 2246 1497 1271 1271 0 0 0 0 0 0 0 2241 1495 1269 1269 0 0 0 0 0 0 0 2268 1508 50 50 0 0 0 0 0 0 0 2270 1510 48 48 0 0 0 0 0 0 0 2271 1511 1280 1280 0 0 0 0 0 0 0 2246 1497 1271 1271 0 0 0 0 0 0 0 2246 1497 1271 1271 0 0 0 0 0 0 0 2269 1509 1279 1279 0 0 0 0 0 0 0 2270 1510 48 48 0 0 0 0 0 0 0 2268 1508 50 50 0 0 0 0 0 0 0 2269 1509 1279 1279 0 0 0 0 0 0 0 2246 1497 1271 1271 0 0 0 0 0 0 0 2993 471 389 389 0 0 0 0 0 0 0 2242 1496 1270 1270 0 0 0 0 0 0 0 2241 1495 1269 1269 0 0 0 0 0 0 0 2241 1495 1269 1269 0 0 0 0 0 0 0 2240 1494 1268 1268 0 0 0 0 0 0 0 2266 1506 53 53 0 0 0 0 0 0 0 2267 1507 1278 1278 0 0 0 0 0 0 0 2268 1508 50 50 0 0 0 0 0 0 0 2241 1495 1269 1269 0 0 0 0 0 0 0 2266 1506 53 53 0 0 0 0 0 0 0 2267 1507 1278 1278 0 0 0 0 0 0 0 2241 1495 1269 1269 0 0 0 0 0 0 0 2240 1494 1268 1268 0 0 0 0 0 0 0 2241 1495 1269 1269 0 0 0 0 0 0 0 2242 1496 1270 1270 0 0 0 0 0 0 0 2242 1496 1270 1270 0 0 0 0 0 0 0 2994 1514 1282 1282 0 0 0 0 0 0 0 2240 1494 1268 1268 0 0 0 0 0 0 0 2994 1514 1282 1282 0 0 0 0 0 0 0 2995 1482 1256 1256 0 0 0 0 0 0 0 2240 1494 1268 1268 0 0 0 0 0 0 0 2257 1487 1261 1261 0 0 0 0 0 0 0 2258 1489 1262 1262 0 0 0 0 0 0 0 2251 1468 1244 1244 0 0 0 0 0 0 0 2257 1487 1261 1261 0 0 0 0 0 0 0 2251 1468 1244 1244 0 0 0 0 0 0 0 2259 1470 1246 1246 0 0 0 0 0 0 0 2251 1468 1244 1244 0 0 0 0 0 0 0 2250 1501 1274 1274 0 0 0 0 0 0 0 2252 1469 1245 1245 0 0 0 0 0 0 0 2249 1500 73 73 0 0 0 0 0 0 0 2250 1501 1274 1274 0 0 0 0 0 0 0 2251 1468 1244 1244 0 0 0 0 0 0 0 2273 1513 1281 1281 0 0 0 0 0 0 0 2236 1478 56 56 0 0 0 0 0 0 0 2274 1481 1255 1255 0 0 0 0 0 0 0 2236 1478 56 56 0 0 0 0 0 0 0 2237 1494 1268 1268 0 0 0 0 0 0 0 2238 1481 1255 1255 0 0 0 0 0 0 0 2238 1481 1255 1255 0 0 0 0 0 0 0 2237 1494 1268 1268 0 0 0 0 0 0 0 2239 1482 1256 1256 0 0 0 0 0 0 0 2253 1490 82 82 0 0 0 0 0 0 0 2254 1492 44 44 0 0 0 0 0 0 0 2255 1502 83 83 0 0 0 0 0 0 0 2260 1479 1253 1253 0 0 0 0 0 0 0 2261 1504 1276 1276 0 0 0 0 0 0 0 2262 1478 56 56 0 0 0 0 0 0 0 2263 1494 1268 1268 0 0 0 0 0 0 0 2261 1504 1276 1276 0 0 0 0 0 0 0 2264 1505 1277 1277 0 0 0 0 0 0 0 2262 1478 56 56 0 0 0 0 0 0 0 2261 1504 1276 1276 0 0 0 0 0 0 0 2263 1494 1268 1268 0 0 0 0 0 0 0 2264 1505 1277 1277 0 0 0 0 0 0 0 2265 1506 53 53 0 0 0 0 0 0 0 2263 1494 1268 1268 0 0 0 0 0 0 0 2275 1482 1256 1256 0 0 0 0 0 0 0 2276 1514 1282 1282 0 0 0 0 0 0 0 2277 1483 1257 1257 0 0 0 0 0 0 0 2276 1514 1282 1282 0 0 0 0 0 0 0 2278 1496 1270 1270 0 0 0 0 0 0 0 2277 1483 1257 1257 0 0 0 0 0 0 0 2988 471 389 389 0 0 0 0 0 0 0 2277 1483 1257 1257 0 0 0 0 0 0 0 2278 1496 1270 1270 0 0 0 0 0 0 0 2290 1518 1286 1286 0 0 0 0 0 0 0 3289 531 447 447 0 0 0 0 0 0 0 2291 534 1290 1290 0 0 0 0 0 0 0 3288 1517 1285 1285 0 0 0 0 0 0 0 3289 531 447 447 0 0 0 0 0 0 0 2290 1518 1286 1286 0 0 0 0 0 0 0 2290 1518 1286 1286 0 0 0 0 0 0 0 2291 534 1290 1290 0 0 0 0 0 0 0 2292 1493 1264 1264 0 0 0 0 0 0 0 2391 1583 1322 1322 0 0 0 0 0 0 0 2400 1590 1328 1328 0 0 0 0 0 0 0 2399 1589 1327 1327 0 0 0 0 0 0 0 2393 1585 1324 1324 0 0 0 0 0 0 0 2400 1590 1328 1328 0 0 0 0 0 0 0 2391 1583 1322 1322 0 0 0 0 0 0 0 2391 1583 1322 1322 0 0 0 0 0 0 0 2392 1584 1323 1323 0 0 0 0 0 0 0 2393 1585 1324 1324 0 0 0 0 0 0 0 2398 1588 1326 1326 0 0 0 0 0 0 0 2399 1589 1327 1327 0 0 0 0 0 0 0 2400 1590 1328 1328 0 0 0 0 0 0 0 2396 1584 1323 1323 0 0 0 0 0 0 0 2402 1591 1329 1329 0 0 0 0 0 0 0 2394 1586 1270 1270 0 0 0 0 0 0 0 2394 1586 1270 1270 0 0 0 0 0 0 0 2395 1587 1325 1325 0 0 0 0 0 0 0 2396 1584 1323 1323 0 0 0 0 0 0 0 2401 1583 1322 1322 0 0 0 0 0 0 0 2402 1591 1329 1329 0 0 0 0 0 0 0 2396 1584 1323 1323 0 0 0 0 0 0 0 2396 1584 1323 1323 0 0 0 0 0 0 0 2395 1587 1325 1325 0 0 0 0 0 0 0 2397 1585 1324 1324 0 0 0 0 0 0 0 2402 1591 1329 1329 0 0 0 0 0 0 0 2401 1583 1322 1322 0 0 0 0 0 0 0 2403 1588 1326 1326 0 0 0 0 0 0 0 2403 1588 1326 1326 0 0 0 0 0 0 0 2401 1583 1322 1322 0 0 0 0 0 0 0 2404 1589 1327 1327 0 0 0 0 0 0 0 3235 1594 1331 1331 0 0 0 0 0 0 0 3236 2024 1591 1591 0 0 0 0 0 0 0 2405 1592 1323 1323 0 0 0 0 0 0 0 2405 1592 1323 1323 0 0 0 0 0 0 0 2406 1593 1330 1330 0 0 0 0 0 0 0 2407 1594 1331 1331 0 0 0 0 0 0 0 2407 1594 1331 1331 0 0 0 0 0 0 0 2406 1593 1330 1330 0 0 0 0 0 0 0 2408 1595 1332 1332 0 0 0 0 0 0 0 2408 1595 1332 1332 0 0 0 0 0 0 0 3237 1597 1334 1334 0 0 0 0 0 0 0 2407 1594 1331 1331 0 0 0 0 0 0 0 2409 1596 1333 1333 0 0 0 0 0 0 0 2410 1597 1334 1334 0 0 0 0 0 0 0 2411 1595 1332 1332 0 0 0 0 0 0 0 2412 1598 1335 1335 0 0 0 0 0 0 0 2414 1600 1257 1257 0 0 0 0 0 0 0 2422 1606 1340 1340 0 0 0 0 0 0 0 2412 1598 1335 1335 0 0 0 0 0 0 0 2413 1599 1336 1336 0 0 0 0 0 0 0 2414 1600 1257 1257 0 0 0 0 0 0 0 2423 1607 1341 1341 0 0 0 0 0 0 0 2422 1606 1340 1340 0 0 0 0 0 0 0 2414 1600 1257 1257 0 0 0 0 0 0 0 2414 1600 1257 1257 0 0 0 0 0 0 0 2413 1599 1336 1336 0 0 0 0 0 0 0 2415 1601 1327 1327 0 0 0 0 0 0 0 2421 1605 1339 1339 0 0 0 0 0 0 0 2422 1606 1340 1340 0 0 0 0 0 0 0 2423 1607 1341 1341 0 0 0 0 0 0 0 2416 1602 1337 1337 0 0 0 0 0 0 0 2418 1599 1336 1336 0 0 0 0 0 0 0 3234 1598 1335 1335 0 0 0 0 0 0 0 3234 1598 1335 1335 0 0 0 0 0 0 0 3233 1605 1339 1339 0 0 0 0 0 0 0 2416 1602 1337 1337 0 0 0 0 0 0 0 2416 1602 1337 1337 0 0 0 0 0 0 0 2417 1603 1338 1338 0 0 0 0 0 0 0 2418 1599 1336 1336 0 0 0 0 0 0 0 2420 1604 1330 1330 0 0 0 0 0 0 0 2418 1599 1336 1336 0 0 0 0 0 0 0 2417 1603 1338 1338 0 0 0 0 0 0 0 2419 1601 1327 1327 0 0 0 0 0 0 0 2418 1599 1336 1336 0 0 0 0 0 0 0 2420 1604 1330 1330 0 0 0 0 0 0 0 3232 1606 1340 1340 0 0 0 0 0 0 0 3233 1605 1339 1339 0 0 0 0 0 0 0 3234 1598 1335 1335 0 0 0 0 0 0 0 2424 1608 1337 1337 0 0 0 0 0 0 0 2425 1609 1256 1256 0 0 0 0 0 0 0 2426 1610 1342 1342 0 0 0 0 0 0 0 2425 1609 1256 1256 0 0 0 0 0 0 0 2427 1611 1336 1336 0 0 0 0 0 0 0 2426 1610 1342 1342 0 0 0 0 0 0 0 3231 1612 1343 1343 0 0 0 0 0 0 0 2426 1610 1342 1342 0 0 0 0 0 0 0 2427 1611 1336 1336 0 0 0 0 0 0 0 2428 1611 1336 1336 0 0 0 0 0 0 0 2429 1609 1256 1256 0 0 0 0 0 0 0 2430 1612 1343 1343 0 0 0 0 0 0 0 2430 1612 1343 1343 0 0 0 0 0 0 0 2429 1609 1256 1256 0 0 0 0 0 0 0 2431 1613 1344 1344 0 0 0 0 0 0 0 2432 1612 1343 1343 0 0 0 0 0 0 0 2431 1613 1344 1344 0 0 0 0 0 0 0 2433 1609 1256 1256 0 0 0 0 0 0 0 2432 1612 1343 1343 0 0 0 0 0 0 0 2433 1609 1256 1256 0 0 0 0 0 0 0 2434 1610 1342 1342 0 0 0 0 0 0 0 2435 1614 1345 1345 0 0 0 0 0 0 0 2436 1615 1346 1346 0 0 0 0 0 0 0 2437 1616 1347 1347 0 0 0 0 0 0 0 2438 1617 1348 1348 0 0 0 0 0 0 0 2439 1617 1347 1347 0 0 0 0 0 0 0 2440 1617 1346 1346 0 0 0 0 0 0 0 3224 2021 1351 1351 0 0 0 0 0 0 0 2446 1623 1354 1354 0 0 0 0 0 0 0 2441 1618 1349 1349 0 0 0 0 0 0 0 2444 1621 1352 1352 0 0 0 0 0 0 0 2441 1618 1349 1349 0 0 0 0 0 0 0 2446 1623 1354 1354 0 0 0 0 0 0 0 2441 1618 1349 1349 0 0 0 0 0 0 0 2445 1622 1353 1353 0 0 0 0 0 0 0 2442 1619 1350 1350 0 0 0 0 0 0 0 2444 1621 1352 1352 0 0 0 0 0 0 0 2445 1622 1353 1353 0 0 0 0 0 0 0 2441 1618 1349 1349 0 0 0 0 0 0 0 2441 1618 1349 1349 0 0 0 0 0 0 0 2442 1619 1350 1350 0 0 0 0 0 0 0 2443 1620 1351 1351 0 0 0 0 0 0 0 3223 2020 1354 1354 0 0 0 0 0 0 0 2443 1620 1351 1351 0 0 0 0 0 0 0 2442 1619 1350 1350 0 0 0 0 0 0 0 3214 1627 1358 1358 0 0 0 0 0 0 0 2447 1624 1355 1355 0 0 0 0 0 0 0 2449 1626 1357 1357 0 0 0 0 0 0 0 2447 1624 1355 1355 0 0 0 0 0 0 0 2448 1625 1356 1356 0 0 0 0 0 0 0 2449 1626 1357 1357 0 0 0 0 0 0 0 2450 1627 1358 1358 0 0 0 0 0 0 0 2451 1628 1356 1356 0 0 0 0 0 0 0 2452 1624 1355 1355 0 0 0 0 0 0 0 2455 1631 1361 1361 0 0 0 0 0 0 0 3210 2016 1452 1452 0 0 0 0 0 0 0 2453 1629 1359 1359 0 0 0 0 0 0 0 2453 1629 1359 1359 0 0 0 0 0 0 0 2454 1630 1360 1360 0 0 0 0 0 0 0 2455 1631 1361 1361 0 0 0 0 0 0 0 2456 1632 1362 1362 0 0 0 0 0 0 0 2457 1633 1363 1363 0 0 0 0 0 0 0 2458 1634 1364 1364 0 0 0 0 0 0 0 2457 1633 1363 1363 0 0 0 0 0 0 0 2469 1644 1370 1370 0 0 0 0 0 0 0 2476 1649 1374 1374 0 0 0 0 0 0 0 2458 1634 1364 1364 0 0 0 0 0 0 0 2457 1633 1363 1363 0 0 0 0 0 0 0 2476 1649 1374 1374 0 0 0 0 0 0 0 2457 1633 1363 1363 0 0 0 0 0 0 0 2467 1642 1369 1369 0 0 0 0 0 0 0 2469 1644 1370 1370 0 0 0 0 0 0 0 2467 1642 1369 1369 0 0 0 0 0 0 0 2457 1633 1363 1363 0 0 0 0 0 0 0 2468 1643 1368 1368 0 0 0 0 0 0 0 2460 1636 1366 1366 0 0 0 0 0 0 0 2982 1965 1443 1443 0 0 0 0 0 0 0 2458 1634 1364 1364 0 0 0 0 0 0 0 2477 1650 1375 1375 0 0 0 0 0 0 0 2459 1635 1365 1365 0 0 0 0 0 0 0 2458 1634 1364 1364 0 0 0 0 0 0 0 2477 1650 1375 1375 0 0 0 0 0 0 0 2458 1634 1364 1364 0 0 0 0 0 0 0 2476 1649 1374 1374 0 0 0 0 0 0 0 2458 1634 1364 1364 0 0 0 0 0 0 0 2459 1635 1365 1365 0 0 0 0 0 0 0 2460 1636 1366 1366 0 0 0 0 0 0 0 2469 1644 1370 1370 0 0 0 0 0 0 0 2480 1653 1377 1377 0 0 0 0 0 0 0 2476 1649 1374 1374 0 0 0 0 0 0 0 2476 1649 1374 1374 0 0 0 0 0 0 0 2479 1652 395 395 0 0 0 0 0 0 0 2477 1650 1375 1375 0 0 0 0 0 0 0 2478 1651 1376 1376 0 0 0 0 0 0 0 2477 1650 1375 1375 0 0 0 0 0 0 0 2487 1660 1384 1384 0 0 0 0 0 0 0 2479 1652 395 395 0 0 0 0 0 0 0 2487 1660 1384 1384 0 0 0 0 0 0 0 2477 1650 1375 1375 0 0 0 0 0 0 0 2477 1650 1375 1375 0 0 0 0 0 0 0 2478 1651 1376 1376 0 0 0 0 0 0 0 2459 1635 1365 1365 0 0 0 0 0 0 0 2460 1636 1366 1366 0 0 0 0 0 0 0 2459 1635 1365 1365 0 0 0 0 0 0 0 2481 1654 1378 1378 0 0 0 0 0 0 0 2483 1656 1380 1380 0 0 0 0 0 0 0 2459 1635 1365 1365 0 0 0 0 0 0 0 2478 1651 1376 1376 0 0 0 0 0 0 0 2483 1656 1380 1380 0 0 0 0 0 0 0 2481 1654 1378 1378 0 0 0 0 0 0 0 2459 1635 1365 1365 0 0 0 0 0 0 0 2482 1655 1379 1379 0 0 0 0 0 0 0 2982 1965 1443 1443 0 0 0 0 0 0 0 2460 1636 1366 1366 0 0 0 0 0 0 0 2460 1636 1366 1366 0 0 0 0 0 0 0 2481 1654 1378 1378 0 0 0 0 0 0 0 2482 1655 1379 1379 0 0 0 0 0 0 0 2495 1668 1392 1392 0 0 0 0 0 0 0 2482 1655 1379 1379 0 0 0 0 0 0 0 2481 1654 1378 1378 0 0 0 0 0 0 0 2504 1673 1394 1394 0 0 0 0 0 0 0 2495 1668 1392 1392 0 0 0 0 0 0 0 2481 1654 1378 1378 0 0 0 0 0 0 0 2483 1656 1380 1380 0 0 0 0 0 0 0 2504 1673 1394 1394 0 0 0 0 0 0 0 2481 1654 1378 1378 0 0 0 0 0 0 0 2478 1651 1376 1376 0 0 0 0 0 0 0 2489 1662 1386 1386 0 0 0 0 0 0 0 2483 1656 1380 1380 0 0 0 0 0 0 0 2504 1673 1394 1394 0 0 0 0 0 0 0 2483 1656 1380 1380 0 0 0 0 0 0 0 2489 1662 1386 1386 0 0 0 0 0 0 0 2500 1671 1284 1284 0 0 0 0 0 0 0 2478 1651 1376 1376 0 0 0 0 0 0 0 2512 1670 1393 1393 0 0 0 0 0 0 0 2478 1651 1376 1376 0 0 0 0 0 0 0 2500 1671 1284 1284 0 0 0 0 0 0 0 2488 1661 1385 1385 0 0 0 0 0 0 0 2492 1665 1389 1389 0 0 0 0 0 0 0 2496 1669 119 119 0 0 0 0 0 0 0 2478 1651 1376 1376 0 0 0 0 0 0 0 2487 1660 1384 1384 0 0 0 0 0 0 0 2492 1665 1389 1389 0 0 0 0 0 0 0 2478 1651 1376 1376 0 0 0 0 0 0 0 2478 1651 1376 1376 0 0 0 0 0 0 0 2488 1661 1385 1385 0 0 0 0 0 0 0 2489 1662 1386 1386 0 0 0 0 0 0 0 2487 1660 1384 1384 0 0 0 0 0 0 0 2479 1652 395 395 0 0 0 0 0 0 0 2970 1958 285 285 0 0 0 0 0 0 0 2492 1665 1389 1389 0 0 0 0 0 0 0 2487 1660 1384 1384 0 0 0 0 0 0 0 2969 1957 118 118 0 0 0 0 0 0 0 2496 1669 119 119 0 0 0 0 0 0 0 2492 1665 1389 1389 0 0 0 0 0 0 0 2968 1956 120 120 0 0 0 0 0 0 0 2489 1662 1386 1386 0 0 0 0 0 0 0 2488 1661 1385 1385 0 0 0 0 0 0 0 2504 1673 1394 1394 0 0 0 0 0 0 0 2488 1661 1385 1385 0 0 0 0 0 0 0 2967 1955 1358 1358 0 0 0 0 0 0 0 2504 1673 1394 1394 0 0 0 0 0 0 0 2488 1661 1385 1385 0 0 0 0 0 0 0 2966 1681 1356 1356 0 0 0 0 0 0 0 2967 1955 1358 1358 0 0 0 0 0 0 0 2500 1671 1284 1284 0 0 0 0 0 0 0 2510 1677 1355 1355 0 0 0 0 0 0 0 2488 1661 1385 1385 0 0 0 0 0 0 0 2511 1678 1357 1357 0 0 0 0 0 0 0 2504 1673 1394 1394 0 0 0 0 0 0 0 2967 1955 1358 1358 0 0 0 0 0 0 0 2493 1666 1390 1390 0 0 0 0 0 0 0 2495 1668 1392 1392 0 0 0 0 0 0 0 2504 1673 1394 1394 0 0 0 0 0 0 0 2504 1673 1394 1394 0 0 0 0 0 0 0 2511 1678 1357 1357 0 0 0 0 0 0 0 2493 1666 1390 1390 0 0 0 0 0 0 0 2495 1668 1392 1392 0 0 0 0 0 0 0 2494 1667 1391 1391 0 0 0 0 0 0 0 2482 1655 1379 1379 0 0 0 0 0 0 0 2493 1666 1390 1390 0 0 0 0 0 0 0 2494 1667 1391 1391 0 0 0 0 0 0 0 2495 1668 1392 1392 0 0 0 0 0 0 0 2514 1680 1354 1354 0 0 0 0 0 0 0 3209 2015 1350 1350 0 0 0 0 0 0 0 2510 1677 1355 1355 0 0 0 0 0 0 0 2500 1671 1284 1284 0 0 0 0 0 0 0 2514 1680 1354 1354 0 0 0 0 0 0 0 2510 1677 1355 1355 0 0 0 0 0 0 0 2512 1670 1393 1393 0 0 0 0 0 0 0 2513 1679 1398 1398 0 0 0 0 0 0 0 2500 1671 1284 1284 0 0 0 0 0 0 0 2461 1637 1367 1367 0 0 0 0 0 0 0 2462 1638 1261 1261 0 0 0 0 0 0 0 2463 1639 1362 1362 0 0 0 0 0 0 0 2464 1638 1261 1261 0 0 0 0 0 0 0 2466 1641 1363 1363 0 0 0 0 0 0 0 2983 1639 1362 1362 0 0 0 0 0 0 0 2464 1638 1261 1261 0 0 0 0 0 0 0 2465 1640 1368 1368 0 0 0 0 0 0 0 2466 1641 1363 1363 0 0 0 0 0 0 0 2470 1645 1371 1371 0 0 0 0 0 0 0 2472 1647 1373 1373 0 0 0 0 0 0 0 2980 1964 1367 1367 0 0 0 0 0 0 0 2979 1963 1362 1362 0 0 0 0 0 0 0 2470 1645 1371 1371 0 0 0 0 0 0 0 2980 1964 1367 1367 0 0 0 0 0 0 0 2470 1645 1371 1371 0 0 0 0 0 0 0 2979 1963 1362 1362 0 0 0 0 0 0 0 2484 1657 1381 1381 0 0 0 0 0 0 0 2977 1960 1442 1442 0 0 0 0 0 0 0 2471 1646 1372 1372 0 0 0 0 0 0 0 2470 1645 1371 1371 0 0 0 0 0 0 0 2470 1645 1371 1371 0 0 0 0 0 0 0 2486 1659 1383 1383 0 0 0 0 0 0 0 2490 1663 1387 1387 0 0 0 0 0 0 0 2491 1664 1388 1388 0 0 0 0 0 0 0 2971 1959 1566 1566 0 0 0 0 0 0 0 2470 1645 1371 1371 0 0 0 0 0 0 0 2470 1645 1371 1371 0 0 0 0 0 0 0 2490 1663 1387 1387 0 0 0 0 0 0 0 2491 1664 1388 1388 0 0 0 0 0 0 0 2486 1659 1383 1383 0 0 0 0 0 0 0 2470 1645 1371 1371 0 0 0 0 0 0 0 2485 1658 1382 1382 0 0 0 0 0 0 0 2470 1645 1371 1371 0 0 0 0 0 0 0 2484 1657 1381 1381 0 0 0 0 0 0 0 2485 1658 1382 1382 0 0 0 0 0 0 0 2470 1645 1371 1371 0 0 0 0 0 0 0 2471 1646 1372 1372 0 0 0 0 0 0 0 2472 1647 1373 1373 0 0 0 0 0 0 0 2484 1657 1381 1381 0 0 0 0 0 0 0 2975 1961 1567 1567 0 0 0 0 0 0 0 2485 1658 1382 1382 0 0 0 0 0 0 0 2975 1961 1567 1567 0 0 0 0 0 0 0 2505 1667 1391 1391 0 0 0 0 0 0 0 2485 1658 1382 1382 0 0 0 0 0 0 0 2486 1659 1383 1383 0 0 0 0 0 0 0 2485 1658 1382 1382 0 0 0 0 0 0 0 2505 1667 1391 1391 0 0 0 0 0 0 0 2981 1965 1443 1443 0 0 0 0 0 0 0 2484 1657 1381 1381 0 0 0 0 0 0 0 2979 1963 1362 1362 0 0 0 0 0 0 0 2975 1961 1567 1567 0 0 0 0 0 0 0 2484 1657 1381 1381 0 0 0 0 0 0 0 2981 1965 1443 1443 0 0 0 0 0 0 0 2975 1961 1567 1567 0 0 0 0 0 0 0 2981 1965 1443 1443 0 0 0 0 0 0 0 2976 1655 1379 1379 0 0 0 0 0 0 0 2505 1667 1391 1391 0 0 0 0 0 0 0 2975 1961 1567 1567 0 0 0 0 0 0 0 2976 1655 1379 1379 0 0 0 0 0 0 0 2509 1666 1390 1390 0 0 0 0 0 0 0 2506 1674 1395 1395 0 0 0 0 0 0 0 2505 1667 1391 1391 0 0 0 0 0 0 0 2505 1667 1391 1391 0 0 0 0 0 0 0 2506 1674 1395 1395 0 0 0 0 0 0 0 2486 1659 1383 1383 0 0 0 0 0 0 0 2490 1663 1387 1387 0 0 0 0 0 0 0 2486 1659 1383 1383 0 0 0 0 0 0 0 2506 1674 1395 1395 0 0 0 0 0 0 0 2508 1676 1397 1397 0 0 0 0 0 0 0 2491 1664 1388 1388 0 0 0 0 0 0 0 2490 1663 1387 1387 0 0 0 0 0 0 0 2490 1663 1387 1387 0 0 0 0 0 0 0 2506 1674 1395 1395 0 0 0 0 0 0 0 2507 1675 1396 1396 0 0 0 0 0 0 0 2507 1675 1396 1396 0 0 0 0 0 0 0 2508 1676 1397 1397 0 0 0 0 0 0 0 2490 1663 1387 1387 0 0 0 0 0 0 0 2507 1675 1396 1396 0 0 0 0 0 0 0 2506 1674 1395 1395 0 0 0 0 0 0 0 2520 1684 1401 1401 0 0 0 0 0 0 0 2509 1666 1390 1390 0 0 0 0 0 0 0 2520 1684 1401 1401 0 0 0 0 0 0 0 2506 1674 1395 1395 0 0 0 0 0 0 0 2509 1666 1390 1390 0 0 0 0 0 0 0 2521 1678 1357 1357 0 0 0 0 0 0 0 2520 1684 1401 1401 0 0 0 0 0 0 0 2520 1684 1401 1401 0 0 0 0 0 0 0 2529 1690 1406 1406 0 0 0 0 0 0 0 2533 1693 1407 1407 0 0 0 0 0 0 0 2533 1693 1407 1407 0 0 0 0 0 0 0 2525 1686 1403 1403 0 0 0 0 0 0 0 2520 1684 1401 1401 0 0 0 0 0 0 0 2521 1678 1357 1357 0 0 0 0 0 0 0 2529 1690 1406 1406 0 0 0 0 0 0 0 2520 1684 1401 1401 0 0 0 0 0 0 0 2518 1682 1399 1399 0 0 0 0 0 0 0 2520 1684 1401 1401 0 0 0 0 0 0 0 2525 1686 1403 1403 0 0 0 0 0 0 0 2507 1675 1396 1396 0 0 0 0 0 0 0 2520 1684 1401 1401 0 0 0 0 0 0 0 2518 1682 1399 1399 0 0 0 0 0 0 0 2508 1676 1397 1397 0 0 0 0 0 0 0 2507 1675 1396 1396 0 0 0 0 0 0 0 2519 1683 1400 1400 0 0 0 0 0 0 0 2507 1675 1396 1396 0 0 0 0 0 0 0 2518 1682 1399 1399 0 0 0 0 0 0 0 2519 1683 1400 1400 0 0 0 0 0 0 0 2529 1690 1406 1406 0 0 0 0 0 0 0 2537 1696 1410 1410 0 0 0 0 0 0 0 2533 1693 1407 1407 0 0 0 0 0 0 0 2529 1690 1406 1406 0 0 0 0 0 0 0 2532 1692 1356 1356 0 0 0 0 0 0 0 2531 1689 1405 1405 0 0 0 0 0 0 0 2537 1696 1410 1410 0 0 0 0 0 0 0 2529 1690 1406 1406 0 0 0 0 0 0 0 2535 1694 1408 1408 0 0 0 0 0 0 0 2535 1694 1408 1408 0 0 0 0 0 0 0 2529 1690 1406 1406 0 0 0 0 0 0 0 2531 1689 1405 1405 0 0 0 0 0 0 0 2521 1678 1357 1357 0 0 0 0 0 0 0 2532 1692 1356 1356 0 0 0 0 0 0 0 2529 1690 1406 1406 0 0 0 0 0 0 0 3208 1677 1355 1355 0 0 0 0 0 0 0 3207 2015 1350 1350 0 0 0 0 0 0 0 2532 1692 1356 1356 0 0 0 0 0 0 0 3207 2015 1350 1350 0 0 0 0 0 0 0 2530 1691 1402 1402 0 0 0 0 0 0 0 2532 1692 1356 1356 0 0 0 0 0 0 0 2530 1691 1402 1402 0 0 0 0 0 0 0 2531 1689 1405 1405 0 0 0 0 0 0 0 2532 1692 1356 1356 0 0 0 0 0 0 0 2534 1688 1404 1404 0 0 0 0 0 0 0 2535 1694 1408 1408 0 0 0 0 0 0 0 2531 1689 1405 1405 0 0 0 0 0 0 0 2475 1638 1261 1261 0 0 0 0 0 0 0 2978 1962 1367 1367 0 0 0 0 0 0 0 2473 1648 1373 1373 0 0 0 0 0 0 0 2473 1648 1373 1373 0 0 0 0 0 0 0 2474 1640 1368 1368 0 0 0 0 0 0 0 2475 1638 1261 1261 0 0 0 0 0 0 0 2497 1669 119 119 0 0 0 0 0 0 0 2498 1670 1393 1393 0 0 0 0 0 0 0 2499 1651 1376 1376 0 0 0 0 0 0 0 2501 1672 120 120 0 0 0 0 0 0 0 2502 1670 1393 1393 0 0 0 0 0 0 0 2503 1669 119 119 0 0 0 0 0 0 0 2515 1661 1385 1385 0 0 0 0 0 0 0 2516 1677 1355 1355 0 0 0 0 0 0 0 2517 1681 1356 1356 0 0 0 0 0 0 0 2522 1685 1354 1354 0 0 0 0 0 0 0 2523 1685 1402 1402 0 0 0 0 0 0 0 2524 1685 1350 1350 0 0 0 0 0 0 0 2522 1685 1354 1354 0 0 0 0 0 0 0 2523 1685 1402 1402 0 0 0 0 0 0 0 2524 1685 1350 1350 0 0 0 0 0 0 0 2528 1689 1405 1405 0 0 0 0 0 0 0 2964 1954 1354 1354 0 0 0 0 0 0 0 2526 1687 1273 1273 0 0 0 0 0 0 0 2526 1687 1273 1273 0 0 0 0 0 0 0 2536 1695 1409 1409 0 0 0 0 0 0 0 2527 1688 1404 1404 0 0 0 0 0 0 0 2526 1687 1273 1273 0 0 0 0 0 0 0 2527 1688 1404 1404 0 0 0 0 0 0 0 2528 1689 1405 1405 0 0 0 0 0 0 0 2964 1954 1354 1354 0 0 0 0 0 0 0 2528 1689 1405 1405 0 0 0 0 0 0 0 2965 1691 1402 1402 0 0 0 0 0 0 0 2540 1699 1412 1412 0 0 0 0 0 0 0 2545 1702 1414 1414 0 0 0 0 0 0 0 2538 1697 1261 1261 0 0 0 0 0 0 0 2539 1698 1411 1411 0 0 0 0 0 0 0 2538 1697 1261 1261 0 0 0 0 0 0 0 2553 1709 1367 1367 0 0 0 0 0 0 0 2544 1703 1367 1367 0 0 0 0 0 0 0 2538 1697 1261 1261 0 0 0 0 0 0 0 2545 1702 1414 1414 0 0 0 0 0 0 0 2538 1697 1261 1261 0 0 0 0 0 0 0 2539 1698 1411 1411 0 0 0 0 0 0 0 2540 1699 1412 1412 0 0 0 0 0 0 0 2545 1702 1414 1414 0 0 0 0 0 0 0 2546 1704 1362 1362 0 0 0 0 0 0 0 2544 1703 1367 1367 0 0 0 0 0 0 0 2553 1709 1367 1367 0 0 0 0 0 0 0 2961 1710 1362 1362 0 0 0 0 0 0 0 2552 1708 1418 1418 0 0 0 0 0 0 0 2552 1708 1418 1418 0 0 0 0 0 0 0 2539 1698 1411 1411 0 0 0 0 0 0 0 2553 1709 1367 1367 0 0 0 0 0 0 0 2543 1702 1414 1414 0 0 0 0 0 0 0 2962 1953 1368 1368 0 0 0 0 0 0 0 2541 1700 1413 1413 0 0 0 0 0 0 0 2541 1700 1413 1413 0 0 0 0 0 0 0 2542 1701 1370 1370 0 0 0 0 0 0 0 2543 1702 1414 1414 0 0 0 0 0 0 0 2543 1702 1414 1414 0 0 0 0 0 0 0 2963 1699 1412 1412 0 0 0 0 0 0 0 2962 1953 1368 1368 0 0 0 0 0 0 0 2542 1701 1370 1370 0 0 0 0 0 0 0 2550 1707 1417 1417 0 0 0 0 0 0 0 2543 1702 1414 1414 0 0 0 0 0 0 0 2547 1702 1414 1414 0 0 0 0 0 0 0 2549 1706 1416 1416 0 0 0 0 0 0 0 2551 1704 1362 1362 0 0 0 0 0 0 0 2547 1702 1414 1414 0 0 0 0 0 0 0 2548 1705 1415 1415 0 0 0 0 0 0 0 2549 1706 1416 1416 0 0 0 0 0 0 0 2554 1706 1416 1416 0 0 0 0 0 0 0 2555 1708 1418 1418 0 0 0 0 0 0 0 2556 1710 1362 1362 0 0 0 0 0 0 0 2557 1705 1415 1415 0 0 0 0 0 0 0 2957 1702 1414 1414 0 0 0 0 0 0 0 2558 1707 1417 1417 0 0 0 0 0 0 0 2557 1705 1415 1415 0 0 0 0 0 0 0 2558 1707 1417 1417 0 0 0 0 0 0 0 2559 1711 1419 1419 0 0 0 0 0 0 0 2560 1712 1365 1365 0 0 0 0 0 0 0 2561 1713 1420 1420 0 0 0 0 0 0 0 2562 1714 1366 1366 0 0 0 0 0 0 0 2953 1951 1565 1565 0 0 0 0 0 0 0 2562 1714 1366 1366 0 0 0 0 0 0 0 2561 1713 1420 1420 0 0 0 0 0 0 0 2564 1716 1422 1422 0 0 0 0 0 0 0 2563 1715 1421 1421 0 0 0 0 0 0 0 2952 1718 1424 1424 0 0 0 0 0 0 0 2563 1715 1421 1421 0 0 0 0 0 0 0 2564 1716 1422 1422 0 0 0 0 0 0 0 2565 1717 1423 1423 0 0 0 0 0 0 0 2567 1718 1424 1424 0 0 0 0 0 0 0 2566 1717 1423 1423 0 0 0 0 0 0 0 2951 1716 1422 1422 0 0 0 0 0 0 0 2566 1717 1423 1423 0 0 0 0 0 0 0 2567 1718 1424 1424 0 0 0 0 0 0 0 2568 1715 1421 1421 0 0 0 0 0 0 0 2569 1719 1425 1425 0 0 0 0 0 0 0 2570 1720 1426 1426 0 0 0 0 0 0 0 2571 1721 1427 1427 0 0 0 0 0 0 0 2572 1721 1427 1427 0 0 0 0 0 0 0 2573 1722 1428 1428 0 0 0 0 0 0 0 2574 1719 1425 1425 0 0 0 0 0 0 0 2573 1722 1428 1428 0 0 0 0 0 0 0 2575 1720 1426 1426 0 0 0 0 0 0 0 2574 1719 1425 1425 0 0 0 0 0 0 0 2577 1724 1429 1429 0 0 0 0 0 0 0 2576 1723 1404 1404 0 0 0 0 0 0 0 2947 1950 1564 1564 0 0 0 0 0 0 0 2576 1723 1404 1404 0 0 0 0 0 0 0 2577 1724 1429 1429 0 0 0 0 0 0 0 2578 1725 1430 1430 0 0 0 0 0 0 0 2586 1733 1355 1355 0 0 0 0 0 0 0 2579 1726 1402 1402 0 0 0 0 0 0 0 2581 1728 1431 1431 0 0 0 0 0 0 0 2585 1732 1349 1349 0 0 0 0 0 0 0 2579 1726 1402 1402 0 0 0 0 0 0 0 2586 1733 1355 1355 0 0 0 0 0 0 0 2579 1726 1402 1402 0 0 0 0 0 0 0 2580 1727 1354 1354 0 0 0 0 0 0 0 2581 1728 1431 1431 0 0 0 0 0 0 0 2945 1731 1433 1433 0 0 0 0 0 0 0 2586 1733 1355 1355 0 0 0 0 0 0 0 2581 1728 1431 1431 0 0 0 0 0 0 0 2938 1730 131 131 0 0 0 0 0 0 0 2585 1732 1349 1349 0 0 0 0 0 0 0 2586 1733 1355 1355 0 0 0 0 0 0 0 2581 1728 1431 1431 0 0 0 0 0 0 0 2580 1727 1354 1354 0 0 0 0 0 0 0 2588 1735 1435 1435 0 0 0 0 0 0 0 2580 1727 1354 1354 0 0 0 0 0 0 0 3203 1732 1349 1349 0 0 0 0 0 0 0 2587 1734 1434 1434 0 0 0 0 0 0 0 3202 2014 1351 1351 0 0 0 0 0 0 0 3203 1732 1349 1349 0 0 0 0 0 0 0 2580 1727 1354 1354 0 0 0 0 0 0 0 2587 1734 1434 1434 0 0 0 0 0 0 0 2588 1735 1435 1435 0 0 0 0 0 0 0 2580 1727 1354 1354 0 0 0 0 0 0 0 2582 1729 1432 1432 0 0 0 0 0 0 0 2594 1734 1434 1434 0 0 0 0 0 0 0 2583 1730 131 131 0 0 0 0 0 0 0 2582 1729 1432 1432 0 0 0 0 0 0 0 2583 1730 131 131 0 0 0 0 0 0 0 2584 1731 1433 1433 0 0 0 0 0 0 0 2593 1732 1349 1349 0 0 0 0 0 0 0 2583 1730 131 131 0 0 0 0 0 0 0 2594 1734 1434 1434 0 0 0 0 0 0 0 2584 1731 1433 1433 0 0 0 0 0 0 0 2583 1730 131 131 0 0 0 0 0 0 0 2592 1733 1355 1355 0 0 0 0 0 0 0 2589 1736 1351 1351 0 0 0 0 0 0 0 2590 1737 1354 1354 0 0 0 0 0 0 0 2591 1726 1402 1402 0 0 0 0 0 0 0 2595 1738 1436 1436 0 0 0 0 0 0 0 2604 1744 1440 1440 0 0 0 0 0 0 0 2596 1739 1437 1437 0 0 0 0 0 0 0 2595 1738 1436 1436 0 0 0 0 0 0 0 2596 1739 1437 1437 0 0 0 0 0 0 0 2597 1740 1412 1412 0 0 0 0 0 0 0 2598 1740 1412 1412 0 0 0 0 0 0 0 2599 1739 1437 1437 0 0 0 0 0 0 0 2600 1741 1368 1368 0 0 0 0 0 0 0 2606 1746 1441 1441 0 0 0 0 0 0 0 2602 1742 1438 1438 0 0 0 0 0 0 0 2601 1740 1412 1412 0 0 0 0 0 0 0 2601 1740 1412 1412 0 0 0 0 0 0 0 2605 1745 1367 1367 0 0 0 0 0 0 0 2606 1746 1441 1441 0 0 0 0 0 0 0 2601 1740 1412 1412 0 0 0 0 0 0 0 2602 1742 1438 1438 0 0 0 0 0 0 0 2603 1743 1439 1439 0 0 0 0 0 0 0 2606 1746 1441 1441 0 0 0 0 0 0 0 2605 1745 1367 1367 0 0 0 0 0 0 0 2613 1748 1442 1442 0 0 0 0 0 0 0 2608 1747 1363 1363 0 0 0 0 0 0 0 2607 1740 1412 1412 0 0 0 0 0 0 0 2934 1948 1368 1368 0 0 0 0 0 0 0 2607 1740 1412 1412 0 0 0 0 0 0 0 2608 1747 1363 1363 0 0 0 0 0 0 0 2609 1745 1367 1367 0 0 0 0 0 0 0 2610 1747 1363 1363 0 0 0 0 0 0 0 2611 1640 1368 1368 0 0 0 0 0 0 0 2612 1648 1373 1373 0 0 0 0 0 0 0 2614 1749 1373 1373 0 0 0 0 0 0 0 2615 1748 1442 1442 0 0 0 0 0 0 0 2616 1745 1367 1367 0 0 0 0 0 0 0 2930 1755 1445 1445 0 0 0 0 0 0 0 2617 1750 1364 1364 0 0 0 0 0 0 0 2619 1752 1444 1444 0 0 0 0 0 0 0 2617 1750 1364 1364 0 0 0 0 0 0 0 2618 1751 1443 1443 0 0 0 0 0 0 0 2619 1752 1444 1444 0 0 0 0 0 0 0 2928 1752 1444 1444 0 0 0 0 0 0 0 2929 1751 1443 1443 0 0 0 0 0 0 0 2620 1753 1362 1362 0 0 0 0 0 0 0 2622 1755 1445 1445 0 0 0 0 0 0 0 2928 1752 1444 1444 0 0 0 0 0 0 0 2620 1753 1362 1362 0 0 0 0 0 0 0 2620 1753 1362 1362 0 0 0 0 0 0 0 2621 1754 1363 1363 0 0 0 0 0 0 0 2622 1755 1445 1445 0 0 0 0 0 0 0 2623 1756 1362 1362 0 0 0 0 0 0 0 2927 1947 1443 1443 0 0 0 0 0 0 0 2624 1757 1446 1446 0 0 0 0 0 0 0 2623 1756 1362 1362 0 0 0 0 0 0 0 2624 1757 1446 1446 0 0 0 0 0 0 0 2625 1758 1364 1364 0 0 0 0 0 0 0 2626 1759 1416 1416 0 0 0 0 0 0 0 2627 1759 1363 1363 0 0 0 0 0 0 0 2628 1759 1362 1362 0 0 0 0 0 0 0 2629 1760 1364 1364 0 0 0 0 0 0 0 2630 1760 1416 1416 0 0 0 0 0 0 0 2631 1760 1362 1362 0 0 0 0 0 0 0 2632 1761 1447 1447 0 0 0 0 0 0 0 2633 1762 1448 1448 0 0 0 0 0 0 0 2634 1763 1426 1426 0 0 0 0 0 0 0 2641 1769 1452 1452 0 0 0 0 0 0 0 2634 1763 1426 1426 0 0 0 0 0 0 0 2633 1762 1448 1448 0 0 0 0 0 0 0 2633 1762 1448 1448 0 0 0 0 0 0 0 2640 1768 1359 1359 0 0 0 0 0 0 0 2641 1769 1452 1452 0 0 0 0 0 0 0 2641 1769 1452 1452 0 0 0 0 0 0 0 2635 1764 1361 1361 0 0 0 0 0 0 0 2634 1763 1426 1426 0 0 0 0 0 0 0 2922 1946 1563 1563 0 0 0 0 0 0 0 2634 1763 1426 1426 0 0 0 0 0 0 0 2636 1765 1449 1449 0 0 0 0 0 0 0 2635 1764 1361 1361 0 0 0 0 0 0 0 2636 1765 1449 1449 0 0 0 0 0 0 0 2634 1763 1426 1426 0 0 0 0 0 0 0 2636 1765 1449 1449 0 0 0 0 0 0 0 2635 1764 1361 1361 0 0 0 0 0 0 0 2642 1770 1360 1360 0 0 0 0 0 0 0 2643 1771 1453 1453 0 0 0 0 0 0 0 2645 1773 1455 1455 0 0 0 0 0 0 0 2636 1765 1449 1449 0 0 0 0 0 0 0 2642 1770 1360 1360 0 0 0 0 0 0 0 2643 1771 1453 1453 0 0 0 0 0 0 0 2636 1765 1449 1449 0 0 0 0 0 0 0 2646 1774 1456 1456 0 0 0 0 0 0 0 2643 1771 1453 1453 0 0 0 0 0 0 0 2642 1770 1360 1360 0 0 0 0 0 0 0 2645 1773 1455 1455 0 0 0 0 0 0 0 2643 1771 1453 1453 0 0 0 0 0 0 0 2646 1774 1456 1456 0 0 0 0 0 0 0 2646 1774 1456 1456 0 0 0 0 0 0 0 2647 1775 1457 1457 0 0 0 0 0 0 0 2645 1773 1455 1455 0 0 0 0 0 0 0 2639 1762 1448 1448 0 0 0 0 0 0 0 2923 1761 1447 1447 0 0 0 0 0 0 0 2637 1766 1450 1450 0 0 0 0 0 0 0 2644 1772 1454 1454 0 0 0 0 0 0 0 2638 1767 1451 1451 0 0 0 0 0 0 0 2637 1766 1450 1450 0 0 0 0 0 0 0 2637 1766 1450 1450 0 0 0 0 0 0 0 2638 1767 1451 1451 0 0 0 0 0 0 0 2639 1762 1448 1448 0 0 0 0 0 0 0 2921 1768 1359 1359 0 0 0 0 0 0 0 2639 1762 1448 1448 0 0 0 0 0 0 0 2648 1774 1456 1456 0 0 0 0 0 0 0 2648 1774 1456 1456 0 0 0 0 0 0 0 2639 1762 1448 1448 0 0 0 0 0 0 0 2638 1767 1451 1451 0 0 0 0 0 0 0 2648 1774 1456 1456 0 0 0 0 0 0 0 2638 1767 1451 1451 0 0 0 0 0 0 0 2644 1772 1454 1454 0 0 0 0 0 0 0 2920 1770 1360 1360 0 0 0 0 0 0 0 2921 1768 1359 1359 0 0 0 0 0 0 0 2648 1774 1456 1456 0 0 0 0 0 0 0 2651 1778 1348 1348 0 0 0 0 0 0 0 2918 1781 1447 1447 0 0 0 0 0 0 0 2649 1776 1458 1458 0 0 0 0 0 0 0 2649 1776 1458 1458 0 0 0 0 0 0 0 2656 1782 1461 1461 0 0 0 0 0 0 0 2650 1777 1346 1346 0 0 0 0 0 0 0 2649 1776 1458 1458 0 0 0 0 0 0 0 2650 1777 1346 1346 0 0 0 0 0 0 0 2651 1778 1348 1348 0 0 0 0 0 0 0 3201 2013 1347 1347 0 0 0 0 0 0 0 2655 1777 1346 1346 0 0 0 0 0 0 0 2652 1779 1459 1459 0 0 0 0 0 0 0 2654 1781 1447 1447 0 0 0 0 0 0 0 2917 1945 1347 1347 0 0 0 0 0 0 0 2652 1779 1459 1459 0 0 0 0 0 0 0 2652 1779 1459 1459 0 0 0 0 0 0 0 2655 1777 1346 1346 0 0 0 0 0 0 0 2653 1780 1460 1460 0 0 0 0 0 0 0 2652 1779 1459 1459 0 0 0 0 0 0 0 2653 1780 1460 1460 0 0 0 0 0 0 0 2654 1781 1447 1447 0 0 0 0 0 0 0 2916 1782 1461 1461 0 0 0 0 0 0 0 2653 1780 1460 1460 0 0 0 0 0 0 0 2655 1777 1346 1346 0 0 0 0 0 0 0 2654 1781 1447 1447 0 0 0 0 0 0 0 2919 1778 1348 1348 0 0 0 0 0 0 0 2917 1945 1347 1347 0 0 0 0 0 0 0 2657 1783 1456 1456 0 0 0 0 0 0 0 2666 1789 1465 1465 0 0 0 0 0 0 0 2658 1784 1462 1462 0 0 0 0 0 0 0 2657 1783 1456 1456 0 0 0 0 0 0 0 2658 1784 1462 1462 0 0 0 0 0 0 0 2659 1785 1463 1463 0 0 0 0 0 0 0 2658 1784 1462 1462 0 0 0 0 0 0 0 2666 1789 1465 1465 0 0 0 0 0 0 0 2659 1785 1463 1463 0 0 0 0 0 0 0 2661 1787 1464 1464 0 0 0 0 0 0 0 2660 1786 1456 1456 0 0 0 0 0 0 0 2912 1943 1465 1465 0 0 0 0 0 0 0 2660 1786 1456 1456 0 0 0 0 0 0 0 2661 1787 1464 1464 0 0 0 0 0 0 0 2662 1788 1457 1457 0 0 0 0 0 0 0 2663 1785 1463 1463 0 0 0 0 0 0 0 2664 1789 1465 1465 0 0 0 0 0 0 0 2665 1783 1456 1456 0 0 0 0 0 0 0 3197 1798 1345 1345 0 0 0 0 0 0 0 2683 1803 1348 1348 0 0 0 0 0 0 0 2667 1790 1459 1459 0 0 0 0 0 0 0 2668 1791 1466 1466 0 0 0 0 0 0 0 2667 1790 1459 1459 0 0 0 0 0 0 0 2683 1803 1348 1348 0 0 0 0 0 0 0 2667 1790 1459 1459 0 0 0 0 0 0 0 2668 1791 1466 1466 0 0 0 0 0 0 0 2669 1792 1467 1467 0 0 0 0 0 0 0 2668 1791 1466 1466 0 0 0 0 0 0 0 2683 1803 1348 1348 0 0 0 0 0 0 0 2678 1799 1471 1471 0 0 0 0 0 0 0 2682 1802 1345 1345 0 0 0 0 0 0 0 2678 1799 1471 1471 0 0 0 0 0 0 0 2683 1803 1348 1348 0 0 0 0 0 0 0 2678 1799 1471 1471 0 0 0 0 0 0 0 2679 1800 1432 1432 0 0 0 0 0 0 0 2668 1791 1466 1466 0 0 0 0 0 0 0 2685 1804 1472 1472 0 0 0 0 0 0 0 2679 1800 1432 1432 0 0 0 0 0 0 0 2678 1799 1471 1471 0 0 0 0 0 0 0 2672 1790 1459 1459 0 0 0 0 0 0 0 2911 1792 1467 1467 0 0 0 0 0 0 0 2670 1793 1468 1468 0 0 0 0 0 0 0 2670 1793 1468 1468 0 0 0 0 0 0 0 2671 1794 1469 1469 0 0 0 0 0 0 0 2672 1790 1459 1459 0 0 0 0 0 0 0 2673 1795 1470 1470 0 0 0 0 0 0 0 2910 1942 1347 1347 0 0 0 0 0 0 0 2672 1790 1459 1459 0 0 0 0 0 0 0 2672 1790 1459 1459 0 0 0 0 0 0 0 2671 1794 1469 1469 0 0 0 0 0 0 0 2673 1795 1470 1470 0 0 0 0 0 0 0 2673 1795 1470 1470 0 0 0 0 0 0 0 2671 1794 1469 1469 0 0 0 0 0 0 0 2674 1796 1429 1429 0 0 0 0 0 0 0 2673 1795 1470 1470 0 0 0 0 0 0 0 2681 1802 1345 1345 0 0 0 0 0 0 0 2910 1942 1347 1347 0 0 0 0 0 0 0 2673 1795 1470 1470 0 0 0 0 0 0 0 2680 1801 1405 1405 0 0 0 0 0 0 0 2681 1802 1345 1345 0 0 0 0 0 0 0 2680 1801 1405 1405 0 0 0 0 0 0 0 2673 1795 1470 1470 0 0 0 0 0 0 0 2674 1796 1429 1429 0 0 0 0 0 0 0 2680 1801 1405 1405 0 0 0 0 0 0 0 2674 1796 1429 1429 0 0 0 0 0 0 0 2684 1804 1472 1472 0 0 0 0 0 0 0 2680 1801 1405 1405 0 0 0 0 0 0 0 2686 1799 1471 1471 0 0 0 0 0 0 0 2681 1802 1345 1345 0 0 0 0 0 0 0 2680 1801 1405 1405 0 0 0 0 0 0 0 2684 1804 1472 1472 0 0 0 0 0 0 0 2686 1799 1471 1471 0 0 0 0 0 0 0 2675 1797 1347 1347 0 0 0 0 0 0 0 2676 1798 1345 1345 0 0 0 0 0 0 0 2677 1790 1459 1459 0 0 0 0 0 0 0 2687 1805 1473 1473 0 0 0 0 0 0 0 2688 1806 1474 1474 0 0 0 0 0 0 0 2689 1807 1453 1453 0 0 0 0 0 0 0 2688 1806 1474 1474 0 0 0 0 0 0 0 3188 2005 1477 1477 0 0 0 0 0 0 0 2689 1807 1453 1453 0 0 0 0 0 0 0 2690 1808 1269 1269 0 0 0 0 0 0 0 2692 1810 1476 1476 0 0 0 0 0 0 0 2695 1813 1478 1478 0 0 0 0 0 0 0 2694 1812 1474 1474 0 0 0 0 0 0 0 2691 1809 1475 1475 0 0 0 0 0 0 0 2690 1808 1269 1269 0 0 0 0 0 0 0 2690 1808 1269 1269 0 0 0 0 0 0 0 2691 1809 1475 1475 0 0 0 0 0 0 0 2692 1810 1476 1476 0 0 0 0 0 0 0 2692 1810 1476 1476 0 0 0 0 0 0 0 2691 1809 1475 1475 0 0 0 0 0 0 0 2693 1811 1477 1477 0 0 0 0 0 0 0 2694 1812 1474 1474 0 0 0 0 0 0 0 2693 1811 1477 1477 0 0 0 0 0 0 0 2691 1809 1475 1475 0 0 0 0 0 0 0 2696 1814 1282 1282 0 0 0 0 0 0 0 2697 1815 1479 1479 0 0 0 0 0 0 0 2698 1816 1480 1480 0 0 0 0 0 0 0 2699 1816 1480 1480 0 0 0 0 0 0 0 2700 1815 1479 1479 0 0 0 0 0 0 0 2701 1817 1481 1481 0 0 0 0 0 0 0 2702 1818 1482 1482 0 0 0 0 0 0 0 2704 1820 1483 1483 0 0 0 0 0 0 0 3182 2002 1587 1587 0 0 0 0 0 0 0 2702 1818 1482 1482 0 0 0 0 0 0 0 2703 1819 1344 1344 0 0 0 0 0 0 0 2704 1820 1483 1483 0 0 0 0 0 0 0 3183 2003 1562 1562 0 0 0 0 0 0 0 2704 1820 1483 1483 0 0 0 0 0 0 0 2705 1821 1343 1343 0 0 0 0 0 0 0 2704 1820 1483 1483 0 0 0 0 0 0 0 2703 1819 1344 1344 0 0 0 0 0 0 0 2705 1821 1343 1343 0 0 0 0 0 0 0 2706 1822 1484 1484 0 0 0 0 0 0 0 2708 1824 1486 1486 0 0 0 0 0 0 0 3180 1936 1560 1560 0 0 0 0 0 0 0 2706 1822 1484 1484 0 0 0 0 0 0 0 2901 1937 1561 1561 0 0 0 0 0 0 0 2707 1823 1485 1485 0 0 0 0 0 0 0 2706 1822 1484 1484 0 0 0 0 0 0 0 2707 1823 1485 1485 0 0 0 0 0 0 0 2708 1824 1486 1486 0 0 0 0 0 0 0 2708 1824 1486 1486 0 0 0 0 0 0 0 2707 1823 1485 1485 0 0 0 0 0 0 0 3181 1826 1488 1488 0 0 0 0 0 0 0 3180 1936 1560 1560 0 0 0 0 0 0 0 2708 1824 1486 1486 0 0 0 0 0 0 0 3181 1826 1488 1488 0 0 0 0 0 0 0 2711 1823 1485 1485 0 0 0 0 0 0 0 2900 1937 1561 1561 0 0 0 0 0 0 0 2709 1825 1487 1487 0 0 0 0 0 0 0 2709 1825 1487 1487 0 0 0 0 0 0 0 2899 1936 1560 1560 0 0 0 0 0 0 0 2710 1826 1488 1488 0 0 0 0 0 0 0 2709 1825 1487 1487 0 0 0 0 0 0 0 2710 1826 1488 1488 0 0 0 0 0 0 0 2711 1823 1485 1485 0 0 0 0 0 0 0 2712 1827 290 290 0 0 0 0 0 0 0 2713 1828 1489 1489 0 0 0 0 0 0 0 2714 1829 1485 1485 0 0 0 0 0 0 0 2713 1828 1489 1489 0 0 0 0 0 0 0 2897 1832 1490 1490 0 0 0 0 0 0 0 2715 1830 299 299 0 0 0 0 0 0 0 2715 1830 299 299 0 0 0 0 0 0 0 2714 1829 1485 1485 0 0 0 0 0 0 0 2713 1828 1489 1489 0 0 0 0 0 0 0 2718 1830 299 299 0 0 0 0 0 0 0 2719 1832 1490 1490 0 0 0 0 0 0 0 2716 1831 321 321 0 0 0 0 0 0 0 2716 1831 321 321 0 0 0 0 0 0 0 2717 1827 290 290 0 0 0 0 0 0 0 2718 1830 299 299 0 0 0 0 0 0 0 2898 1829 1485 1485 0 0 0 0 0 0 0 2718 1830 299 299 0 0 0 0 0 0 0 2717 1827 290 290 0 0 0 0 0 0 0 2720 1833 1397 1397 0 0 0 0 0 0 0 2721 1834 1491 1491 0 0 0 0 0 0 0 2722 1835 1492 1492 0 0 0 0 0 0 0 2726 1836 1493 1493 0 0 0 0 0 0 0 2722 1835 1492 1492 0 0 0 0 0 0 0 2721 1834 1491 1491 0 0 0 0 0 0 0 2723 1835 1492 1492 0 0 0 0 0 0 0 2724 1836 1493 1493 0 0 0 0 0 0 0 2725 1833 1397 1397 0 0 0 0 0 0 0 2724 1836 1493 1493 0 0 0 0 0 0 0 2727 1834 1491 1491 0 0 0 0 0 0 0 2725 1833 1397 1397 0 0 0 0 0 0 0 2728 1837 1494 1494 0 0 0 0 0 0 0 2730 1839 1496 1496 0 0 0 0 0 0 0 2732 1841 1498 1498 0 0 0 0 0 0 0 2728 1837 1494 1494 0 0 0 0 0 0 0 2729 1838 1495 1495 0 0 0 0 0 0 0 2730 1839 1496 1496 0 0 0 0 0 0 0 2732 1841 1498 1498 0 0 0 0 0 0 0 2730 1839 1496 1496 0 0 0 0 0 0 0 2733 1842 1499 1499 0 0 0 0 0 0 0 2730 1839 1496 1496 0 0 0 0 0 0 0 2729 1838 1495 1495 0 0 0 0 0 0 0 2731 1840 1497 1497 0 0 0 0 0 0 0 2734 1843 1500 1500 0 0 0 0 0 0 0 2736 1838 1495 1495 0 0 0 0 0 0 0 2896 1841 1498 1498 0 0 0 0 0 0 0 2734 1843 1500 1500 0 0 0 0 0 0 0 2896 1841 1498 1498 0 0 0 0 0 0 0 2737 1842 1499 1499 0 0 0 0 0 0 0 2734 1843 1500 1500 0 0 0 0 0 0 0 2738 1839 1496 1496 0 0 0 0 0 0 0 2735 1840 1497 1497 0 0 0 0 0 0 0 2737 1842 1499 1499 0 0 0 0 0 0 0 2738 1839 1496 1496 0 0 0 0 0 0 0 2734 1843 1500 1500 0 0 0 0 0 0 0 2734 1843 1500 1500 0 0 0 0 0 0 0 2735 1840 1497 1497 0 0 0 0 0 0 0 2736 1838 1495 1495 0 0 0 0 0 0 0 2896 1841 1498 1498 0 0 0 0 0 0 0 2736 1838 1495 1495 0 0 0 0 0 0 0 3179 1837 1494 1494 0 0 0 0 0 0 0 2741 1846 1388 1388 0 0 0 0 0 0 0 3178 1847 1501 1501 0 0 0 0 0 0 0 2739 1844 1493 1493 0 0 0 0 0 0 0 2739 1844 1493 1493 0 0 0 0 0 0 0 2740 1845 1491 1491 0 0 0 0 0 0 0 2741 1846 1388 1388 0 0 0 0 0 0 0 2742 1844 1493 1493 0 0 0 0 0 0 0 2743 1847 1501 1501 0 0 0 0 0 0 0 2744 1845 1491 1491 0 0 0 0 0 0 0 2744 1845 1491 1491 0 0 0 0 0 0 0 2743 1847 1501 1501 0 0 0 0 0 0 0 2745 1848 1502 1502 0 0 0 0 0 0 0 2746 1849 1503 1503 0 0 0 0 0 0 0 2747 1850 1504 1504 0 0 0 0 0 0 0 2748 1851 1505 1505 0 0 0 0 0 0 0 2747 1850 1504 1504 0 0 0 0 0 0 0 2755 1856 1510 1510 0 0 0 0 0 0 0 2749 1852 1506 1506 0 0 0 0 0 0 0 2756 1855 1509 1509 0 0 0 0 0 0 0 2755 1856 1510 1510 0 0 0 0 0 0 0 2747 1850 1504 1504 0 0 0 0 0 0 0 2748 1851 1505 1505 0 0 0 0 0 0 0 2747 1850 1504 1504 0 0 0 0 0 0 0 2749 1852 1506 1506 0 0 0 0 0 0 0 2748 1851 1505 1505 0 0 0 0 0 0 0 2749 1852 1506 1506 0 0 0 0 0 0 0 2754 1854 1508 1508 0 0 0 0 0 0 0 2754 1854 1508 1508 0 0 0 0 0 0 0 2749 1852 1506 1506 0 0 0 0 0 0 0 2755 1856 1510 1510 0 0 0 0 0 0 0 2750 1853 1507 1507 0 0 0 0 0 0 0 2758 1849 1503 1503 0 0 0 0 0 0 0 2751 1854 1508 1508 0 0 0 0 0 0 0 2750 1853 1507 1507 0 0 0 0 0 0 0 2757 1850 1504 1504 0 0 0 0 0 0 0 2758 1849 1503 1503 0 0 0 0 0 0 0 2752 1855 1509 1509 0 0 0 0 0 0 0 2757 1850 1504 1504 0 0 0 0 0 0 0 2750 1853 1507 1507 0 0 0 0 0 0 0 2750 1853 1507 1507 0 0 0 0 0 0 0 2751 1854 1508 1508 0 0 0 0 0 0 0 2752 1855 1509 1509 0 0 0 0 0 0 0 2751 1854 1508 1508 0 0 0 0 0 0 0 2758 1849 1503 1503 0 0 0 0 0 0 0 2759 1851 1505 1505 0 0 0 0 0 0 0 2752 1855 1509 1509 0 0 0 0 0 0 0 2751 1854 1508 1508 0 0 0 0 0 0 0 2753 1856 1510 1510 0 0 0 0 0 0 0 2760 1857 1511 1511 0 0 0 0 0 0 0 2895 1935 1559 1559 0 0 0 0 0 0 0 2761 1858 1512 1512 0 0 0 0 0 0 0 2762 1859 1513 1513 0 0 0 0 0 0 0 2766 1861 1515 1515 0 0 0 0 0 0 0 2760 1857 1511 1511 0 0 0 0 0 0 0 2760 1857 1511 1511 0 0 0 0 0 0 0 2761 1858 1512 1512 0 0 0 0 0 0 0 2762 1859 1513 1513 0 0 0 0 0 0 0 2768 1861 1515 1515 0 0 0 0 0 0 0 2764 1859 1513 1513 0 0 0 0 0 0 0 2763 1860 1514 1514 0 0 0 0 0 0 0 2767 1862 1516 1516 0 0 0 0 0 0 0 2763 1860 1514 1514 0 0 0 0 0 0 0 2765 1858 1512 1512 0 0 0 0 0 0 0 2763 1860 1514 1514 0 0 0 0 0 0 0 2767 1862 1516 1516 0 0 0 0 0 0 0 2768 1861 1515 1515 0 0 0 0 0 0 0 2763 1860 1514 1514 0 0 0 0 0 0 0 2764 1859 1513 1513 0 0 0 0 0 0 0 2765 1858 1512 1512 0 0 0 0 0 0 0 2765 1858 1512 1512 0 0 0 0 0 0 0 2894 1935 1559 1559 0 0 0 0 0 0 0 2767 1862 1516 1516 0 0 0 0 0 0 0 2769 1863 1517 1517 0 0 0 0 0 0 0 2787 1874 1522 1522 0 0 0 0 0 0 0 2774 1868 1522 1522 0 0 0 0 0 0 0 2771 1865 1519 1519 0 0 0 0 0 0 0 2787 1874 1522 1522 0 0 0 0 0 0 0 2769 1863 1517 1517 0 0 0 0 0 0 0 2774 1868 1522 1522 0 0 0 0 0 0 0 2770 1864 1518 1518 0 0 0 0 0 0 0 2769 1863 1517 1517 0 0 0 0 0 0 0 2769 1863 1517 1517 0 0 0 0 0 0 0 2770 1864 1518 1518 0 0 0 0 0 0 0 2771 1865 1519 1519 0 0 0 0 0 0 0 2789 1876 1527 1527 0 0 0 0 0 0 0 2787 1874 1522 1522 0 0 0 0 0 0 0 2771 1865 1519 1519 0 0 0 0 0 0 0 2776 1870 1524 1524 0 0 0 0 0 0 0 2787 1874 1522 1522 0 0 0 0 0 0 0 2788 1871 1525 1525 0 0 0 0 0 0 0 2774 1868 1522 1522 0 0 0 0 0 0 0 2787 1874 1522 1522 0 0 0 0 0 0 0 2776 1870 1524 1524 0 0 0 0 0 0 0 2776 1870 1524 1524 0 0 0 0 0 0 0 2773 1867 1521 1521 0 0 0 0 0 0 0 2774 1868 1522 1522 0 0 0 0 0 0 0 2773 1867 1521 1521 0 0 0 0 0 0 0 2770 1864 1518 1518 0 0 0 0 0 0 0 2774 1868 1522 1522 0 0 0 0 0 0 0 2770 1864 1518 1518 0 0 0 0 0 0 0 2799 1884 1532 1532 0 0 0 0 0 0 0 2772 1866 1520 1520 0 0 0 0 0 0 0 2791 1879 1529 1529 0 0 0 0 0 0 0 2799 1884 1532 1532 0 0 0 0 0 0 0 2770 1864 1518 1518 0 0 0 0 0 0 0 2773 1867 1521 1521 0 0 0 0 0 0 0 2791 1879 1529 1529 0 0 0 0 0 0 0 2770 1864 1518 1518 0 0 0 0 0 0 0 2771 1865 1519 1519 0 0 0 0 0 0 0 2770 1864 1518 1518 0 0 0 0 0 0 0 2772 1866 1520 1520 0 0 0 0 0 0 0 2771 1865 1519 1519 0 0 0 0 0 0 0 2786 1866 1520 1520 0 0 0 0 0 0 0 2784 1876 1527 1527 0 0 0 0 0 0 0 2786 1866 1520 1520 0 0 0 0 0 0 0 2801 1884 1532 1532 0 0 0 0 0 0 0 2785 1877 1520 1520 0 0 0 0 0 0 0 2784 1876 1527 1527 0 0 0 0 0 0 0 2786 1866 1520 1520 0 0 0 0 0 0 0 2785 1877 1520 1520 0 0 0 0 0 0 0 2783 1875 1526 1526 0 0 0 0 0 0 0 2782 1874 1522 1522 0 0 0 0 0 0 0 2784 1876 1527 1527 0 0 0 0 0 0 0 2784 1876 1527 1527 0 0 0 0 0 0 0 2785 1877 1520 1520 0 0 0 0 0 0 0 2783 1875 1526 1526 0 0 0 0 0 0 0 2785 1877 1520 1520 0 0 0 0 0 0 0 2802 1883 1532 1532 0 0 0 0 0 0 0 2781 1873 1518 1518 0 0 0 0 0 0 0 2785 1877 1520 1520 0 0 0 0 0 0 0 2801 1884 1532 1532 0 0 0 0 0 0 0 2802 1883 1532 1532 0 0 0 0 0 0 0 2783 1875 1526 1526 0 0 0 0 0 0 0 2785 1877 1520 1520 0 0 0 0 0 0 0 2781 1873 1518 1518 0 0 0 0 0 0 0 2783 1875 1526 1526 0 0 0 0 0 0 0 2781 1873 1518 1518 0 0 0 0 0 0 0 2782 1874 1522 1522 0 0 0 0 0 0 0 2782 1874 1522 1522 0 0 0 0 0 0 0 2778 1872 1521 1521 0 0 0 0 0 0 0 2777 1871 1525 1525 0 0 0 0 0 0 0 2781 1873 1518 1518 0 0 0 0 0 0 0 2778 1872 1521 1521 0 0 0 0 0 0 0 2782 1874 1522 1522 0 0 0 0 0 0 0 2781 1873 1518 1518 0 0 0 0 0 0 0 2796 1882 1531 1531 0 0 0 0 0 0 0 2778 1872 1521 1521 0 0 0 0 0 0 0 2781 1873 1518 1518 0 0 0 0 0 0 0 2802 1883 1532 1532 0 0 0 0 0 0 0 2796 1882 1531 1531 0 0 0 0 0 0 0 2778 1872 1521 1521 0 0 0 0 0 0 0 2796 1882 1531 1531 0 0 0 0 0 0 0 2793 1881 1528 1528 0 0 0 0 0 0 0 2778 1872 1521 1521 0 0 0 0 0 0 0 2800 1881 1528 1528 0 0 0 0 0 0 0 2775 1869 1523 1523 0 0 0 0 0 0 0 2779 1870 1524 1524 0 0 0 0 0 0 0 2778 1872 1521 1521 0 0 0 0 0 0 0 2780 1869 1523 1523 0 0 0 0 0 0 0 2777 1871 1525 1525 0 0 0 0 0 0 0 2778 1872 1521 1521 0 0 0 0 0 0 0 2779 1870 1524 1524 0 0 0 0 0 0 0 2796 1882 1531 1531 0 0 0 0 0 0 0 2794 1879 1529 1529 0 0 0 0 0 0 0 2793 1881 1528 1528 0 0 0 0 0 0 0 2793 1881 1528 1528 0 0 0 0 0 0 0 2794 1879 1529 1529 0 0 0 0 0 0 0 2795 1878 1528 1528 0 0 0 0 0 0 0 2775 1869 1523 1523 0 0 0 0 0 0 0 2790 1878 1528 1528 0 0 0 0 0 0 0 2773 1867 1521 1521 0 0 0 0 0 0 0 2775 1869 1523 1523 0 0 0 0 0 0 0 2800 1881 1528 1528 0 0 0 0 0 0 0 2790 1878 1528 1528 0 0 0 0 0 0 0 2775 1869 1523 1523 0 0 0 0 0 0 0 2773 1867 1521 1521 0 0 0 0 0 0 0 2776 1870 1524 1524 0 0 0 0 0 0 0 2792 1880 1530 1530 0 0 0 0 0 0 0 2791 1879 1529 1529 0 0 0 0 0 0 0 2773 1867 1521 1521 0 0 0 0 0 0 0 2773 1867 1521 1521 0 0 0 0 0 0 0 2790 1878 1528 1528 0 0 0 0 0 0 0 2792 1880 1530 1530 0 0 0 0 0 0 0 2799 1884 1532 1532 0 0 0 0 0 0 0 2791 1879 1529 1529 0 0 0 0 0 0 0 2797 1883 1532 1532 0 0 0 0 0 0 0 2797 1883 1532 1532 0 0 0 0 0 0 0 2791 1879 1529 1529 0 0 0 0 0 0 0 2798 1882 1531 1531 0 0 0 0 0 0 0 2790 1878 1528 1528 0 0 0 0 0 0 0 2791 1879 1529 1529 0 0 0 0 0 0 0 2792 1880 1530 1530 0 0 0 0 0 0 0 2805 1887 1535 1535 0 0 0 0 0 0 0 2893 1934 1506 1506 0 0 0 0 0 0 0 2803 1885 1533 1533 0 0 0 0 0 0 0 2893 1934 1506 1506 0 0 0 0 0 0 0 2808 1890 1538 1538 0 0 0 0 0 0 0 2803 1885 1533 1533 0 0 0 0 0 0 0 2803 1885 1533 1533 0 0 0 0 0 0 0 2808 1890 1538 1538 0 0 0 0 0 0 0 2806 1888 1536 1536 0 0 0 0 0 0 0 2806 1888 1536 1536 0 0 0 0 0 0 0 2804 1886 1534 1534 0 0 0 0 0 0 0 2803 1885 1533 1533 0 0 0 0 0 0 0 2803 1885 1533 1533 0 0 0 0 0 0 0 2804 1886 1534 1534 0 0 0 0 0 0 0 2805 1887 1535 1535 0 0 0 0 0 0 0 2807 1889 1537 1537 0 0 0 0 0 0 0 2806 1888 1536 1536 0 0 0 0 0 0 0 2808 1890 1538 1538 0 0 0 0 0 0 0 2809 1891 1539 1539 0 0 0 0 0 0 0 2807 1889 1537 1537 0 0 0 0 0 0 0 2808 1890 1538 1538 0 0 0 0 0 0 0 2808 1890 1538 1538 0 0 0 0 0 0 0 2893 1934 1506 1506 0 0 0 0 0 0 0 2809 1891 1539 1539 0 0 0 0 0 0 0 2893 1934 1506 1506 0 0 0 0 0 0 0 2810 1892 1540 1540 0 0 0 0 0 0 0 2809 1891 1539 1539 0 0 0 0 0 0 0 2807 1889 1537 1537 0 0 0 0 0 0 0 2809 1891 1539 1539 0 0 0 0 0 0 0 2810 1892 1540 1540 0 0 0 0 0 0 0 2811 1887 1535 1535 0 0 0 0 0 0 0 2812 1893 1541 1541 0 0 0 0 0 0 0 2813 1892 1540 1540 0 0 0 0 0 0 0 2816 1888 1536 1536 0 0 0 0 0 0 0 2889 1889 1537 1537 0 0 0 0 0 0 0 2814 1894 1542 1542 0 0 0 0 0 0 0 2814 1894 1542 1542 0 0 0 0 0 0 0 2815 1895 1543 1543 0 0 0 0 0 0 0 2816 1888 1536 1536 0 0 0 0 0 0 0 2819 1886 1534 1534 0 0 0 0 0 0 0 2816 1888 1536 1536 0 0 0 0 0 0 0 2817 1893 1541 1541 0 0 0 0 0 0 0 2816 1888 1536 1536 0 0 0 0 0 0 0 2815 1895 1543 1543 0 0 0 0 0 0 0 2817 1893 1541 1541 0 0 0 0 0 0 0 2817 1893 1541 1541 0 0 0 0 0 0 0 2818 1887 1535 1535 0 0 0 0 0 0 0 2819 1886 1534 1534 0 0 0 0 0 0 0 2822 1898 1545 1545 0 0 0 0 0 0 0 2823 1899 1546 1546 0 0 0 0 0 0 0 2820 1896 1544 1544 0 0 0 0 0 0 0 2820 1896 1544 1544 0 0 0 0 0 0 0 2823 1899 1546 1546 0 0 0 0 0 0 0 2824 1900 1547 1547 0 0 0 0 0 0 0 2820 1896 1544 1544 0 0 0 0 0 0 0 2821 1897 1521 1521 0 0 0 0 0 0 0 2822 1898 1545 1545 0 0 0 0 0 0 0 2822 1898 1545 1545 0 0 0 0 0 0 0 2821 1897 1521 1521 0 0 0 0 0 0 0 2829 1904 1551 1551 0 0 0 0 0 0 0 2830 1905 1552 1552 0 0 0 0 0 0 0 2825 1901 1548 1548 0 0 0 0 0 0 0 2822 1898 1545 1545 0 0 0 0 0 0 0 2829 1904 1551 1551 0 0 0 0 0 0 0 2830 1905 1552 1552 0 0 0 0 0 0 0 2822 1898 1545 1545 0 0 0 0 0 0 0 2823 1899 1546 1546 0 0 0 0 0 0 0 2822 1898 1545 1545 0 0 0 0 0 0 0 2825 1901 1548 1548 0 0 0 0 0 0 0 2825 1901 1548 1548 0 0 0 0 0 0 0 2888 1902 1549 1549 0 0 0 0 0 0 0 2823 1899 1546 1546 0 0 0 0 0 0 0 2826 1899 1546 1546 0 0 0 0 0 0 0 2827 1902 1549 1549 0 0 0 0 0 0 0 2828 1903 1550 1550 0 0 0 0 0 0 0 2835 1907 1553 1553 0 0 0 0 0 0 0 2832 1904 1551 1551 0 0 0 0 0 0 0 2831 1906 1528 1528 0 0 0 0 0 0 0 2834 1896 1544 1544 0 0 0 0 0 0 0 2831 1906 1528 1528 0 0 0 0 0 0 0 2833 1897 1521 1521 0 0 0 0 0 0 0 2834 1896 1544 1544 0 0 0 0 0 0 0 2835 1907 1553 1553 0 0 0 0 0 0 0 2831 1906 1528 1528 0 0 0 0 0 0 0 2831 1906 1528 1528 0 0 0 0 0 0 0 2832 1904 1551 1551 0 0 0 0 0 0 0 2833 1897 1521 1521 0 0 0 0 0 0 0 2836 1904 1551 1551 0 0 0 0 0 0 0 2837 1907 1553 1553 0 0 0 0 0 0 0 2838 1908 1530 1530 0 0 0 0 0 0 0 2839 1909 71 71 0 0 0 0 0 0 0 2840 1909 79 79 0 0 0 0 0 0 0 2841 1909 69 69 0 0 0 0 0 0 0 2842 1910 66 66 0 0 0 0 0 0 0 2843 1911 1554 1554 0 0 0 0 0 0 0 2844 1912 71 71 0 0 0 0 0 0 0 2848 1911 1554 1554 0 0 0 0 0 0 0 2846 1913 79 79 0 0 0 0 0 0 0 2845 1912 71 71 0 0 0 0 0 0 0 2845 1912 71 71 0 0 0 0 0 0 0 2846 1913 79 79 0 0 0 0 0 0 0 2847 1910 66 66 0 0 0 0 0 0 0 2847 1910 66 66 0 0 0 0 0 0 0 2846 1913 79 79 0 0 0 0 0 0 0 2848 1911 1554 1554 0 0 0 0 0 0 0 2850 97 81 81 0 0 0 0 0 0 0 2851 1914 57 57 0 0 0 0 0 0 0 2852 95 80 80 0 0 0 0 0 0 0 2861 1919 80 80 0 0 0 0 0 0 0 2854 1916 57 57 0 0 0 0 0 0 0 2853 1915 370 370 0 0 0 0 0 0 0 2853 1915 370 370 0 0 0 0 0 0 0 2854 1916 57 57 0 0 0 0 0 0 0 2855 1917 81 81 0 0 0 0 0 0 0 2855 1917 81 81 0 0 0 0 0 0 0 2854 1916 57 57 0 0 0 0 0 0 0 2856 1918 97 97 0 0 0 0 0 0 0 2857 1915 370 370 0 0 0 0 0 0 0 2858 1917 81 81 0 0 0 0 0 0 0 2859 1919 80 80 0 0 0 0 0 0 0 2859 1919 80 80 0 0 0 0 0 0 0 2858 1917 81 81 0 0 0 0 0 0 0 2860 1918 97 97 0 0 0 0 0 0 0 2860 1918 97 97 0 0 0 0 0 0 0 2862 1916 57 57 0 0 0 0 0 0 0 2859 1919 80 80 0 0 0 0 0 0 0 2872 1926 91 91 0 0 0 0 0 0 0 2866 1922 41 41 0 0 0 0 0 0 0 2865 1921 96 96 0 0 0 0 0 0 0 2865 1921 96 96 0 0 0 0 0 0 0 2871 1925 40 40 0 0 0 0 0 0 0 2872 1926 91 91 0 0 0 0 0 0 0 2865 1921 96 96 0 0 0 0 0 0 0 2866 1922 41 41 0 0 0 0 0 0 0 2867 1923 1555 1555 0 0 0 0 0 0 0 2868 1923 1555 1555 0 0 0 0 0 0 0 2874 1922 41 41 0 0 0 0 0 0 0 2873 1926 91 91 0 0 0 0 0 0 0 2873 1926 91 91 0 0 0 0 0 0 0 2869 1924 40 40 0 0 0 0 0 0 0 2868 1923 1555 1555 0 0 0 0 0 0 0 2868 1923 1555 1555 0 0 0 0 0 0 0 2869 1924 40 40 0 0 0 0 0 0 0 2870 1921 96 96 0 0 0 0 0 0 0 2876 1927 78 78 0 0 0 0 0 0 0 2877 1928 85 85 0 0 0 0 0 0 0 2878 1929 74 74 0 0 0 0 0 0 0 2878 1929 74 74 0 0 0 0 0 0 0 2877 1928 85 85 0 0 0 0 0 0 0 2879 1930 1556 1556 0 0 0 0 0 0 0 2884 1928 85 85 0 0 0 0 0 0 0 2881 1931 86 86 0 0 0 0 0 0 0 2880 1930 1556 1556 0 0 0 0 0 0 0 2880 1930 1556 1556 0 0 0 0 0 0 0 2881 1931 86 86 0 0 0 0 0 0 0 2882 1929 74 74 0 0 0 0 0 0 0 2883 1927 78 78 0 0 0 0 0 0 0 2881 1931 86 86 0 0 0 0 0 0 0 2884 1928 85 85 0 0 0 0 0 0 0 2882 1929 74 74 0 0 0 0 0 0 0 2881 1931 86 86 0 0 0 0 0 0 0 2883 1927 78 78 0 0 0 0 0 0 0 2890 1892 1540 1540 0 0 0 0 0 0 0 2891 1934 1506 1506 0 0 0 0 0 0 0 2892 1887 1535 1535 0 0 0 0 0 0 0 2903 1939 1268 1268 0 0 0 0 0 0 0 2902 1938 1343 1343 0 0 0 0 0 0 0 2905 1819 1344 1344 0 0 0 0 0 0 0 2902 1938 1343 1343 0 0 0 0 0 0 0 2903 1939 1268 1268 0 0 0 0 0 0 0 2904 1940 1562 1562 0 0 0 0 0 0 0 2903 1939 1268 1268 0 0 0 0 0 0 0 3184 2002 1587 1587 0 0 0 0 0 0 0 2904 1940 1562 1562 0 0 0 0 0 0 0 2906 1818 1482 1482 0 0 0 0 0 0 0 3184 2002 1587 1587 0 0 0 0 0 0 0 2903 1939 1268 1268 0 0 0 0 0 0 0 2903 1939 1268 1268 0 0 0 0 0 0 0 2905 1819 1344 1344 0 0 0 0 0 0 0 2906 1818 1482 1482 0 0 0 0 0 0 0 2907 1941 1562 1562 0 0 0 0 0 0 0 2908 1941 1282 1282 0 0 0 0 0 0 0 2909 1941 1343 1343 0 0 0 0 0 0 0 2913 1944 1465 1465 0 0 0 0 0 0 0 2914 1944 1456 1456 0 0 0 0 0 0 0 2915 1944 1457 1457 0 0 0 0 0 0 0 2924 1757 1446 1446 0 0 0 0 0 0 0 2925 1947 1443 1443 0 0 0 0 0 0 0 2926 1758 1364 1364 0 0 0 0 0 0 0 2931 1648 1373 1373 0 0 0 0 0 0 0 2932 1745 1367 1367 0 0 0 0 0 0 0 2933 1747 1363 1363 0 0 0 0 0 0 0 2935 1740 1412 1412 0 0 0 0 0 0 0 2936 1743 1439 1439 0 0 0 0 0 0 0 2937 1738 1436 1436 0 0 0 0 0 0 0 2939 1731 1433 1433 0 0 0 0 0 0 0 2940 1949 1284 1284 0 0 0 0 0 0 0 2941 1729 1432 1432 0 0 0 0 0 0 0 2942 1729 1432 1432 0 0 0 0 0 0 0 2943 1949 1284 1284 0 0 0 0 0 0 0 2944 1728 1431 1431 0 0 0 0 0 0 0 2946 1731 1433 1433 0 0 0 0 0 0 0 2944 1728 1431 1431 0 0 0 0 0 0 0 2943 1949 1284 1284 0 0 0 0 0 0 0 2948 1950 1564 1564 0 0 0 0 0 0 0 2949 1723 1404 1404 0 0 0 0 0 0 0 2950 1725 1430 1430 0 0 0 0 0 0 0 2954 1952 1365 1365 0 0 0 0 0 0 0 2955 1714 1366 1366 0 0 0 0 0 0 0 2956 1951 1565 1565 0 0 0 0 0 0 0 2958 1708 1418 1418 0 0 0 0 0 0 0 2959 1706 1416 1416 0 0 0 0 0 0 0 2960 1705 1415 1415 0 0 0 0 0 0 0 2972 1959 1566 1566 0 0 0 0 0 0 0 2973 1960 1442 1442 0 0 0 0 0 0 0 2974 1645 1371 1371 0 0 0 0 0 0 0 2984 1966 1364 1364 0 0 0 0 0 0 0 2985 1966 1443 1443 0 0 0 0 0 0 0 2986 1966 1362 1362 0 0 0 0 0 0 0 2989 1481 1255 1255 0 0 0 0 0 0 0 2990 1480 1254 1254 0 0 0 0 0 0 0 2273 1513 1281 1281 0 0 0 0 0 0 0 2996 1478 56 56 0 0 0 0 0 0 0 2997 1513 1281 1281 0 0 0 0 0 0 0 2998 1967 65 65 0 0 0 0 0 0 0 3005 1388 1172 1172 0 0 0 0 0 0 0 3006 1387 1171 1171 0 0 0 0 0 0 0 3007 1396 1180 1180 0 0 0 0 0 0 0 3016 1389 1173 1173 0 0 0 0 0 0 0 3018 1970 1188 1188 0 0 0 0 0 0 0 3008 1380 1164 1164 0 0 0 0 0 0 0 3008 1380 1164 1164 0 0 0 0 0 0 0 3018 1970 1188 1188 0 0 0 0 0 0 0 3019 1382 1166 1166 0 0 0 0 0 0 0 3010 1387 1171 1171 0 0 0 0 0 0 0 3016 1389 1173 1173 0 0 0 0 0 0 0 3008 1380 1164 1164 0 0 0 0 0 0 0 3008 1380 1164 1164 0 0 0 0 0 0 0 3009 1395 1179 1179 0 0 0 0 0 0 0 3010 1387 1171 1171 0 0 0 0 0 0 0 3011 1384 1168 1168 0 0 0 0 0 0 0 3012 1969 1181 1181 0 0 0 0 0 0 0 3013 1393 1177 1177 0 0 0 0 0 0 0 3042 1972 310 310 0 0 0 0 0 0 0 3043 1972 315 315 0 0 0 0 0 0 0 3044 1972 317 317 0 0 0 0 0 0 0 3051 871 747 747 0 0 0 0 0 0 0 3052 819 695 695 0 0 0 0 0 0 0 3053 883 759 759 0 0 0 0 0 0 0 3068 764 640 640 0 0 0 0 0 0 0 3069 720 596 596 0 0 0 0 0 0 0 3070 744 620 620 0 0 0 0 0 0 0 3070 744 620 620 0 0 0 0 0 0 0 3069 720 596 596 0 0 0 0 0 0 0 3076 701 577 577 0 0 0 0 0 0 0 3077 688 564 564 0 0 0 0 0 0 0 3078 656 532 532 0 0 0 0 0 0 0 3079 722 598 598 0 0 0 0 0 0 0 3086 398 293 293 0 0 0 0 0 0 0 3087 661 537 537 0 0 0 0 0 0 0 3088 675 551 551 0 0 0 0 0 0 0 3089 1979 1573 1573 0 0 0 0 0 0 0 3090 1977 1572 1572 0 0 0 0 0 0 0 3091 656 532 532 0 0 0 0 0 0 0 3101 456 372 372 0 0 0 0 0 0 0 3102 455 371 371 0 0 0 0 0 0 0 3103 495 411 411 0 0 0 0 0 0 0 3126 371 305 305 0 0 0 0 0 0 0 3127 1993 298 298 0 0 0 0 0 0 0 3128 1994 297 297 0 0 0 0 0 0 0 3135 362 292 292 0 0 0 0 0 0 0 3138 364 300 300 0 0 0 0 0 0 0 3136 363 299 299 0 0 0 0 0 0 0 3135 362 292 292 0 0 0 0 0 0 0 3136 363 299 299 0 0 0 0 0 0 0 3137 1997 301 301 0 0 0 0 0 0 0 3278 1996 1584 1584 0 0 0 0 0 0 0 3137 1997 301 301 0 0 0 0 0 0 0 3136 363 299 299 0 0 0 0 0 0 0 3277 2031 302 302 0 0 0 0 0 0 0 3137 1997 301 301 0 0 0 0 0 0 0 3278 1996 1584 1584 0 0 0 0 0 0 0 3143 1991 1581 1581 0 0 0 0 0 0 0 3145 2000 1377 1377 0 0 0 0 0 0 0 3279 1999 1373 1373 0 0 0 0 0 0 0 3143 1991 1581 1581 0 0 0 0 0 0 0 3146 337 277 277 0 0 0 0 0 0 0 3144 336 276 276 0 0 0 0 0 0 0 3143 1991 1581 1581 0 0 0 0 0 0 0 3144 336 276 276 0 0 0 0 0 0 0 3145 2000 1377 1377 0 0 0 0 0 0 0 3154 291 248 248 0 0 0 0 0 0 0 3155 290 247 247 0 0 0 0 0 0 0 3156 292 249 249 0 0 0 0 0 0 0 496 307 243 243 0 0 0 0 0 0 0 3158 306 259 259 0 0 0 0 0 0 0 3159 309 258 258 0 0 0 0 0 0 0 3160 308 242 242 0 0 0 0 0 0 0 3159 309 258 258 0 0 0 0 0 0 0 3158 306 259 259 0 0 0 0 0 0 0 3170 155 127 127 0 0 0 0 0 0 0 3171 157 129 129 0 0 0 0 0 0 0 3172 156 128 128 0 0 0 0 0 0 0 3175 1845 1491 1491 0 0 0 0 0 0 0 3176 1848 1502 1502 0 0 0 0 0 0 0 3177 1846 1388 1388 0 0 0 0 0 0 0 3185 1810 1476 1476 0 0 0 0 0 0 0 3186 1811 1477 1477 0 0 0 0 0 0 0 3187 2004 1588 1588 0 0 0 0 0 0 0 3189 1805 1473 1473 0 0 0 0 0 0 0 3192 2007 1589 1589 0 0 0 0 0 0 0 3190 2006 1477 1477 0 0 0 0 0 0 0 3189 1805 1473 1473 0 0 0 0 0 0 0 3190 2006 1477 1477 0 0 0 0 0 0 0 3191 1806 1474 1474 0 0 0 0 0 0 0 3193 2008 1360 1360 0 0 0 0 0 0 0 3196 2011 1361 1361 0 0 0 0 0 0 0 3194 2009 1452 1452 0 0 0 0 0 0 0 3193 2008 1360 1360 0 0 0 0 0 0 0 3194 2009 1452 1452 0 0 0 0 0 0 0 3195 2010 1359 1359 0 0 0 0 0 0 0 3198 2012 1348 1348 0 0 0 0 0 0 0 3199 2012 1346 1346 0 0 0 0 0 0 0 3200 2012 1347 1347 0 0 0 0 0 0 0 3204 1736 1351 1351 0 0 0 0 0 0 0 3205 1726 1402 1402 0 0 0 0 0 0 0 3206 1732 1349 1349 0 0 0 0 0 0 0 3211 2017 1358 1358 0 0 0 0 0 0 0 3212 2017 1357 1357 0 0 0 0 0 0 0 3213 2017 1356 1356 0 0 0 0 0 0 0 3215 1622 1353 1353 0 0 0 0 0 0 0 3222 2019 1590 1590 0 0 0 0 0 0 0 3216 1623 1354 1354 0 0 0 0 0 0 0 3221 1621 1352 1352 0 0 0 0 0 0 0 3222 2019 1590 1590 0 0 0 0 0 0 0 3215 1622 1353 1353 0 0 0 0 0 0 0 3215 1622 1353 1353 0 0 0 0 0 0 0 3216 1623 1354 1354 0 0 0 0 0 0 0 3217 1619 1350 1350 0 0 0 0 0 0 0 3221 1621 1352 1352 0 0 0 0 0 0 0 3216 1623 1354 1354 0 0 0 0 0 0 0 3222 2019 1590 1590 0 0 0 0 0 0 0 3218 2018 1350 1350 0 0 0 0 0 0 0 3219 2018 1402 1402 0 0 0 0 0 0 0 3220 2018 1354 1354 0 0 0 0 0 0 0 3225 1615 1346 1346 0 0 0 0 0 0 0 3226 1614 1345 1345 0 0 0 0 0 0 0 3227 2022 1348 1348 0 0 0 0 0 0 0 3228 2023 1348 1348 0 0 0 0 0 0 0 3229 2023 1345 1345 0 0 0 0 0 0 0 3230 2023 1347 1347 0 0 0 0 0 0 0 3239 2025 1592 1592 0 0 0 0 0 0 0 3238 1585 1324 1324 0 0 0 0 0 0 0 3245 2026 1593 1593 0 0 0 0 0 0 0 3238 1585 1324 1324 0 0 0 0 0 0 0 3239 2025 1592 1592 0 0 0 0 0 0 0 3240 1590 1328 1328 0 0 0 0 0 0 0 3241 2025 1592 1592 0 0 0 0 0 0 0 3242 2026 1593 1593 0 0 0 0 0 0 0 3243 1590 1328 1328 0 0 0 0 0 0 0 3243 1590 1328 1328 0 0 0 0 0 0 0 3242 2026 1593 1593 0 0 0 0 0 0 0 3244 2027 1594 1594 0 0 0 0 0 0 0 3266 387 315 315 0 0 0 0 0 0 0 3260 2028 310 310 0 0 0 0 0 0 0 3259 388 316 316 0 0 0 0 0 0 0 3259 388 316 316 0 0 0 0 0 0 0 3260 2028 310 310 0 0 0 0 0 0 0 3261 389 317 317 0 0 0 0 0 0 0 3262 2029 310 310 0 0 0 0 0 0 0 3263 387 315 315 0 0 0 0 0 0 0 3264 389 317 317 0 0 0 0 0 0 0 3264 389 317 317 0 0 0 0 0 0 0 3263 387 315 315 0 0 0 0 0 0 0 3265 386 314 314 0 0 0 0 0 0 0 3270 381 309 309 0 0 0 0 0 0 0 3271 384 312 312 0 0 0 0 0 0 0 3272 382 310 310 0 0 0 0 0 0 0 3272 382 310 310 0 0 0 0 0 0 0 3271 384 312 312 0 0 0 0 0 0 0 3273 383 311 311 0 0 0 0 0 0 0 3280 301 257 257 0 0 0 0 0 0 0 3281 304 256 256 0 0 0 0 0 0 0 3282 299 255 255 0 0 0 0 0 0 0 3282 299 255 255 0 0 0 0 0 0 0 3281 304 256 256 0 0 0 0 0 0 0 3283 297 254 254 0 0 0 0 0 0 0 3290 2032 1596 1596 0 0 0 0 0 0 0 3311 2048 1610 1610 0 0 0 0 0 0 0 3291 2033 1597 1597 0 0 0 0 0 0 0 3290 2032 1596 1596 0 0 0 0 0 0 0 3291 2033 1597 1597 0 0 0 0 0 0 0 3292 2034 1598 1598 0 0 0 0 0 0 0 3292 2034 1598 1598 0 0 0 0 0 0 0 3291 2033 1597 1597 0 0 0 0 0 0 0 3308 2045 1604 1604 0 0 0 0 0 0 0 3292 2034 1598 1598 0 0 0 0 0 0 0 3309 2046 1605 1605 0 0 0 0 0 0 0 3310 2047 1609 1609 0 0 0 0 0 0 0 3308 2045 1604 1604 0 0 0 0 0 0 0 3309 2046 1605 1605 0 0 0 0 0 0 0 3292 2034 1598 1598 0 0 0 0 0 0 0 3293 2035 1599 1599 0 0 0 0 0 0 0 3294 2035 1600 1600 0 0 0 0 0 0 0 3295 2035 1601 1601 0 0 0 0 0 0 0 3296 2035 1601 1601 0 0 0 0 0 0 0 3297 2035 1602 1602 0 0 0 0 0 0 0 3298 2035 1603 1603 0 0 0 0 0 0 0 3300 2037 1602 1602 0 0 0 0 0 0 0 3299 2036 1597 1597 0 0 0 0 0 0 0 3312 2049 1611 1611 0 0 0 0 0 0 0 3301 2038 1601 1601 0 0 0 0 0 0 0 3303 2040 1604 1604 0 0 0 0 0 0 0 3299 2036 1597 1597 0 0 0 0 0 0 0 3299 2036 1597 1597 0 0 0 0 0 0 0 3300 2037 1602 1602 0 0 0 0 0 0 0 3301 2038 1601 1601 0 0 0 0 0 0 0 3302 2039 1600 1600 0 0 0 0 0 0 0 3304 2041 1605 1605 0 0 0 0 0 0 0 3303 2040 1604 1604 0 0 0 0 0 0 0 3302 2039 1600 1600 0 0 0 0 0 0 0 3303 2040 1604 1604 0 0 0 0 0 0 0 3301 2038 1601 1601 0 0 0 0 0 0 0 3305 2042 1606 1606 0 0 0 0 0 0 0 3304 2041 1605 1605 0 0 0 0 0 0 0 3302 2039 1600 1600 0 0 0 0 0 0 0 3302 2039 1600 1600 0 0 0 0 0 0 0 3307 2044 1608 1608 0 0 0 0 0 0 0 3305 2042 1606 1606 0 0 0 0 0 0 0 3304 2041 1605 1605 0 0 0 0 0 0 0 3305 2042 1606 1606 0 0 0 0 0 0 0 3306 2043 1607 1607 0 0 0 0 0 0 0 3424 2122 1616 1616 0 0 0 0 0 0 0 3306 2043 1607 1607 0 0 0 0 0 0 0 3305 2042 1606 1606 0 0 0 0 0 0 0 3313 2050 1612 1612 0 0 0 0 0 0 0 3349 2078 1623 1623 0 0 0 0 0 0 0 3314 2051 1613 1613 0 0 0 0 0 0 0 3313 2050 1612 1612 0 0 0 0 0 0 0 3314 2051 1613 1613 0 0 0 0 0 0 0 3315 2052 1614 1614 0 0 0 0 0 0 0 3350 2079 1624 1624 0 0 0 0 0 0 0 3349 2078 1623 1623 0 0 0 0 0 0 0 3352 2081 1626 1626 0 0 0 0 0 0 0 3351 2080 1625 1625 0 0 0 0 0 0 0 3352 2081 1626 1626 0 0 0 0 0 0 0 3349 2078 1623 1623 0 0 0 0 0 0 0 3314 2051 1613 1613 0 0 0 0 0 0 0 3349 2078 1623 1623 0 0 0 0 0 0 0 3350 2079 1624 1624 0 0 0 0 0 0 0 3361 2088 1628 1628 0 0 0 0 0 0 0 3364 2090 1598 1598 0 0 0 0 0 0 0 3351 2080 1625 1625 0 0 0 0 0 0 0 3423 2085 1627 1627 0 0 0 0 0 0 0 3361 2088 1628 1628 0 0 0 0 0 0 0 3351 2080 1625 1625 0 0 0 0 0 0 0 3352 2081 1626 1626 0 0 0 0 0 0 0 3351 2080 1625 1625 0 0 0 0 0 0 0 3364 2090 1598 1598 0 0 0 0 0 0 0 3359 2086 1609 1609 0 0 0 0 0 0 0 3352 2081 1626 1626 0 0 0 0 0 0 0 3364 2090 1598 1598 0 0 0 0 0 0 0 3358 2085 1627 1627 0 0 0 0 0 0 0 3352 2081 1626 1626 0 0 0 0 0 0 0 3359 2086 1609 1609 0 0 0 0 0 0 0 3364 2090 1598 1598 0 0 0 0 0 0 0 3361 2088 1628 1628 0 0 0 0 0 0 0 3375 2098 1632 1632 0 0 0 0 0 0 0 3364 2090 1598 1598 0 0 0 0 0 0 0 3375 2098 1632 1632 0 0 0 0 0 0 0 3376 2099 1633 1633 0 0 0 0 0 0 0 3376 2099 1633 1633 0 0 0 0 0 0 0 3402 2114 1596 1596 0 0 0 0 0 0 0 3364 2090 1598 1598 0 0 0 0 0 0 0 3375 2098 1632 1632 0 0 0 0 0 0 0 3361 2088 1628 1628 0 0 0 0 0 0 0 3374 2097 1631 1631 0 0 0 0 0 0 0 3362 2078 1623 1623 0 0 0 0 0 0 0 3361 2088 1628 1628 0 0 0 0 0 0 0 3407 2094 1627 1627 0 0 0 0 0 0 0 3374 2097 1631 1631 0 0 0 0 0 0 0 3361 2088 1628 1628 0 0 0 0 0 0 0 3363 2089 1629 1629 0 0 0 0 0 0 0 3361 2088 1628 1628 0 0 0 0 0 0 0 3362 2078 1623 1623 0 0 0 0 0 0 0 3363 2089 1629 1629 0 0 0 0 0 0 0 3375 2098 1632 1632 0 0 0 0 0 0 0 3373 2096 1630 1630 0 0 0 0 0 0 0 3376 2099 1633 1633 0 0 0 0 0 0 0 3374 2097 1631 1631 0 0 0 0 0 0 0 3373 2096 1630 1630 0 0 0 0 0 0 0 3375 2098 1632 1632 0 0 0 0 0 0 0 3376 2099 1633 1633 0 0 0 0 0 0 0 3378 2101 1621 1621 0 0 0 0 0 0 0 3422 2121 1610 1610 0 0 0 0 0 0 0 3376 2099 1633 1633 0 0 0 0 0 0 0 3422 2121 1610 1610 0 0 0 0 0 0 0 3402 2114 1596 1596 0 0 0 0 0 0 0 3376 2099 1633 1633 0 0 0 0 0 0 0 3377 2100 1620 1620 0 0 0 0 0 0 0 3378 2101 1621 1621 0 0 0 0 0 0 0 3376 2099 1633 1633 0 0 0 0 0 0 0 3373 2096 1630 1630 0 0 0 0 0 0 0 3377 2100 1620 1620 0 0 0 0 0 0 0 3363 2089 1629 1629 0 0 0 0 0 0 0 3373 2096 1630 1630 0 0 0 0 0 0 0 3374 2097 1631 1631 0 0 0 0 0 0 0 3363 2089 1629 1629 0 0 0 0 0 0 0 3362 2078 1623 1623 0 0 0 0 0 0 0 3372 2095 1619 1619 0 0 0 0 0 0 0 3362 2078 1623 1623 0 0 0 0 0 0 0 3403 2115 1615 1615 0 0 0 0 0 0 0 3372 2095 1619 1619 0 0 0 0 0 0 0 3316 2053 1615 1615 0 0 0 0 0 0 0 3317 2053 1613 1613 0 0 0 0 0 0 0 3318 2053 1612 1612 0 0 0 0 0 0 0 3343 2072 1622 1622 0 0 0 0 0 0 0 3319 2054 1616 1616 0 0 0 0 0 0 0 3321 2056 1617 1617 0 0 0 0 0 0 0 3342 2071 1607 1607 0 0 0 0 0 0 0 3319 2054 1616 1616 0 0 0 0 0 0 0 3343 2072 1622 1622 0 0 0 0 0 0 0 3319 2054 1616 1616 0 0 0 0 0 0 0 3320 2055 1606 1606 0 0 0 0 0 0 0 3321 2056 1617 1617 0 0 0 0 0 0 0 3360 2087 1627 1627 0 0 0 0 0 0 0 3342 2071 1607 1607 0 0 0 0 0 0 0 3343 2072 1622 1622 0 0 0 0 0 0 0 3360 2087 1627 1627 0 0 0 0 0 0 0 3344 2073 1609 1609 0 0 0 0 0 0 0 3342 2071 1607 1607 0 0 0 0 0 0 0 3344 2073 1609 1609 0 0 0 0 0 0 0 3345 2074 1605 1605 0 0 0 0 0 0 0 3342 2071 1607 1607 0 0 0 0 0 0 0 3322 2057 1606 1606 0 0 0 0 0 0 0 3323 2057 1618 1618 0 0 0 0 0 0 0 3324 2057 1617 1617 0 0 0 0 0 0 0 3325 2058 1614 1614 0 0 0 0 0 0 0 3326 2058 1615 1615 0 0 0 0 0 0 0 3327 2058 1612 1612 0 0 0 0 0 0 0 3332 2063 1619 1619 0 0 0 0 0 0 0 3328 2059 1615 1615 0 0 0 0 0 0 0 3331 2062 1608 1608 0 0 0 0 0 0 0 3330 2061 1606 1606 0 0 0 0 0 0 0 3331 2062 1608 1608 0 0 0 0 0 0 0 3328 2059 1615 1615 0 0 0 0 0 0 0 3328 2059 1615 1615 0 0 0 0 0 0 0 3329 2060 1618 1618 0 0 0 0 0 0 0 3330 2061 1606 1606 0 0 0 0 0 0 0 3333 2064 1611 1611 0 0 0 0 0 0 0 3335 2066 1610 1610 0 0 0 0 0 0 0 3354 2083 1621 1621 0 0 0 0 0 0 0 3333 2064 1611 1611 0 0 0 0 0 0 0 3334 2065 1597 1597 0 0 0 0 0 0 0 3335 2066 1610 1610 0 0 0 0 0 0 0 3336 2067 1620 1620 0 0 0 0 0 0 0 3337 2068 1602 1602 0 0 0 0 0 0 0 3338 2069 1621 1621 0 0 0 0 0 0 0 3339 2070 1611 1611 0 0 0 0 0 0 0 3340 2069 1621 1621 0 0 0 0 0 0 0 3341 2068 1602 1602 0 0 0 0 0 0 0 3346 2075 1614 1614 0 0 0 0 0 0 0 3347 2076 1613 1613 0 0 0 0 0 0 0 3348 2077 1615 1615 0 0 0 0 0 0 0 3353 2082 1624 1624 0 0 0 0 0 0 0 3348 2077 1615 1615 0 0 0 0 0 0 0 3347 2076 1613 1613 0 0 0 0 0 0 0 3355 2084 1625 1625 0 0 0 0 0 0 0 3356 2084 1626 1626 0 0 0 0 0 0 0 3357 2085 1627 1627 0 0 0 0 0 0 0 3365 2091 1612 1612 0 0 0 0 0 0 0 3366 2091 1615 1615 0 0 0 0 0 0 0 3367 2091 1623 1623 0 0 0 0 0 0 0 3368 2092 1617 1617 0 0 0 0 0 0 0 3369 2079 1624 1624 0 0 0 0 0 0 0 3370 2093 1622 1622 0 0 0 0 0 0 0 3370 2093 1622 1622 0 0 0 0 0 0 0 3369 2079 1624 1624 0 0 0 0 0 0 0 3371 2094 1627 1627 0 0 0 0 0 0 0 3380 2099 1633 1633 0 0 0 0 0 0 0 3379 2102 1634 1634 0 0 0 0 0 0 0 3412 2100 1620 1620 0 0 0 0 0 0 0 3379 2102 1634 1634 0 0 0 0 0 0 0 3380 2099 1633 1633 0 0 0 0 0 0 0 3381 2096 1630 1630 0 0 0 0 0 0 0 3383 2097 1631 1631 0 0 0 0 0 0 0 3382 2103 1635 1635 0 0 0 0 0 0 0 3411 2096 1630 1630 0 0 0 0 0 0 0 3382 2103 1635 1635 0 0 0 0 0 0 0 3383 2097 1631 1631 0 0 0 0 0 0 0 3384 2089 1629 1629 0 0 0 0 0 0 0 3390 2106 1630 1630 0 0 0 0 0 0 0 3386 2104 1603 1603 0 0 0 0 0 0 0 3385 2104 1634 1634 0 0 0 0 0 0 0 3385 2104 1634 1634 0 0 0 0 0 0 0 3386 2104 1603 1603 0 0 0 0 0 0 0 3387 2105 1620 1620 0 0 0 0 0 0 0 3392 2107 1635 1635 0 0 0 0 0 0 0 3389 2106 1601 1601 0 0 0 0 0 0 0 3390 2106 1630 1630 0 0 0 0 0 0 0 3389 2106 1601 1601 0 0 0 0 0 0 0 3386 2104 1603 1603 0 0 0 0 0 0 0 3390 2106 1630 1630 0 0 0 0 0 0 0 3387 2105 1620 1620 0 0 0 0 0 0 0 3386 2104 1603 1603 0 0 0 0 0 0 0 3388 2105 1602 1602 0 0 0 0 0 0 0 3391 2107 1599 1599 0 0 0 0 0 0 0 3389 2106 1601 1601 0 0 0 0 0 0 0 3392 2107 1635 1635 0 0 0 0 0 0 0 3394 2109 1629 1629 0 0 0 0 0 0 0 3391 2107 1599 1599 0 0 0 0 0 0 0 3392 2107 1635 1635 0 0 0 0 0 0 0 3393 2108 1600 1600 0 0 0 0 0 0 0 3391 2107 1599 1599 0 0 0 0 0 0 0 3394 2109 1629 1629 0 0 0 0 0 0 0 3395 2108 1600 1600 0 0 0 0 0 0 0 3396 2110 1629 1629 0 0 0 0 0 0 0 3397 2111 1608 1608 0 0 0 0 0 0 0 3397 2111 1608 1608 0 0 0 0 0 0 0 3396 2110 1629 1629 0 0 0 0 0 0 0 3398 2112 1619 1619 0 0 0 0 0 0 0 3399 2113 1624 1624 0 0 0 0 0 0 0 3400 2113 1617 1617 0 0 0 0 0 0 0 3401 2113 1618 1618 0 0 0 0 0 0 0 3404 2116 1618 1618 0 0 0 0 0 0 0 3405 2115 1615 1615 0 0 0 0 0 0 0 3406 2079 1624 1624 0 0 0 0 0 0 0 3408 2094 1627 1627 0 0 0 0 0 0 0 3409 2079 1624 1624 0 0 0 0 0 0 0 3410 2078 1623 1623 0 0 0 0 0 0 0 3413 2117 1630 1630 0 0 0 0 0 0 0 3414 2118 1629 1629 0 0 0 0 0 0 0 3415 2118 1631 1631 0 0 0 0 0 0 0 3416 2119 1633 1633 0 0 0 0 0 0 0 3417 2119 1620 1620 0 0 0 0 0 0 0 3418 2117 1630 1630 0 0 0 0 0 0 0 3419 2059 1615 1615 0 0 0 0 0 0 0 3420 2120 1612 1612 0 0 0 0 0 0 0 3421 2120 1613 1613 0 0 0 0 0 0 0 3425 2123 601 601 0 0 0 0 0 0 0 3511 2184 599 599 0 0 0 0 0 0 0 3429 2127 680 680 0 0 0 0 0 0 0 3425 2123 601 601 0 0 0 0 0 0 0 3429 2127 680 680 0 0 0 0 0 0 0 3426 2124 666 666 0 0 0 0 0 0 0 3425 2123 601 601 0 0 0 0 0 0 0 3426 2124 666 666 0 0 0 0 0 0 0 3427 2125 643 643 0 0 0 0 0 0 0 3426 2124 666 666 0 0 0 0 0 0 0 3429 2127 680 680 0 0 0 0 0 0 0 3433 2130 709 709 0 0 0 0 0 0 0 3429 2127 680 680 0 0 0 0 0 0 0 3437 2134 723 723 0 0 0 0 0 0 0 3433 2130 709 709 0 0 0 0 0 0 0 3433 2130 709 709 0 0 0 0 0 0 0 3428 2126 679 679 0 0 0 0 0 0 0 3426 2124 666 666 0 0 0 0 0 0 0 3426 2124 666 666 0 0 0 0 0 0 0 3428 2126 679 679 0 0 0 0 0 0 0 3427 2125 643 643 0 0 0 0 0 0 0 3454 2146 749 749 0 0 0 0 0 0 0 3433 2130 709 709 0 0 0 0 0 0 0 3437 2134 723 723 0 0 0 0 0 0 0 3454 2146 749 749 0 0 0 0 0 0 0 3455 2147 763 763 0 0 0 0 0 0 0 3433 2130 709 709 0 0 0 0 0 0 0 3494 2177 791 791 0 0 0 0 0 0 0 3463 2153 772 772 0 0 0 0 0 0 0 3454 2146 749 749 0 0 0 0 0 0 0 3463 2153 772 772 0 0 0 0 0 0 0 3455 2147 763 763 0 0 0 0 0 0 0 3454 2146 749 749 0 0 0 0 0 0 0 3430 2128 643 643 0 0 0 0 0 0 0 3431 2126 679 679 0 0 0 0 0 0 0 3432 2129 708 708 0 0 0 0 0 0 0 3434 2131 679 679 0 0 0 0 0 0 0 3435 2132 722 722 0 0 0 0 0 0 0 3436 2133 711 711 0 0 0 0 0 0 0 3438 2135 709 709 0 0 0 0 0 0 0 3439 2136 735 735 0 0 0 0 0 0 0 3440 2131 679 679 0 0 0 0 0 0 0 3506 2132 722 722 0 0 0 0 0 0 0 3440 2131 679 679 0 0 0 0 0 0 0 3439 2136 735 735 0 0 0 0 0 0 0 3462 2152 738 738 0 0 0 0 0 0 0 3441 2137 724 724 0 0 0 0 0 0 0 3453 2145 751 751 0 0 0 0 0 0 0 3441 2137 724 724 0 0 0 0 0 0 0 3443 2132 722 722 0 0 0 0 0 0 0 3453 2145 751 751 0 0 0 0 0 0 0 3441 2137 724 724 0 0 0 0 0 0 0 3442 2133 711 711 0 0 0 0 0 0 0 3443 2132 722 722 0 0 0 0 0 0 0 3462 2152 738 738 0 0 0 0 0 0 0 3453 2145 751 751 0 0 0 0 0 0 0 3495 2178 794 794 0 0 0 0 0 0 0 3444 2138 723 723 0 0 0 0 0 0 0 3445 2139 748 748 0 0 0 0 0 0 0 3446 2140 749 749 0 0 0 0 0 0 0 3447 2141 723 723 0 0 0 0 0 0 0 3448 2141 750 750 0 0 0 0 0 0 0 3449 2141 748 748 0 0 0 0 0 0 0 3450 2142 723 723 0 0 0 0 0 0 0 3507 2183 680 680 0 0 0 0 0 0 0 3451 2143 660 660 0 0 0 0 0 0 0 3450 2142 723 723 0 0 0 0 0 0 0 3451 2143 660 660 0 0 0 0 0 0 0 3452 2144 689 689 0 0 0 0 0 0 0 3456 2148 750 750 0 0 0 0 0 0 0 3457 2138 723 723 0 0 0 0 0 0 0 3458 2149 689 689 0 0 0 0 0 0 0 3461 2145 751 751 0 0 0 0 0 0 0 3502 2181 722 722 0 0 0 0 0 0 0 3459 2150 735 735 0 0 0 0 0 0 0 3460 2151 764 764 0 0 0 0 0 0 0 3459 2150 735 735 0 0 0 0 0 0 0 3493 2176 763 763 0 0 0 0 0 0 0 3459 2150 735 735 0 0 0 0 0 0 0 3460 2151 764 764 0 0 0 0 0 0 0 3461 2145 751 751 0 0 0 0 0 0 0 3464 2154 782 782 0 0 0 0 0 0 0 3465 2154 763 763 0 0 0 0 0 0 0 3466 2154 772 772 0 0 0 0 0 0 0 3467 2155 751 751 0 0 0 0 0 0 0 3468 2156 764 764 0 0 0 0 0 0 0 3469 2157 783 783 0 0 0 0 0 0 0 3468 2156 764 764 0 0 0 0 0 0 0 3480 2165 792 792 0 0 0 0 0 0 0 3469 2157 783 783 0 0 0 0 0 0 0 3470 2158 763 763 0 0 0 0 0 0 0 3471 2158 782 782 0 0 0 0 0 0 0 3472 2156 764 764 0 0 0 0 0 0 0 3473 2159 790 790 0 0 0 0 0 0 0 3475 2161 772 772 0 0 0 0 0 0 0 3478 2163 791 791 0 0 0 0 0 0 0 3473 2159 790 790 0 0 0 0 0 0 0 3478 2163 791 791 0 0 0 0 0 0 0 3477 2162 780 780 0 0 0 0 0 0 0 3473 2159 790 790 0 0 0 0 0 0 0 3474 2160 782 782 0 0 0 0 0 0 0 3475 2161 772 772 0 0 0 0 0 0 0 3479 2164 750 750 0 0 0 0 0 0 0 3477 2162 780 780 0 0 0 0 0 0 0 3476 2139 748 748 0 0 0 0 0 0 0 3476 2139 748 748 0 0 0 0 0 0 0 3477 2162 780 780 0 0 0 0 0 0 0 3478 2163 791 791 0 0 0 0 0 0 0 3481 2166 790 790 0 0 0 0 0 0 0 3489 2174 783 783 0 0 0 0 0 0 0 3482 2167 792 792 0 0 0 0 0 0 0 3485 2170 799 799 0 0 0 0 0 0 0 3489 2174 783 783 0 0 0 0 0 0 0 3481 2166 790 790 0 0 0 0 0 0 0 3481 2166 790 790 0 0 0 0 0 0 0 3484 2169 780 780 0 0 0 0 0 0 0 3485 2170 799 799 0 0 0 0 0 0 0 3481 2166 790 790 0 0 0 0 0 0 0 3482 2167 792 792 0 0 0 0 0 0 0 3483 2168 782 782 0 0 0 0 0 0 0 3486 2171 805 805 0 0 0 0 0 0 0 3487 2172 783 783 0 0 0 0 0 0 0 3488 2173 799 799 0 0 0 0 0 0 0 3490 2165 792 792 0 0 0 0 0 0 0 3491 2175 764 764 0 0 0 0 0 0 0 3492 2175 782 782 0 0 0 0 0 0 0 3496 2179 751 751 0 0 0 0 0 0 0 3497 2179 783 783 0 0 0 0 0 0 0 3498 2179 794 794 0 0 0 0 0 0 0 3499 2177 791 791 0 0 0 0 0 0 0 3500 2180 749 749 0 0 0 0 0 0 0 3501 2180 748 748 0 0 0 0 0 0 0 3503 2182 763 763 0 0 0 0 0 0 0 3504 2136 735 735 0 0 0 0 0 0 0 3505 2135 709 709 0 0 0 0 0 0 0 3508 2129 708 708 0 0 0 0 0 0 0 3509 2131 679 679 0 0 0 0 0 0 0 3510 2133 711 711 0 0 0 0 0 0 0 3512 2185 599 599 0 0 0 0 0 0 0 3513 2186 660 660 0 0 0 0 0 0 0 3514 2187 680 680 0 0 0 0 0 0 0 3558 2188 39 39 0 0 0 0 0 0 0 3515 0 0 0 0 0 0 0 0 0 0 3517 0 2 2 0 0 0 0 0 0 0 3557 19 38 38 0 0 0 0 0 0 0 3515 0 0 0 0 0 0 0 0 0 0 3558 2188 39 39 0 0 0 0 0 0 0 3515 0 0 0 0 0 0 0 0 0 0 3516 1 1 1 0 0 0 0 0 0 0 3517 0 2 2 0 0 0 0 0 0 0 3516 1 1 1 0 0 0 0 0 0 0 3519 2 4 4 0 0 0 0 0 0 0 3518 1 3 3 0 0 0 0 0 0 0 3517 0 2 2 0 0 0 0 0 0 0 3516 1 1 1 0 0 0 0 0 0 0 3518 1 3 3 0 0 0 0 0 0 0 3519 2 4 4 0 0 0 0 0 0 0 3521 3 6 6 0 0 0 0 0 0 0 3520 2 5 5 0 0 0 0 0 0 0 3518 1 3 3 0 0 0 0 0 0 0 3519 2 4 4 0 0 0 0 0 0 0 3520 2 5 5 0 0 0 0 0 0 0 3521 3 6 6 0 0 0 0 0 0 0 3523 4 8 8 0 0 0 0 0 0 0 3522 3 7 7 0 0 0 0 0 0 0 3520 2 5 5 0 0 0 0 0 0 0 3521 3 6 6 0 0 0 0 0 0 0 3522 3 7 7 0 0 0 0 0 0 0 3523 4 8 8 0 0 0 0 0 0 0 3525 5 10 10 0 0 0 0 0 0 0 3524 4 9 9 0 0 0 0 0 0 0 3522 3 7 7 0 0 0 0 0 0 0 3523 4 8 8 0 0 0 0 0 0 0 3524 4 9 9 0 0 0 0 0 0 0 3525 5 10 10 0 0 0 0 0 0 0 3527 6 12 12 0 0 0 0 0 0 0 3526 5 11 11 0 0 0 0 0 0 0 3524 4 9 9 0 0 0 0 0 0 0 3525 5 10 10 0 0 0 0 0 0 0 3526 5 11 11 0 0 0 0 0 0 0 3527 6 12 12 0 0 0 0 0 0 0 3529 7 14 14 0 0 0 0 0 0 0 3528 6 13 13 0 0 0 0 0 0 0 3526 5 11 11 0 0 0 0 0 0 0 3527 6 12 12 0 0 0 0 0 0 0 3528 6 13 13 0 0 0 0 0 0 0 3529 7 14 14 0 0 0 0 0 0 0 3531 8 16 16 0 0 0 0 0 0 0 3530 7 15 15 0 0 0 0 0 0 0 3528 6 13 13 0 0 0 0 0 0 0 3529 7 14 14 0 0 0 0 0 0 0 3530 7 15 15 0 0 0 0 0 0 0 3531 8 16 16 0 0 0 0 0 0 0 3533 9 18 18 0 0 0 0 0 0 0 3532 8 17 17 0 0 0 0 0 0 0 3530 7 15 15 0 0 0 0 0 0 0 3531 8 16 16 0 0 0 0 0 0 0 3532 8 17 17 0 0 0 0 0 0 0 3532 8 17 17 0 0 0 0 0 0 0 3533 9 18 18 0 0 0 0 0 0 0 3534 9 19 19 0 0 0 0 0 0 0 3535 9 18 18 0 0 0 0 0 0 0 3536 10 20 20 0 0 0 0 0 0 0 3537 9 19 19 0 0 0 0 0 0 0 3536 10 20 20 0 0 0 0 0 0 0 3539 11 22 22 0 0 0 0 0 0 0 3538 10 21 21 0 0 0 0 0 0 0 3537 9 19 19 0 0 0 0 0 0 0 3536 10 20 20 0 0 0 0 0 0 0 3538 10 21 21 0 0 0 0 0 0 0 3539 11 22 22 0 0 0 0 0 0 0 3541 12 24 24 0 0 0 0 0 0 0 3540 11 23 23 0 0 0 0 0 0 0 3538 10 21 21 0 0 0 0 0 0 0 3539 11 22 22 0 0 0 0 0 0 0 3540 11 23 23 0 0 0 0 0 0 0 3541 12 24 24 0 0 0 0 0 0 0 3543 13 26 26 0 0 0 0 0 0 0 3542 12 25 25 0 0 0 0 0 0 0 3540 11 23 23 0 0 0 0 0 0 0 3541 12 24 24 0 0 0 0 0 0 0 3542 12 25 25 0 0 0 0 0 0 0 3543 13 26 26 0 0 0 0 0 0 0 3545 14 28 28 0 0 0 0 0 0 0 3544 13 27 27 0 0 0 0 0 0 0 3542 12 25 25 0 0 0 0 0 0 0 3543 13 26 26 0 0 0 0 0 0 0 3544 13 27 27 0 0 0 0 0 0 0 3545 14 28 28 0 0 0 0 0 0 0 3547 15 30 30 0 0 0 0 0 0 0 3546 14 29 29 0 0 0 0 0 0 0 3544 13 27 27 0 0 0 0 0 0 0 3545 14 28 28 0 0 0 0 0 0 0 3546 14 29 29 0 0 0 0 0 0 0 3547 15 30 30 0 0 0 0 0 0 0 3549 16 32 32 0 0 0 0 0 0 0 3548 15 31 31 0 0 0 0 0 0 0 3546 14 29 29 0 0 0 0 0 0 0 3547 15 30 30 0 0 0 0 0 0 0 3548 15 31 31 0 0 0 0 0 0 0 3549 16 32 32 0 0 0 0 0 0 0 3551 17 34 34 0 0 0 0 0 0 0 3550 16 33 33 0 0 0 0 0 0 0 3548 15 31 31 0 0 0 0 0 0 0 3549 16 32 32 0 0 0 0 0 0 0 3550 16 33 33 0 0 0 0 0 0 0 3551 17 34 34 0 0 0 0 0 0 0 3553 18 36 36 0 0 0 0 0 0 0 3552 17 35 35 0 0 0 0 0 0 0 3550 16 33 33 0 0 0 0 0 0 0 3551 17 34 34 0 0 0 0 0 0 0 3552 17 35 35 0 0 0 0 0 0 0 3553 18 36 36 0 0 0 0 0 0 0 3555 19 38 38 0 0 0 0 0 0 0 3554 18 37 37 0 0 0 0 0 0 0 3552 17 35 35 0 0 0 0 0 0 0 3553 18 36 36 0 0 0 0 0 0 0 3554 18 37 37 0 0 0 0 0 0 0 3554 18 37 37 0 0 0 0 0 0 0 3555 19 38 38 0 0 0 0 0 0 0 3556 2188 39 39 0 0 0 0 0 0 0</p>
                </triangles>
            </mesh>
        </geometry>
        <geometry id="floating_plateShape-geometry" name="floating_plateShape">
            <mesh>
                <source id="floating_plateShape-geometry-POSITION">
                    <float_array id="floating_plateShape-geometry-POSITION-array" count="1002">-17.8419 45.1617 10.3331 -15.6964 45.1617 10.3331 -17.8419 47 10.3331 -14 47 10.3331 -17.8419 47 10.3331 -14 47 10.3331 -17.8419 47 -10.2832 -14 47 -10.2832 -17.8419 47 -10.2832 -14 47 -10.2832 -17.8419 45.1617 -10.2832 -14 45.1617 -10.2832 -14 45.1617 -10.2832 -15.6964 45.1617 10.3331 -17.8419 45.1617 -10.2832 -17.8419 45.1617 10.3331 -17.8419 45.1617 -10.2832 -17.8419 45.1617 10.3331 -17.8419 47 -10.2832 -17.8419 47 10.3331 -4.94068 43.604 10.3331 -4.53746 43.9134 10.3331 -4.94068 47 10.3331 0 47 10.3331 -4.94068 47 -10.2832 -4.94068 47 10.3331 0 47 -10.2832 0 47 10.3331 -4.94068 43.604 -10.2832 -4.94068 47 -10.2832 -4.53746 43.9134 -10.2832 0 47 -10.2832 -4.94068 43.604 10.3331 -4.94068 43.604 -10.2832 -4.53746 43.9134 10.3331 -4.53746 43.9134 -10.2832 -14.1347 43.604 10.3331 -14 45.1617 -10.2832 -14 47 -10.2832 -14.1347 43.604 -10.2832 -14.1347 43.604 10.3331 -14.1347 43.604 -10.2832 -14.1347 43.604 -10.2832 -3.33641 43.9134 10.3331 -3.33641 43.9134 -10.2832 -3.33641 43.9134 10.3331 -3.33641 43.9134 -10.2832 -2.32951 43.2512 10.3331 -1.19702 42.839 10.3331 -2.32951 43.2512 -10.2832 -1.19702 42.839 -10.2832 -2.32951 43.2512 10.3331 -2.32951 43.2512 -10.2832 -1.19702 42.839 10.3331 -1.19702 42.839 -10.2832 0 42.6991 10.3331 0 42.6991 -10.2832 0 42.6991 10.3331 0 42.6991 -10.2832 17.8419 45.1617 10.3331 17.8419 47 10.3331 15.6964 45.1617 10.3331 14 47 10.3331 17.8419 47 10.3331 17.8419 47 -10.2832 14 47 10.3331 14 47 -10.2832 17.8419 47 -10.2832 17.8419 45.1617 -10.2832 14 47 -10.2832 14 45.1617 -10.2832 17.8419 45.1617 10.3331 15.6964 45.1617 10.3331 17.8419 45.1617 -10.2832 14 45.1617 -10.2832 17.8419 45.1617 -10.2832 17.8419 47 -10.2832 17.8419 45.1617 10.3331 17.8419 47 10.3331 4.94068 43.604 10.3331 4.94068 47 10.3331 4.53746 43.9134 10.3331 4.94068 47 -10.2832 4.94068 47 10.3331 4.94068 43.604 -10.2832 4.53746 43.9134 -10.2832 4.94068 47 -10.2832 4.94068 43.604 10.3331 4.53746 43.9134 10.3331 4.94068 43.604 -10.2832 4.53746 43.9134 -10.2832 14.1347 43.604 10.3331 14 45.1617 -10.2832 14.1347 43.604 -10.2832 14 47 -10.2832 14.1347 43.604 10.3331 14.1347 43.604 -10.2832 14.1347 43.604 -10.2832 3.33641 43.9134 10.3331 3.33641 43.9134 -10.2832 3.33641 43.9134 10.3331 3.33641 43.9134 -10.2832 2.32951 43.2512 10.3331 1.19702 42.839 10.3331 2.32951 43.2512 -10.2832 1.19702 42.839 -10.2832 2.32951 43.2512 10.3331 1.19702 42.839 10.3331 2.32951 43.2512 -10.2832 1.19702 42.839 -10.2832 24.1581 22.1617 10.3331 26.3036 22.1617 10.3331 24.1581 24 10.3331 28 24 10.3331 24.1581 24 10.3331 28 24 10.3331 24.1581 24 -10.2832 28 24 -10.2832 24.1581 24 -10.2832 28 24 -10.2832 24.1581 22.1617 -10.2832 28 22.1617 -10.2832 28 22.1617 -10.2832 26.3036 22.1617 10.3331 24.1581 22.1617 -10.2832 24.1581 22.1617 10.3331 24.1581 22.1617 -10.2832 24.1581 22.1617 10.3331 24.1581 24 -10.2832 24.1581 24 10.3331 37.0593 20.604 10.3331 37.4625 20.9134 10.3331 37.0593 24 10.3331 42 24 10.3331 37.0593 24 -10.2832 37.0593 24 10.3331 42 24 -10.2832 42 24 10.3331 37.0593 20.604 -10.2832 37.0593 24 -10.2832 37.4625 20.9134 -10.2832 42 24 -10.2832 37.0593 20.604 10.3331 37.0593 20.604 -10.2832 37.4625 20.9134 10.3331 37.4625 20.9134 -10.2832 27.8653 20.604 10.3331 28 22.1617 -10.2832 28 24 -10.2832 27.8653 20.604 -10.2832 27.8653 20.604 10.3331 27.8653 20.604 -10.2832 27.8653 20.604 -10.2832 28 24 -10.2832 38.6636 20.9134 10.3331 38.6636 20.9134 -10.2832 38.6636 20.9134 10.3331 38.6636 20.9134 -10.2832 39.6705 20.2512 10.3331 40.803 19.839 10.3331 39.6705 20.2512 -10.2832 40.803 19.839 -10.2832 39.6705 20.2512 10.3331 39.6705 20.2512 -10.2832 40.803 19.839 10.3331 40.803 19.839 -10.2832 42 19.6991 10.3331 42 19.6991 -10.2832 42 19.6991 10.3331 42 19.6991 -10.2832 59.8419 22.1617 10.3331 59.8419 24 10.3331 57.6964 22.1617 10.3331 56 24 10.3331 59.8419 24 10.3331 59.8419 24 -10.2832 56 24 10.3331 56 24 -10.2832 59.8419 24 -10.2832 59.8419 22.1617 -10.2832 56 24 -10.2832 56 22.1617 -10.2832 59.8419 22.1617 10.3331 57.6964 22.1617 10.3331 59.8419 22.1617 -10.2832 56 22.1617 -10.2832 59.8419 22.1617 -10.2832 59.8419 24 -10.2832 59.8419 22.1617 10.3331 59.8419 24 10.3331 46.9407 20.604 10.3331 46.9407 24 10.3331 46.5375 20.9134 10.3331 46.9407 24 -10.2832 46.9407 24 10.3331 46.9407 20.604 -10.2832 46.5375 20.9134 -10.2832 46.9407 24 -10.2832 46.9407 20.604 10.3331 46.5375 20.9134 10.3331 46.9407 20.604 -10.2832 46.5375 20.9134 -10.2832 56.1347 20.604 10.3331 56 22.1617 -10.2832 56.1347 20.604 -10.2832 56 24 -10.2832 56.1347 20.604 10.3331 56.1347 20.604 -10.2832 56.1347 20.604 -10.2832 56 24 -10.2832 45.3364 20.9134 10.3331 45.3364 20.9134 -10.2832 45.3364 20.9134 10.3331 45.3364 20.9134 -10.2832 44.3295 20.2512 10.3331 43.197 19.839 10.3331 44.3295 20.2512 -10.2832 43.197 19.839 -10.2832 44.3295 20.2512 10.3331 43.197 19.839 10.3331 44.3295 20.2512 -10.2832 43.197 19.839 -10.2832 -59.8419 22.1617 10.3331 -57.6964 22.1617 10.3331 -59.8419 24 10.3331 -56 24 10.3331 -59.8419 24 10.3331 -56 24 10.3331 -59.8419 24 -10.2832 -56 24 -10.2832 -59.8419 24 -10.2832 -56 24 -10.2832 -59.8419 22.1617 -10.2832 -56 22.1617 -10.2832 -56 22.1617 -10.2832 -57.6964 22.1617 10.3331 -59.8419 22.1617 -10.2832 -59.8419 22.1617 10.3331 -59.8419 22.1617 -10.2832 -59.8419 22.1617 10.3331 -59.8419 24 -10.2832 -59.8419 24 10.3331 -46.9407 20.604 10.3331 -46.5375 20.9134 10.3331 -46.9407 24 10.3331 -42 24 10.3331 -46.9407 24 -10.2832 -46.9407 24 10.3331 -42 24 -10.2832 -42 24 10.3331 -46.9407 20.604 -10.2832 -46.9407 24 -10.2832 -46.5375 20.9134 -10.2832 -42 24 -10.2832 -46.9407 20.604 10.3331 -46.9407 20.604 -10.2832 -46.5375 20.9134 10.3331 -46.5375 20.9134 -10.2832 -56.1347 20.604 10.3331 -56 22.1617 -10.2832 -56 24 -10.2832 -56.1347 20.604 -10.2832 -56.1347 20.604 10.3331 -56.1347 20.604 -10.2832 -56.1347 20.604 -10.2832 -56 24 -10.2832 -45.3364 20.9134 10.3331 -45.3364 20.9134 -10.2832 -45.3364 20.9134 10.3331 -45.3364 20.9134 -10.2832 -44.3295 20.2512 10.3331 -43.197 19.839 10.3331 -44.3295 20.2512 -10.2832 -43.197 19.839 -10.2832 -44.3295 20.2512 10.3331 -44.3295 20.2512 -10.2832 -43.197 19.839 10.3331 -43.197 19.839 -10.2832 -42 19.6991 10.3331 -42 19.6991 -10.2832 -42 19.6991 10.3331 -42 19.6991 -10.2832 -24.1581 22.1617 10.3331 -24.1581 24 10.3331 -26.3036 22.1617 10.3331 -28 24 10.3331 -24.1581 24 10.3331 -24.1581 24 -10.2832 -28 24 10.3331 -28 24 -10.2832 -24.1581 24 -10.2832 -24.1581 22.1617 -10.2832 -28 24 -10.2832 -28 22.1617 -10.2832 -24.1581 22.1617 10.3331 -26.3036 22.1617 10.3331 -24.1581 22.1617 -10.2832 -28 22.1617 -10.2832 -24.1581 22.1617 -10.2832 -24.1581 24 -10.2832 -24.1581 22.1617 10.3331 -24.1581 24 10.3331 -37.0593 20.604 10.3331 -37.0593 24 10.3331 -37.4625 20.9134 10.3331 -37.0593 24 -10.2832 -37.0593 24 10.3331 -37.0593 20.604 -10.2832 -37.4625 20.9134 -10.2832 -37.0593 24 -10.2832 -37.0593 20.604 10.3331 -37.4625 20.9134 10.3331 -37.0593 20.604 -10.2832 -37.4625 20.9134 -10.2832 -27.8653 20.604 10.3331 -28 22.1617 -10.2832 -27.8653 20.604 -10.2832 -28 24 -10.2832 -27.8653 20.604 10.3331 -27.8653 20.604 -10.2832 -27.8653 20.604 -10.2832 -28 24 -10.2832 -38.6636 20.9134 10.3331 -38.6636 20.9134 -10.2832 -38.6636 20.9134 10.3331 -38.6636 20.9134 -10.2832 -39.6705 20.2512 10.3331 -40.803 19.839 10.3331 -39.6705 20.2512 -10.2832 -40.803 19.839 -10.2832 -39.6705 20.2512 10.3331 -40.803 19.839 10.3331 -39.6705 20.2512 -10.2832 -40.803 19.839 -10.2832</float_array>
                    <technique_common>
                        <accessor count="334" offset="0" source="floating_plateShape-geometry-POSITION-array" stride="3">
                            <param name="X" type="float" />
                            <param name="Y" type="float" />
                            <param name="Z" type="float" />
                        </accessor>
                    </technique_common>
                </source>
                <source id="floating_plateShape-geometry-NORMAL">
                    <float_array id="floating_plateShape-geometry-NORMAL-array" count="72">0 0 1.000122 0 1.000122 0 0 0 -1.000122 -0.4003906 -0.9160156 -0.01646423 -0.3640137 -0.9311523 -0.0149765 1.251698E-06 -1.000122 0 -1.000122 0 0 0.03219604 -0.9990234 0 0.1893311 -0.9814453 0 -0.1552734 -0.987793 -0.006389618 -0.2871094 -0.9575195 0 -0.4487305 -0.8935547 0 -0.2305908 -0.9726563 0 0 -1.000122 0 -1.251698E-06 -1.000122 0 0.3640137 -0.9311523 -0.0149765 0.4003906 -0.9160156 -0.01646423 1.000122 0 0 -0.03219604 -0.9990234 0 -0.1893311 -0.9814453 0 0.1552734 -0.987793 -0.006389618 0.2871094 -0.9575195 0 0.4487305 -0.8935547 0 0.2305908 -0.9726563 0</float_array>
                    <technique_common>
                        <accessor count="24" offset="0" source="floating_plateShape-geometry-NORMAL-array" stride="3">
                            <param name="X" type="float" />
                            <param name="Y" type="float" />
                            <param name="Z" type="float" />
                        </accessor>
                    </technique_common>
                </source>
                <source id="floating_plateShape-geometry-TEXCOORD">
                    <float_array id="floating_plateShape-geometry-TEXCOORD-array" count="156">0.2758789 -0.5317383 0.3027344 -0.5317383 0.2758789 -0.5551758 0.3242188 -0.5551758 0.3242188 -0.5317383 0.4377441 -0.5117188 0.4428711 -0.515625 0.4377441 -0.5551758 0.500061 -0.5551758 0.3225098 -0.5117188 0.4580078 -0.515625 0.4707031 -0.5073242 0.4848633 -0.5019531 0.500061 -0.500061 0.7236328 -0.5317383 0.7236328 -0.5551758 0.6967773 -0.5317383 0.675293 -0.5551758 0.675293 -0.5317383 0.5620117 -0.5117188 0.5620117 -0.5551758 0.5566406 -0.515625 0.6772461 -0.5117188 0.5415039 -0.515625 0.5288086 -0.5073242 0.5146484 -0.5019531 0.8032227 -0.2382813 0.8300781 -0.2382813 0.8032227 -0.2617188 0.8510742 -0.2617188 0.8510742 -0.2382813 0.9648438 -0.2183838 0.9702148 -0.22229 0.9648438 -0.2617188 1.026367 -0.2617188 0.8496094 -0.2183838 0.9853516 -0.22229 0.9975586 -0.2138672 1.011719 -0.2086182 1.026367 -0.2067871 1.250977 -0.2382813 1.250977 -0.2617188 1.223633 -0.2382813 1.202148 -0.2617188 1.202148 -0.2382813 1.088867 -0.2183838 1.088867 -0.2617188 1.083984 -0.22229 1.204102 -0.2183838 1.068359 -0.22229 1.055664 -0.2138672 1.041992 -0.2086182 -0.2512207 -0.2382813 -0.2242432 -0.2382813 -0.2512207 -0.2617188 -0.2030029 -0.2617188 -0.2030029 -0.2382813 -0.0892334 -0.2183838 -0.08422852 -0.22229 -0.0892334 -0.2617188 -0.02726746 -0.2617188 -0.2047119 -0.2183838 -0.06915283 -0.22229 -0.05648804 -0.2138672 -0.04226685 -0.2086182 -0.02726746 -0.2067871 0.1966553 -0.2382813 0.1966553 -0.2617188 0.1696777 -0.2382813 0.1484375 -0.2617188 0.1484375 -0.2382813 0.034729 -0.2183838 0.034729 -0.2617188 0.0296936 -0.22229 0.1501465 -0.2183838 0.01461029 -0.22229 0.001974106 -0.2138672 -0.01223755 -0.2086182</float_array>
                    <technique_common>
                        <accessor count="78" offset="0" source="floating_plateShape-geometry-TEXCOORD-array" stride="2">
                            <param name="S" type="float" />
                            <param name="T" type="float" />
                        </accessor>
                    </technique_common>
                </source>
                <source id="floating_plateShape-geometry-TEXCOORD1">
                    <float_array id="floating_plateShape-geometry-TEXCOORD1-array" count="156">0.2758789 -0.5317383 0.3027344 -0.5317383 0.2758789 -0.5551758 0.3242188 -0.5551758 0.3242188 -0.5317383 0.4377441 -0.5117188 0.4428711 -0.515625 0.4377441 -0.5551758 0.500061 -0.5551758 0.3225098 -0.5117188 0.4580078 -0.515625 0.4707031 -0.5073242 0.4848633 -0.5019531 0.500061 -0.500061 0.7236328 -0.5317383 0.7236328 -0.5551758 0.6967773 -0.5317383 0.675293 -0.5551758 0.675293 -0.5317383 0.5620117 -0.5117188 0.5620117 -0.5551758 0.5566406 -0.515625 0.6772461 -0.5117188 0.5415039 -0.515625 0.5288086 -0.5073242 0.5146484 -0.5019531 0.8032227 -0.2382813 0.8300781 -0.2382813 0.8032227 -0.2617188 0.8510742 -0.2617188 0.8510742 -0.2382813 0.9648438 -0.2183838 0.9702148 -0.22229 0.9648438 -0.2617188 1.026367 -0.2617188 0.8496094 -0.2183838 0.9853516 -0.22229 0.9975586 -0.2138672 1.011719 -0.2086182 1.026367 -0.2067871 1.250977 -0.2382813 1.250977 -0.2617188 1.223633 -0.2382813 1.202148 -0.2617188 1.202148 -0.2382813 1.088867 -0.2183838 1.088867 -0.2617188 1.083984 -0.22229 1.204102 -0.2183838 1.068359 -0.22229 1.055664 -0.2138672 1.041992 -0.2086182 -0.2512207 -0.2382813 -0.2242432 -0.2382813 -0.2512207 -0.2617188 -0.2030029 -0.2617188 -0.2030029 -0.2382813 -0.0892334 -0.2183838 -0.08422852 -0.22229 -0.0892334 -0.2617188 -0.02726746 -0.2617188 -0.2047119 -0.2183838 -0.06915283 -0.22229 -0.05648804 -0.2138672 -0.04226685 -0.2086182 -0.02726746 -0.2067871 0.1966553 -0.2382813 0.1966553 -0.2617188 0.1696777 -0.2382813 0.1484375 -0.2617188 0.1484375 -0.2382813 0.034729 -0.2183838 0.034729 -0.2617188 0.0296936 -0.22229 0.1501465 -0.2183838 0.01461029 -0.22229 0.001974106 -0.2138672 -0.01223755 -0.2086182</float_array>
                    <technique_common>
                        <accessor count="78" offset="0" source="floating_plateShape-geometry-TEXCOORD1-array" stride="2">
                            <param name="S" type="float" />
                            <param name="T" type="float" />
                        </accessor>
                    </technique_common>
                </source>
                <source id="floating_plateShape-geometry-COLOR">
                    <float_array id="floating_plateShape-geometry-COLOR-array" count="4">1 1 1 1</float_array>
                    <technique_common>
                        <accessor count="1" offset="0" source="floating_plateShape-geometry-COLOR-array" stride="4">
                            <param name="R" type="double" />
                            <param name="G" type="double" />
                            <param name="B" type="double" />
                            <param name="A" type="double" />
                        </accessor>
                    </technique_common>
                </source>
                <source id="floating_plateShape-geometry-COLOR1">
                    <float_array id="floating_plateShape-geometry-COLOR1-array" count="4">0 0 0 0</float_array>
                    <technique_common>
                        <accessor count="1" offset="0" source="floating_plateShape-geometry-COLOR1-array" stride="4">
                            <param name="R" type="double" />
                            <param name="G" type="double" />
                            <param name="B" type="double" />
                            <param name="A" type="double" />
                        </accessor>
                    </technique_common>
                </source>
                <source id="floating_plateShape-geometry-COLOR2">
                    <float_array id="floating_plateShape-geometry-COLOR2-array" count="4">0 0 0 0</float_array>
                    <technique_common>
                        <accessor count="1" offset="0" source="floating_plateShape-geometry-COLOR2-array" stride="4">
                            <param name="R" type="double" />
                            <param name="G" type="double" />
                            <param name="B" type="double" />
                            <param name="A" type="double" />
                        </accessor>
                    </technique_common>
                </source>
                <source id="floating_plateShape-geometry-COLOR3">
                    <float_array id="floating_plateShape-geometry-COLOR3-array" count="4">0 0 0 0</float_array>
                    <technique_common>
                        <accessor count="1" offset="0" source="floating_plateShape-geometry-COLOR3-array" stride="4">
                            <param name="R" type="double" />
                            <param name="G" type="double" />
                            <param name="B" type="double" />
                            <param name="A" type="double" />
                        </accessor>
                    </technique_common>
                </source>
                <source id="floating_plateShape-geometry-COLOR4">
                    <float_array id="floating_plateShape-geometry-COLOR4-array" count="4">0 0 0 0</float_array>
                    <technique_common>
                        <accessor count="1" offset="0" source="floating_plateShape-geometry-COLOR4-array" stride="4">
                            <param name="R" type="double" />
                            <param name="G" type="double" />
                            <param name="B" type="double" />
                            <param name="A" type="double" />
                        </accessor>
                    </technique_common>
                </source>
                <source id="floating_plateShape-geometry-COLOR5">
                    <float_array id="floating_plateShape-geometry-COLOR5-array" count="4">0 0 0 0</float_array>
                    <technique_common>
                        <accessor count="1" offset="0" source="floating_plateShape-geometry-COLOR5-array" stride="4">
                            <param name="R" type="double" />
                            <param name="G" type="double" />
                            <param name="B" type="double" />
                            <param name="A" type="double" />
                        </accessor>
                    </technique_common>
                </source>
                <source id="floating_plateShape-geometry-COLOR6">
                    <float_array id="floating_plateShape-geometry-COLOR6-array" count="4">0 0 0 0</float_array>
                    <technique_common>
                        <accessor count="1" offset="0" source="floating_plateShape-geometry-COLOR6-array" stride="4">
                            <param name="R" type="double" />
                            <param name="G" type="double" />
                            <param name="B" type="double" />
                            <param name="A" type="double" />
                        </accessor>
                    </technique_common>
                </source>
                <vertices id="floating_plateShape-vertices">
                    <input semantic="POSITION" source="#floating_plateShape-geometry-POSITION" />
                </vertices>
                <triangles count="276" material="shader_transition01">
                    <input semantic="VERTEX" source="#floating_plateShape-vertices" offset="0" set="0" />
                    <input semantic="NORMAL" source="#floating_plateShape-geometry-NORMAL" offset="1" set="0" />
                    <input semantic="TEXCOORD" source="#floating_plateShape-geometry-TEXCOORD" offset="2" set="0" />
                    <input semantic="TEXCOORD" source="#floating_plateShape-geometry-TEXCOORD1" offset="3" set="1" />
                    <input semantic="COLOR" source="#floating_plateShape-geometry-COLOR" offset="4" set="0" />
                    <input semantic="COLOR" source="#floating_plateShape-geometry-COLOR1" offset="5" set="1" />
                    <input semantic="COLOR" source="#floating_plateShape-geometry-COLOR2" offset="6" set="2" />
                    <input semantic="COLOR" source="#floating_plateShape-geometry-COLOR3" offset="7" set="3" />
                    <input semantic="COLOR" source="#floating_plateShape-geometry-COLOR4" offset="8" set="4" />
                    <input semantic="COLOR" source="#floating_plateShape-geometry-COLOR5" offset="9" set="5" />
                    <input semantic="COLOR" source="#floating_plateShape-geometry-COLOR6" offset="10" set="6" />
                    <p>0 0 0 0 0 0 0 0 0 0 0 1 0 1 1 0 0 0 0 0 0 0 2 0 2 2 0 0 0 0 0 0 0 1 0 1 1 0 0 0 0 0 0 0 36 0 9 9 0 0 0 0 0 0 0 3 0 3 3 0 0 0 0 0 0 0 2 0 2 2 0 0 0 0 0 0 0 1 0 1 1 0 0 0 0 0 0 0 3 0 3 3 0 0 0 0 0 0 0 36 0 9 9 0 0 0 0 0 0 0 20 0 5 5 0 0 0 0 0 0 0 3 0 3 3 0 0 0 0 0 0 0 3 0 3 3 0 0 0 0 0 0 0 20 0 5 5 0 0 0 0 0 0 0 22 0 7 7 0 0 0 0 0 0 0 20 0 5 5 0 0 0 0 0 0 0 21 0 6 6 0 0 0 0 0 0 0 22 0 7 7 0 0 0 0 0 0 0 21 0 6 6 0 0 0 0 0 0 0 23 0 8 8 0 0 0 0 0 0 0 22 0 7 7 0 0 0 0 0 0 0 21 0 6 6 0 0 0 0 0 0 0 43 0 10 10 0 0 0 0 0 0 0 23 0 8 8 0 0 0 0 0 0 0 98 0 23 23 0 0 0 0 0 0 0 23 0 8 8 0 0 0 0 0 0 0 102 0 24 24 0 0 0 0 0 0 0 103 0 25 25 0 0 0 0 0 0 0 23 0 8 8 0 0 0 0 0 0 0 55 0 13 13 0 0 0 0 0 0 0 102 0 24 24 0 0 0 0 0 0 0 23 0 8 8 0 0 0 0 0 0 0 103 0 25 25 0 0 0 0 0 0 0 81 0 21 21 0 0 0 0 0 0 0 23 0 8 8 0 0 0 0 0 0 0 98 0 23 23 0 0 0 0 0 0 0 80 0 20 20 0 0 0 0 0 0 0 23 0 8 8 0 0 0 0 0 0 0 81 0 21 21 0 0 0 0 0 0 0 43 0 10 10 0 0 0 0 0 0 0 47 0 11 11 0 0 0 0 0 0 0 23 0 8 8 0 0 0 0 0 0 0 48 0 12 12 0 0 0 0 0 0 0 55 0 13 13 0 0 0 0 0 0 0 23 0 8 8 0 0 0 0 0 0 0 47 0 11 11 0 0 0 0 0 0 0 48 0 12 12 0 0 0 0 0 0 0 23 0 8 8 0 0 0 0 0 0 0 79 0 19 19 0 0 0 0 0 0 0 62 0 17 17 0 0 0 0 0 0 0 80 0 20 20 0 0 0 0 0 0 0 79 0 19 19 0 0 0 0 0 0 0 80 0 20 20 0 0 0 0 0 0 0 81 0 21 21 0 0 0 0 0 0 0 91 0 22 22 0 0 0 0 0 0 0 62 0 17 17 0 0 0 0 0 0 0 79 0 19 19 0 0 0 0 0 0 0 61 0 16 16 0 0 0 0 0 0 0 62 0 17 17 0 0 0 0 0 0 0 91 0 22 22 0 0 0 0 0 0 0 61 0 16 16 0 0 0 0 0 0 0 60 0 15 15 0 0 0 0 0 0 0 62 0 17 17 0 0 0 0 0 0 0 59 0 14 14 0 0 0 0 0 0 0 60 0 15 15 0 0 0 0 0 0 0 61 0 16 16 0 0 0 0 0 0 0 4 1 2 2 0 0 0 0 0 0 0 5 1 3 3 0 0 0 0 0 0 0 6 1 2 2 0 0 0 0 0 0 0 24 1 7 7 0 0 0 0 0 0 0 5 1 3 3 0 0 0 0 0 0 0 25 1 7 7 0 0 0 0 0 0 0 7 1 3 3 0 0 0 0 0 0 0 5 1 3 3 0 0 0 0 0 0 0 24 1 7 7 0 0 0 0 0 0 0 6 1 2 2 0 0 0 0 0 0 0 5 1 3 3 0 0 0 0 0 0 0 7 1 3 3 0 0 0 0 0 0 0 24 1 7 7 0 0 0 0 0 0 0 25 1 7 7 0 0 0 0 0 0 0 26 1 8 8 0 0 0 0 0 0 0 26 1 8 8 0 0 0 0 0 0 0 25 1 7 7 0 0 0 0 0 0 0 27 1 8 8 0 0 0 0 0 0 0 83 1 20 20 0 0 0 0 0 0 0 26 1 8 8 0 0 0 0 0 0 0 27 1 8 8 0 0 0 0 0 0 0 82 1 20 20 0 0 0 0 0 0 0 26 1 8 8 0 0 0 0 0 0 0 83 1 20 20 0 0 0 0 0 0 0 65 1 17 17 0 0 0 0 0 0 0 82 1 20 20 0 0 0 0 0 0 0 83 1 20 20 0 0 0 0 0 0 0 66 1 17 17 0 0 0 0 0 0 0 82 1 20 20 0 0 0 0 0 0 0 65 1 17 17 0 0 0 0 0 0 0 65 1 17 17 0 0 0 0 0 0 0 64 1 15 15 0 0 0 0 0 0 0 66 1 17 17 0 0 0 0 0 0 0 63 1 15 15 0 0 0 0 0 0 0 64 1 15 15 0 0 0 0 0 0 0 65 1 17 17 0 0 0 0 0 0 0 8 2 2 2 0 0 0 0 0 0 0 9 2 3 3 0 0 0 0 0 0 0 10 2 0 0 0 0 0 0 0 0 0 10 2 0 0 0 0 0 0 0 0 0 9 2 3 3 0 0 0 0 0 0 0 11 2 4 4 0 0 0 0 0 0 0 40 9 9 9 0 0 0 0 0 0 0 12 3 4 4 0 0 0 0 0 0 0 41 9 9 9 0 0 0 0 0 0 0 13 4 1 1 0 0 0 0 0 0 0 12 3 4 4 0 0 0 0 0 0 0 40 9 9 9 0 0 0 0 0 0 0 12 3 4 4 0 0 0 0 0 0 0 13 4 1 1 0 0 0 0 0 0 0 14 5 0 0 0 0 0 0 0 0 0 40 9 9 9 0 0 0 0 0 0 0 41 9 9 9 0 0 0 0 0 0 0 32 7 5 5 0 0 0 0 0 0 0 32 7 5 5 0 0 0 0 0 0 0 41 9 9 9 0 0 0 0 0 0 0 33 7 5 5 0 0 0 0 0 0 0 32 7 5 5 0 0 0 0 0 0 0 33 7 5 5 0 0 0 0 0 0 0 34 8 6 6 0 0 0 0 0 0 0 34 8 6 6 0 0 0 0 0 0 0 33 7 5 5 0 0 0 0 0 0 0 35 8 6 6 0 0 0 0 0 0 0 34 8 6 6 0 0 0 0 0 0 0 35 8 6 6 0 0 0 0 0 0 0 45 10 10 10 0 0 0 0 0 0 0 45 10 10 10 0 0 0 0 0 0 0 35 8 6 6 0 0 0 0 0 0 0 46 10 10 10 0 0 0 0 0 0 0 45 10 10 10 0 0 0 0 0 0 0 46 10 10 10 0 0 0 0 0 0 0 51 11 11 11 0 0 0 0 0 0 0 51 11 11 11 0 0 0 0 0 0 0 46 10 10 10 0 0 0 0 0 0 0 52 11 11 11 0 0 0 0 0 0 0 51 11 11 11 0 0 0 0 0 0 0 52 11 11 11 0 0 0 0 0 0 0 53 12 12 12 0 0 0 0 0 0 0 53 12 12 12 0 0 0 0 0 0 0 52 11 11 11 0 0 0 0 0 0 0 54 12 12 12 0 0 0 0 0 0 0 53 12 12 12 0 0 0 0 0 0 0 54 12 12 12 0 0 0 0 0 0 0 57 13 13 13 0 0 0 0 0 0 0 57 13 13 13 0 0 0 0 0 0 0 54 12 12 12 0 0 0 0 0 0 0 58 13 13 13 0 0 0 0 0 0 0 109 23 25 25 0 0 0 0 0 0 0 57 13 13 13 0 0 0 0 0 0 0 58 13 13 13 0 0 0 0 0 0 0 107 23 25 25 0 0 0 0 0 0 0 57 13 13 13 0 0 0 0 0 0 0 109 23 25 25 0 0 0 0 0 0 0 108 22 24 24 0 0 0 0 0 0 0 107 23 25 25 0 0 0 0 0 0 0 109 23 25 25 0 0 0 0 0 0 0 106 22 24 24 0 0 0 0 0 0 0 107 23 25 25 0 0 0 0 0 0 0 108 22 24 24 0 0 0 0 0 0 0 101 21 23 23 0 0 0 0 0 0 0 106 22 24 24 0 0 0 0 0 0 0 108 22 24 24 0 0 0 0 0 0 0 100 21 23 23 0 0 0 0 0 0 0 106 22 24 24 0 0 0 0 0 0 0 101 21 23 23 0 0 0 0 0 0 0 90 19 21 21 0 0 0 0 0 0 0 100 21 23 23 0 0 0 0 0 0 0 101 21 23 23 0 0 0 0 0 0 0 88 19 21 21 0 0 0 0 0 0 0 100 21 23 23 0 0 0 0 0 0 0 90 19 21 21 0 0 0 0 0 0 0 89 18 19 19 0 0 0 0 0 0 0 88 19 21 21 0 0 0 0 0 0 0 90 19 21 21 0 0 0 0 0 0 0 87 18 19 19 0 0 0 0 0 0 0 88 19 21 21 0 0 0 0 0 0 0 89 18 19 19 0 0 0 0 0 0 0 96 20 22 22 0 0 0 0 0 0 0 87 18 19 19 0 0 0 0 0 0 0 89 18 19 19 0 0 0 0 0 0 0 95 20 22 22 0 0 0 0 0 0 0 87 18 19 19 0 0 0 0 0 0 0 96 20 22 22 0 0 0 0 0 0 0 74 16 18 18 0 0 0 0 0 0 0 95 20 22 22 0 0 0 0 0 0 0 96 20 22 22 0 0 0 0 0 0 0 72 15 16 16 0 0 0 0 0 0 0 95 20 22 22 0 0 0 0 0 0 0 74 16 18 18 0 0 0 0 0 0 0 73 14 14 14 0 0 0 0 0 0 0 72 15 16 16 0 0 0 0 0 0 0 74 16 18 18 0 0 0 0 0 0 0 71 14 14 14 0 0 0 0 0 0 0 72 15 16 16 0 0 0 0 0 0 0 73 14 14 14 0 0 0 0 0 0 0 14 5 0 0 0 0 0 0 0 0 0 13 4 1 1 0 0 0 0 0 0 0 15 5 0 0 0 0 0 0 0 0 0 16 6 0 0 0 0 0 0 0 0 0 17 6 0 0 0 0 0 0 0 0 0 18 6 2 2 0 0 0 0 0 0 0 18 6 2 2 0 0 0 0 0 0 0 17 6 0 0 0 0 0 0 0 0 0 19 6 2 2 0 0 0 0 0 0 0 28 2 5 5 0 0 0 0 0 0 0 9 2 3 3 0 0 0 0 0 0 0 29 2 7 7 0 0 0 0 0 0 0 42 2 9 9 0 0 0 0 0 0 0 9 2 3 3 0 0 0 0 0 0 0 28 2 5 5 0 0 0 0 0 0 0 28 2 5 5 0 0 0 0 0 0 0 29 2 7 7 0 0 0 0 0 0 0 30 2 6 6 0 0 0 0 0 0 0 30 2 6 6 0 0 0 0 0 0 0 31 2 8 8 0 0 0 0 0 0 0 44 2 10 10 0 0 0 0 0 0 0 29 2 7 7 0 0 0 0 0 0 0 31 2 8 8 0 0 0 0 0 0 0 30 2 6 6 0 0 0 0 0 0 0 31 2 8 8 0 0 0 0 0 0 0 99 2 23 23 0 0 0 0 0 0 0 104 2 24 24 0 0 0 0 0 0 0 105 2 25 25 0 0 0 0 0 0 0 56 2 13 13 0 0 0 0 0 0 0 31 2 8 8 0 0 0 0 0 0 0 104 2 24 24 0 0 0 0 0 0 0 105 2 25 25 0 0 0 0 0 0 0 31 2 8 8 0 0 0 0 0 0 0 85 2 21 21 0 0 0 0 0 0 0 99 2 23 23 0 0 0 0 0 0 0 31 2 8 8 0 0 0 0 0 0 0 85 2 21 21 0 0 0 0 0 0 0 31 2 8 8 0 0 0 0 0 0 0 86 2 20 20 0 0 0 0 0 0 0 31 2 8 8 0 0 0 0 0 0 0 49 2 11 11 0 0 0 0 0 0 0 44 2 10 10 0 0 0 0 0 0 0 50 2 12 12 0 0 0 0 0 0 0 31 2 8 8 0 0 0 0 0 0 0 56 2 13 13 0 0 0 0 0 0 0 49 2 11 11 0 0 0 0 0 0 0 31 2 8 8 0 0 0 0 0 0 0 50 2 12 12 0 0 0 0 0 0 0 69 2 17 17 0 0 0 0 0 0 0 84 2 19 19 0 0 0 0 0 0 0 86 2 20 20 0 0 0 0 0 0 0 84 2 19 19 0 0 0 0 0 0 0 85 2 21 21 0 0 0 0 0 0 0 86 2 20 20 0 0 0 0 0 0 0 97 2 22 22 0 0 0 0 0 0 0 84 2 19 19 0 0 0 0 0 0 0 69 2 17 17 0 0 0 0 0 0 0 37 2 4 4 0 0 0 0 0 0 0 38 2 3 3 0 0 0 0 0 0 0 39 2 9 9 0 0 0 0 0 0 0 67 2 15 15 0 0 0 0 0 0 0 68 2 14 14 0 0 0 0 0 0 0 69 2 17 17 0 0 0 0 0 0 0 69 2 17 17 0 0 0 0 0 0 0 68 2 14 14 0 0 0 0 0 0 0 70 2 18 18 0 0 0 0 0 0 0 75 17 14 14 0 0 0 0 0 0 0 76 17 15 15 0 0 0 0 0 0 0 77 17 14 14 0 0 0 0 0 0 0 77 17 14 14 0 0 0 0 0 0 0 76 17 15 15 0 0 0 0 0 0 0 78 17 15 15 0 0 0 0 0 0 0 92 2 18 18 0 0 0 0 0 0 0 93 2 22 22 0 0 0 0 0 0 0 94 2 17 17 0 0 0 0 0 0 0 110 0 26 26 0 0 0 0 0 0 0 111 0 27 27 0 0 0 0 0 0 0 112 0 28 28 0 0 0 0 0 0 0 111 0 27 27 0 0 0 0 0 0 0 146 0 35 35 0 0 0 0 0 0 0 113 0 29 29 0 0 0 0 0 0 0 112 0 28 28 0 0 0 0 0 0 0 111 0 27 27 0 0 0 0 0 0 0 113 0 29 29 0 0 0 0 0 0 0 146 0 35 35 0 0 0 0 0 0 0 130 0 31 31 0 0 0 0 0 0 0 113 0 29 29 0 0 0 0 0 0 0 113 0 29 29 0 0 0 0 0 0 0 130 0 31 31 0 0 0 0 0 0 0 132 0 33 33 0 0 0 0 0 0 0 130 0 31 31 0 0 0 0 0 0 0 131 0 32 32 0 0 0 0 0 0 0 132 0 33 33 0 0 0 0 0 0 0 131 0 32 32 0 0 0 0 0 0 0 133 0 34 34 0 0 0 0 0 0 0 132 0 33 33 0 0 0 0 0 0 0 131 0 32 32 0 0 0 0 0 0 0 154 0 36 36 0 0 0 0 0 0 0 133 0 34 34 0 0 0 0 0 0 0 210 0 49 49 0 0 0 0 0 0 0 133 0 34 34 0 0 0 0 0 0 0 214 0 50 50 0 0 0 0 0 0 0 215 0 51 51 0 0 0 0 0 0 0 133 0 34 34 0 0 0 0 0 0 0 166 0 39 39 0 0 0 0 0 0 0 214 0 50 50 0 0 0 0 0 0 0 133 0 34 34 0 0 0 0 0 0 0 215 0 51 51 0 0 0 0 0 0 0 192 0 47 47 0 0 0 0 0 0 0 133 0 34 34 0 0 0 0 0 0 0 210 0 49 49 0 0 0 0 0 0 0 191 0 46 46 0 0 0 0 0 0 0 133 0 34 34 0 0 0 0 0 0 0 192 0 47 47 0 0 0 0 0 0 0 154 0 36 36 0 0 0 0 0 0 0 158 0 37 37 0 0 0 0 0 0 0 133 0 34 34 0 0 0 0 0 0 0 159 0 38 38 0 0 0 0 0 0 0 166 0 39 39 0 0 0 0 0 0 0 133 0 34 34 0 0 0 0 0 0 0 158 0 37 37 0 0 0 0 0 0 0 159 0 38 38 0 0 0 0 0 0 0 133 0 34 34 0 0 0 0 0 0 0 190 0 45 45 0 0 0 0 0 0 0 173 0 43 43 0 0 0 0 0 0 0 191 0 46 46 0 0 0 0 0 0 0 190 0 45 45 0 0 0 0 0 0 0 191 0 46 46 0 0 0 0 0 0 0 192 0 47 47 0 0 0 0 0 0 0 202 0 48 48 0 0 0 0 0 0 0 173 0 43 43 0 0 0 0 0 0 0 190 0 45 45 0 0 0 0 0 0 0 172 0 42 42 0 0 0 0 0 0 0 173 0 43 43 0 0 0 0 0 0 0 202 0 48 48 0 0 0 0 0 0 0 172 0 42 42 0 0 0 0 0 0 0 171 0 41 41 0 0 0 0 0 0 0 173 0 43 43 0 0 0 0 0 0 0 170 0 40 40 0 0 0 0 0 0 0 171 0 41 41 0 0 0 0 0 0 0 172 0 42 42 0 0 0 0 0 0 0 114 1 28 28 0 0 0 0 0 0 0 115 1 29 29 0 0 0 0 0 0 0 116 1 28 28 0 0 0 0 0 0 0 134 1 33 33 0 0 0 0 0 0 0 115 1 29 29 0 0 0 0 0 0 0 135 1 33 33 0 0 0 0 0 0 0 117 1 29 29 0 0 0 0 0 0 0 115 1 29 29 0 0 0 0 0 0 0 134 1 33 33 0 0 0 0 0 0 0 116 1 28 28 0 0 0 0 0 0 0 115 1 29 29 0 0 0 0 0 0 0 117 1 29 29 0 0 0 0 0 0 0 134 1 33 33 0 0 0 0 0 0 0 135 1 33 33 0 0 0 0 0 0 0 136 1 34 34 0 0 0 0 0 0 0 136 1 34 34 0 0 0 0 0 0 0 135 1 33 33 0 0 0 0 0 0 0 137 1 34 34 0 0 0 0 0 0 0 194 1 46 46 0 0 0 0 0 0 0 136 1 34 34 0 0 0 0 0 0 0 137 1 34 34 0 0 0 0 0 0 0 193 1 46 46 0 0 0 0 0 0 0 136 1 34 34 0 0 0 0 0 0 0 194 1 46 46 0 0 0 0 0 0 0 176 1 43 43 0 0 0 0 0 0 0 193 1 46 46 0 0 0 0 0 0 0 194 1 46 46 0 0 0 0 0 0 0 177 1 43 43 0 0 0 0 0 0 0 193 1 46 46 0 0 0 0 0 0 0 176 1 43 43 0 0 0 0 0 0 0 176 1 43 43 0 0 0 0 0 0 0 175 1 41 41 0 0 0 0 0 0 0 177 1 43 43 0 0 0 0 0 0 0 174 1 41 41 0 0 0 0 0 0 0 175 1 41 41 0 0 0 0 0 0 0 176 1 43 43 0 0 0 0 0 0 0 118 2 28 28 0 0 0 0 0 0 0 119 2 29 29 0 0 0 0 0 0 0 120 2 26 26 0 0 0 0 0 0 0 120 2 26 26 0 0 0 0 0 0 0 119 2 29 29 0 0 0 0 0 0 0 121 2 30 30 0 0 0 0 0 0 0 122 3 30 30 0 0 0 0 0 0 0 123 4 27 27 0 0 0 0 0 0 0 124 5 26 26 0 0 0 0 0 0 0 124 5 26 26 0 0 0 0 0 0 0 123 4 27 27 0 0 0 0 0 0 0 125 5 26 26 0 0 0 0 0 0 0 126 6 26 26 0 0 0 0 0 0 0 127 6 26 26 0 0 0 0 0 0 0 128 6 28 28 0 0 0 0 0 0 0 128 6 28 28 0 0 0 0 0 0 0 127 6 26 26 0 0 0 0 0 0 0 129 6 28 28 0 0 0 0 0 0 0 138 2 31 31 0 0 0 0 0 0 0 153 2 29 29 0 0 0 0 0 0 0 139 2 33 33 0 0 0 0 0 0 0 152 2 35 35 0 0 0 0 0 0 0 153 2 29 29 0 0 0 0 0 0 0 138 2 31 31 0 0 0 0 0 0 0 138 2 31 31 0 0 0 0 0 0 0 139 2 33 33 0 0 0 0 0 0 0 140 2 32 32 0 0 0 0 0 0 0 140 2 32 32 0 0 0 0 0 0 0 141 2 34 34 0 0 0 0 0 0 0 155 2 36 36 0 0 0 0 0 0 0 139 2 33 33 0 0 0 0 0 0 0 141 2 34 34 0 0 0 0 0 0 0 140 2 32 32 0 0 0 0 0 0 0 141 2 34 34 0 0 0 0 0 0 0 211 2 49 49 0 0 0 0 0 0 0 216 2 50 50 0 0 0 0 0 0 0 217 2 51 51 0 0 0 0 0 0 0 167 2 39 39 0 0 0 0 0 0 0 141 2 34 34 0 0 0 0 0 0 0 216 2 50 50 0 0 0 0 0 0 0 217 2 51 51 0 0 0 0 0 0 0 141 2 34 34 0 0 0 0 0 0 0 196 2 47 47 0 0 0 0 0 0 0 211 2 49 49 0 0 0 0 0 0 0 141 2 34 34 0 0 0 0 0 0 0 196 2 47 47 0 0 0 0 0 0 0 141 2 34 34 0 0 0 0 0 0 0 197 2 46 46 0 0 0 0 0 0 0 141 2 34 34 0 0 0 0 0 0 0 160 2 37 37 0 0 0 0 0 0 0 155 2 36 36 0 0 0 0 0 0 0 161 2 38 38 0 0 0 0 0 0 0 141 2 34 34 0 0 0 0 0 0 0 167 2 39 39 0 0 0 0 0 0 0 160 2 37 37 0 0 0 0 0 0 0 141 2 34 34 0 0 0 0 0 0 0 161 2 38 38 0 0 0 0 0 0 0 209 2 43 43 0 0 0 0 0 0 0 195 2 45 45 0 0 0 0 0 0 0 197 2 46 46 0 0 0 0 0 0 0 195 2 45 45 0 0 0 0 0 0 0 196 2 47 47 0 0 0 0 0 0 0 197 2 46 46 0 0 0 0 0 0 0 208 2 48 48 0 0 0 0 0 0 0 195 2 45 45 0 0 0 0 0 0 0 209 2 43 43 0 0 0 0 0 0 0 142 7 31 31 0 0 0 0 0 0 0 151 9 35 35 0 0 0 0 0 0 0 143 7 31 31 0 0 0 0 0 0 0 150 9 35 35 0 0 0 0 0 0 0 151 9 35 35 0 0 0 0 0 0 0 142 7 31 31 0 0 0 0 0 0 0 142 7 31 31 0 0 0 0 0 0 0 143 7 31 31 0 0 0 0 0 0 0 144 8 32 32 0 0 0 0 0 0 0 150 9 35 35 0 0 0 0 0 0 0 122 3 30 30 0 0 0 0 0 0 0 151 9 35 35 0 0 0 0 0 0 0 123 4 27 27 0 0 0 0 0 0 0 122 3 30 30 0 0 0 0 0 0 0 150 9 35 35 0 0 0 0 0 0 0 144 8 32 32 0 0 0 0 0 0 0 145 8 32 32 0 0 0 0 0 0 0 156 10 36 36 0 0 0 0 0 0 0 144 8 32 32 0 0 0 0 0 0 0 143 7 31 31 0 0 0 0 0 0 0 145 8 32 32 0 0 0 0 0 0 0 156 10 36 36 0 0 0 0 0 0 0 145 8 32 32 0 0 0 0 0 0 0 157 10 36 36 0 0 0 0 0 0 0 156 10 36 36 0 0 0 0 0 0 0 157 10 36 36 0 0 0 0 0 0 0 162 11 37 37 0 0 0 0 0 0 0 162 11 37 37 0 0 0 0 0 0 0 157 10 36 36 0 0 0 0 0 0 0 163 11 37 37 0 0 0 0 0 0 0 162 11 37 37 0 0 0 0 0 0 0 163 11 37 37 0 0 0 0 0 0 0 164 12 38 38 0 0 0 0 0 0 0 164 12 38 38 0 0 0 0 0 0 0 163 11 37 37 0 0 0 0 0 0 0 165 12 38 38 0 0 0 0 0 0 0 164 12 38 38 0 0 0 0 0 0 0 165 12 38 38 0 0 0 0 0 0 0 168 13 39 39 0 0 0 0 0 0 0 168 13 39 39 0 0 0 0 0 0 0 165 12 38 38 0 0 0 0 0 0 0 169 13 39 39 0 0 0 0 0 0 0 221 23 51 51 0 0 0 0 0 0 0 168 13 39 39 0 0 0 0 0 0 0 169 13 39 39 0 0 0 0 0 0 0 219 23 51 51 0 0 0 0 0 0 0 168 13 39 39 0 0 0 0 0 0 0 221 23 51 51 0 0 0 0 0 0 0 220 22 50 50 0 0 0 0 0 0 0 219 23 51 51 0 0 0 0 0 0 0 221 23 51 51 0 0 0 0 0 0 0 218 22 50 50 0 0 0 0 0 0 0 219 23 51 51 0 0 0 0 0 0 0 220 22 50 50 0 0 0 0 0 0 0 213 21 49 49 0 0 0 0 0 0 0 218 22 50 50 0 0 0 0 0 0 0 220 22 50 50 0 0 0 0 0 0 0 212 21 49 49 0 0 0 0 0 0 0 218 22 50 50 0 0 0 0 0 0 0 213 21 49 49 0 0 0 0 0 0 0 201 19 47 47 0 0 0 0 0 0 0 212 21 49 49 0 0 0 0 0 0 0 213 21 49 49 0 0 0 0 0 0 0 199 19 47 47 0 0 0 0 0 0 0 212 21 49 49 0 0 0 0 0 0 0 201 19 47 47 0 0 0 0 0 0 0 200 18 45 45 0 0 0 0 0 0 0 199 19 47 47 0 0 0 0 0 0 0 201 19 47 47 0 0 0 0 0 0 0 198 18 45 45 0 0 0 0 0 0 0 199 19 47 47 0 0 0 0 0 0 0 200 18 45 45 0 0 0 0 0 0 0 207 20 48 48 0 0 0 0 0 0 0 198 18 45 45 0 0 0 0 0 0 0 200 18 45 45 0 0 0 0 0 0 0 206 20 48 48 0 0 0 0 0 0 0 198 18 45 45 0 0 0 0 0 0 0 207 20 48 48 0 0 0 0 0 0 0 185 16 44 44 0 0 0 0 0 0 0 206 20 48 48 0 0 0 0 0 0 0 207 20 48 48 0 0 0 0 0 0 0 183 15 42 42 0 0 0 0 0 0 0 206 20 48 48 0 0 0 0 0 0 0 185 16 44 44 0 0 0 0 0 0 0 147 2 30 30 0 0 0 0 0 0 0 148 2 29 29 0 0 0 0 0 0 0 149 2 35 35 0 0 0 0 0 0 0 178 2 41 41 0 0 0 0 0 0 0 179 2 40 40 0 0 0 0 0 0 0 180 2 43 43 0 0 0 0 0 0 0 180 2 43 43 0 0 0 0 0 0 0 179 2 40 40 0 0 0 0 0 0 0 181 2 44 44 0 0 0 0 0 0 0 182 14 40 40 0 0 0 0 0 0 0 183 15 42 42 0 0 0 0 0 0 0 184 14 40 40 0 0 0 0 0 0 0 184 14 40 40 0 0 0 0 0 0 0 183 15 42 42 0 0 0 0 0 0 0 185 16 44 44 0 0 0 0 0 0 0 186 17 40 40 0 0 0 0 0 0 0 187 17 41 41 0 0 0 0 0 0 0 188 17 40 40 0 0 0 0 0 0 0 188 17 40 40 0 0 0 0 0 0 0 187 17 41 41 0 0 0 0 0 0 0 189 17 41 41 0 0 0 0 0 0 0 203 2 44 44 0 0 0 0 0 0 0 204 2 48 48 0 0 0 0 0 0 0 205 2 43 43 0 0 0 0 0 0 0 222 0 52 52 0 0 0 0 0 0 0 223 0 53 53 0 0 0 0 0 0 0 224 0 54 54 0 0 0 0 0 0 0 223 0 53 53 0 0 0 0 0 0 0 258 0 61 61 0 0 0 0 0 0 0 225 0 55 55 0 0 0 0 0 0 0 224 0 54 54 0 0 0 0 0 0 0 223 0 53 53 0 0 0 0 0 0 0 225 0 55 55 0 0 0 0 0 0 0 258 0 61 61 0 0 0 0 0 0 0 242 0 57 57 0 0 0 0 0 0 0 225 0 55 55 0 0 0 0 0 0 0 225 0 55 55 0 0 0 0 0 0 0 242 0 57 57 0 0 0 0 0 0 0 244 0 59 59 0 0 0 0 0 0 0 242 0 57 57 0 0 0 0 0 0 0 243 0 58 58 0 0 0 0 0 0 0 244 0 59 59 0 0 0 0 0 0 0 243 0 58 58 0 0 0 0 0 0 0 245 0 60 60 0 0 0 0 0 0 0 244 0 59 59 0 0 0 0 0 0 0 243 0 58 58 0 0 0 0 0 0 0 266 0 62 62 0 0 0 0 0 0 0 245 0 60 60 0 0 0 0 0 0 0 322 0 75 75 0 0 0 0 0 0 0 245 0 60 60 0 0 0 0 0 0 0 326 0 76 76 0 0 0 0 0 0 0 327 0 77 77 0 0 0 0 0 0 0 245 0 60 60 0 0 0 0 0 0 0 278 0 65 65 0 0 0 0 0 0 0 326 0 76 76 0 0 0 0 0 0 0 245 0 60 60 0 0 0 0 0 0 0 327 0 77 77 0 0 0 0 0 0 0 304 0 73 73 0 0 0 0 0 0 0 245 0 60 60 0 0 0 0 0 0 0 322 0 75 75 0 0 0 0 0 0 0 303 0 72 72 0 0 0 0 0 0 0 245 0 60 60 0 0 0 0 0 0 0 304 0 73 73 0 0 0 0 0 0 0 266 0 62 62 0 0 0 0 0 0 0 270 0 63 63 0 0 0 0 0 0 0 245 0 60 60 0 0 0 0 0 0 0 271 0 64 64 0 0 0 0 0 0 0 278 0 65 65 0 0 0 0 0 0 0 245 0 60 60 0 0 0 0 0 0 0 270 0 63 63 0 0 0 0 0 0 0 271 0 64 64 0 0 0 0 0 0 0 245 0 60 60 0 0 0 0 0 0 0 302 0 71 71 0 0 0 0 0 0 0 285 0 69 69 0 0 0 0 0 0 0 303 0 72 72 0 0 0 0 0 0 0 302 0 71 71 0 0 0 0 0 0 0 303 0 72 72 0 0 0 0 0 0 0 304 0 73 73 0 0 0 0 0 0 0 314 0 74 74 0 0 0 0 0 0 0 285 0 69 69 0 0 0 0 0 0 0 302 0 71 71 0 0 0 0 0 0 0 284 0 68 68 0 0 0 0 0 0 0 285 0 69 69 0 0 0 0 0 0 0 314 0 74 74 0 0 0 0 0 0 0 284 0 68 68 0 0 0 0 0 0 0 283 0 67 67 0 0 0 0 0 0 0 285 0 69 69 0 0 0 0 0 0 0 282 0 66 66 0 0 0 0 0 0 0 283 0 67 67 0 0 0 0 0 0 0 284 0 68 68 0 0 0 0 0 0 0 226 1 54 54 0 0 0 0 0 0 0 227 1 55 55 0 0 0 0 0 0 0 228 1 54 54 0 0 0 0 0 0 0 246 1 59 59 0 0 0 0 0 0 0 227 1 55 55 0 0 0 0 0 0 0 247 1 59 59 0 0 0 0 0 0 0 229 1 55 55 0 0 0 0 0 0 0 227 1 55 55 0 0 0 0 0 0 0 246 1 59 59 0 0 0 0 0 0 0 228 1 54 54 0 0 0 0 0 0 0 227 1 55 55 0 0 0 0 0 0 0 229 1 55 55 0 0 0 0 0 0 0 246 1 59 59 0 0 0 0 0 0 0 247 1 59 59 0 0 0 0 0 0 0 248 1 60 60 0 0 0 0 0 0 0 248 1 60 60 0 0 0 0 0 0 0 247 1 59 59 0 0 0 0 0 0 0 249 1 60 60 0 0 0 0 0 0 0 306 1 72 72 0 0 0 0 0 0 0 248 1 60 60 0 0 0 0 0 0 0 249 1 60 60 0 0 0 0 0 0 0 305 1 72 72 0 0 0 0 0 0 0 248 1 60 60 0 0 0 0 0 0 0 306 1 72 72 0 0 0 0 0 0 0 288 1 69 69 0 0 0 0 0 0 0 305 1 72 72 0 0 0 0 0 0 0 306 1 72 72 0 0 0 0 0 0 0 289 1 69 69 0 0 0 0 0 0 0 305 1 72 72 0 0 0 0 0 0 0 288 1 69 69 0 0 0 0 0 0 0 288 1 69 69 0 0 0 0 0 0 0 287 1 67 67 0 0 0 0 0 0 0 289 1 69 69 0 0 0 0 0 0 0 286 1 67 67 0 0 0 0 0 0 0 287 1 67 67 0 0 0 0 0 0 0 288 1 69 69 0 0 0 0 0 0 0 230 2 54 54 0 0 0 0 0 0 0 231 2 55 55 0 0 0 0 0 0 0 232 2 52 52 0 0 0 0 0 0 0 232 2 52 52 0 0 0 0 0 0 0 231 2 55 55 0 0 0 0 0 0 0 233 2 56 56 0 0 0 0 0 0 0 234 3 56 56 0 0 0 0 0 0 0 235 4 53 53 0 0 0 0 0 0 0 236 5 52 52 0 0 0 0 0 0 0 236 5 52 52 0 0 0 0 0 0 0 235 4 53 53 0 0 0 0 0 0 0 237 5 52 52 0 0 0 0 0 0 0 238 6 52 52 0 0 0 0 0 0 0 239 6 52 52 0 0 0 0 0 0 0 240 6 54 54 0 0 0 0 0 0 0 240 6 54 54 0 0 0 0 0 0 0 239 6 52 52 0 0 0 0 0 0 0 241 6 54 54 0 0 0 0 0 0 0 250 2 57 57 0 0 0 0 0 0 0 265 2 55 55 0 0 0 0 0 0 0 251 2 59 59 0 0 0 0 0 0 0 264 2 61 61 0 0 0 0 0 0 0 265 2 55 55 0 0 0 0 0 0 0 250 2 57 57 0 0 0 0 0 0 0 250 2 57 57 0 0 0 0 0 0 0 251 2 59 59 0 0 0 0 0 0 0 252 2 58 58 0 0 0 0 0 0 0 252 2 58 58 0 0 0 0 0 0 0 253 2 60 60 0 0 0 0 0 0 0 267 2 62 62 0 0 0 0 0 0 0 251 2 59 59 0 0 0 0 0 0 0 253 2 60 60 0 0 0 0 0 0 0 252 2 58 58 0 0 0 0 0 0 0 253 2 60 60 0 0 0 0 0 0 0 323 2 75 75 0 0 0 0 0 0 0 328 2 76 76 0 0 0 0 0 0 0 329 2 77 77 0 0 0 0 0 0 0 279 2 65 65 0 0 0 0 0 0 0 253 2 60 60 0 0 0 0 0 0 0 328 2 76 76 0 0 0 0 0 0 0 329 2 77 77 0 0 0 0 0 0 0 253 2 60 60 0 0 0 0 0 0 0 308 2 73 73 0 0 0 0 0 0 0 323 2 75 75 0 0 0 0 0 0 0 253 2 60 60 0 0 0 0 0 0 0 308 2 73 73 0 0 0 0 0 0 0 253 2 60 60 0 0 0 0 0 0 0 309 2 72 72 0 0 0 0 0 0 0 253 2 60 60 0 0 0 0 0 0 0 272 2 63 63 0 0 0 0 0 0 0 267 2 62 62 0 0 0 0 0 0 0 273 2 64 64 0 0 0 0 0 0 0 253 2 60 60 0 0 0 0 0 0 0 279 2 65 65 0 0 0 0 0 0 0 272 2 63 63 0 0 0 0 0 0 0 253 2 60 60 0 0 0 0 0 0 0 273 2 64 64 0 0 0 0 0 0 0 321 2 69 69 0 0 0 0 0 0 0 307 2 71 71 0 0 0 0 0 0 0 309 2 72 72 0 0 0 0 0 0 0 307 2 71 71 0 0 0 0 0 0 0 308 2 73 73 0 0 0 0 0 0 0 309 2 72 72 0 0 0 0 0 0 0 320 2 74 74 0 0 0 0 0 0 0 307 2 71 71 0 0 0 0 0 0 0 321 2 69 69 0 0 0 0 0 0 0 254 7 57 57 0 0 0 0 0 0 0 263 9 61 61 0 0 0 0 0 0 0 255 7 57 57 0 0 0 0 0 0 0 262 9 61 61 0 0 0 0 0 0 0 263 9 61 61 0 0 0 0 0 0 0 254 7 57 57 0 0 0 0 0 0 0 254 7 57 57 0 0 0 0 0 0 0 255 7 57 57 0 0 0 0 0 0 0 256 8 58 58 0 0 0 0 0 0 0 262 9 61 61 0 0 0 0 0 0 0 234 3 56 56 0 0 0 0 0 0 0 263 9 61 61 0 0 0 0 0 0 0 235 4 53 53 0 0 0 0 0 0 0 234 3 56 56 0 0 0 0 0 0 0 262 9 61 61 0 0 0 0 0 0 0 256 8 58 58 0 0 0 0 0 0 0 257 8 58 58 0 0 0 0 0 0 0 268 10 62 62 0 0 0 0 0 0 0 256 8 58 58 0 0 0 0 0 0 0 255 7 57 57 0 0 0 0 0 0 0 257 8 58 58 0 0 0 0 0 0 0 268 10 62 62 0 0 0 0 0 0 0 257 8 58 58 0 0 0 0 0 0 0 269 10 62 62 0 0 0 0 0 0 0 268 10 62 62 0 0 0 0 0 0 0 269 10 62 62 0 0 0 0 0 0 0 274 11 63 63 0 0 0 0 0 0 0 274 11 63 63 0 0 0 0 0 0 0 269 10 62 62 0 0 0 0 0 0 0 275 11 63 63 0 0 0 0 0 0 0 274 11 63 63 0 0 0 0 0 0 0 275 11 63 63 0 0 0 0 0 0 0 276 12 64 64 0 0 0 0 0 0 0 276 12 64 64 0 0 0 0 0 0 0 275 11 63 63 0 0 0 0 0 0 0 277 12 64 64 0 0 0 0 0 0 0 276 12 64 64 0 0 0 0 0 0 0 277 12 64 64 0 0 0 0 0 0 0 280 13 65 65 0 0 0 0 0 0 0 280 13 65 65 0 0 0 0 0 0 0 277 12 64 64 0 0 0 0 0 0 0 281 13 65 65 0 0 0 0 0 0 0 333 23 77 77 0 0 0 0 0 0 0 280 13 65 65 0 0 0 0 0 0 0 281 13 65 65 0 0 0 0 0 0 0 331 23 77 77 0 0 0 0 0 0 0 280 13 65 65 0 0 0 0 0 0 0 333 23 77 77 0 0 0 0 0 0 0 332 22 76 76 0 0 0 0 0 0 0 331 23 77 77 0 0 0 0 0 0 0 333 23 77 77 0 0 0 0 0 0 0 330 22 76 76 0 0 0 0 0 0 0 331 23 77 77 0 0 0 0 0 0 0 332 22 76 76 0 0 0 0 0 0 0 325 21 75 75 0 0 0 0 0 0 0 330 22 76 76 0 0 0 0 0 0 0 332 22 76 76 0 0 0 0 0 0 0 324 21 75 75 0 0 0 0 0 0 0 330 22 76 76 0 0 0 0 0 0 0 325 21 75 75 0 0 0 0 0 0 0 313 19 73 73 0 0 0 0 0 0 0 324 21 75 75 0 0 0 0 0 0 0 325 21 75 75 0 0 0 0 0 0 0 311 19 73 73 0 0 0 0 0 0 0 324 21 75 75 0 0 0 0 0 0 0 313 19 73 73 0 0 0 0 0 0 0 312 18 71 71 0 0 0 0 0 0 0 311 19 73 73 0 0 0 0 0 0 0 313 19 73 73 0 0 0 0 0 0 0 310 18 71 71 0 0 0 0 0 0 0 311 19 73 73 0 0 0 0 0 0 0 312 18 71 71 0 0 0 0 0 0 0 319 20 74 74 0 0 0 0 0 0 0 310 18 71 71 0 0 0 0 0 0 0 312 18 71 71 0 0 0 0 0 0 0 318 20 74 74 0 0 0 0 0 0 0 310 18 71 71 0 0 0 0 0 0 0 319 20 74 74 0 0 0 0 0 0 0 297 16 70 70 0 0 0 0 0 0 0 318 20 74 74 0 0 0 0 0 0 0 319 20 74 74 0 0 0 0 0 0 0 295 15 68 68 0 0 0 0 0 0 0 318 20 74 74 0 0 0 0 0 0 0 297 16 70 70 0 0 0 0 0 0 0 259 2 56 56 0 0 0 0 0 0 0 260 2 55 55 0 0 0 0 0 0 0 261 2 61 61 0 0 0 0 0 0 0 290 2 67 67 0 0 0 0 0 0 0 291 2 66 66 0 0 0 0 0 0 0 292 2 69 69 0 0 0 0 0 0 0 292 2 69 69 0 0 0 0 0 0 0 291 2 66 66 0 0 0 0 0 0 0 293 2 70 70 0 0 0 0 0 0 0 294 14 66 66 0 0 0 0 0 0 0 295 15 68 68 0 0 0 0 0 0 0 296 14 66 66 0 0 0 0 0 0 0 296 14 66 66 0 0 0 0 0 0 0 295 15 68 68 0 0 0 0 0 0 0 297 16 70 70 0 0 0 0 0 0 0 298 17 66 66 0 0 0 0 0 0 0 299 17 67 67 0 0 0 0 0 0 0 300 17 66 66 0 0 0 0 0 0 0 300 17 66 66 0 0 0 0 0 0 0 299 17 67 67 0 0 0 0 0 0 0 301 17 67 67 0 0 0 0 0 0 0 315 2 70 70 0 0 0 0 0 0 0 316 2 74 74 0 0 0 0 0 0 0 317 2 69 69 0 0 0 0 0 0 0</p>
                </triangles>
            </mesh>
        </geometry>
    </library_geometries>
    <library_visual_scenes>
        <visual_scene id="Scene" name="Scene">
            <node id="main_ringShape" sid="main_ringShape" name="main_ringShape">
                <instance_geometry url="#main_ringShape-geometry">
                    <bind_material>
                        <technique_common>
                            <instance_material target="#shader_transition01" symbol="shader_transition01" />
                        </technique_common>
                    </bind_material>
                </instance_geometry>
            </node>
            <node id="floating_plateShape" sid="floating_plateShape" name="floating_plateShape">
                <instance_geometry url="#floating_plateShape-geometry">
                    <bind_material>
                        <technique_common>
                            <instance_material target="#shader_transition01" symbol="shader_transition01" />
                        </technique_common>
                    </bind_material>
                </instance_geometry>
            </node>
        </visual_scene>
    </library_visual_scenes>
    <scene>
        <instance_visual_scene url="#Scene" />
    </scene>
</COLLADA>